age,height,weight,heart_rate,vo2_max,workout_duration,workout_type
56,56.4,178.6,144,34.3,87,Strength
46,88.3,187.3,149,37.7,73,Yoga
32,50,168.9,145,37.7,76,Strength
25,70.8,165.1,129,47.5,42,Cardio
38,76.1,173,70,40.2,79,Strength
56,52.7,190.9,73,55.7,92,Strength
36,98.7,196.5,119,59.7,107,HIIT
40,61.3,177.3,95,40.3,104,HIIT
28,65.2,183.1,163,51.2,74,Yoga
28,65.2,195.2,100,49.7,99,HIIT
41,61.5,154.9,61,35.8,82,HIIT
53,50.1,161.6,116,57.5,75,HIIT
57,86.5,185.4,166,36,74,Strength
41,98.3,191.2,119,52.1,44,Strength
20,61.2,192.9,79,40.4,45,HIIT
39,83.2,170.8,81,41,68,Cardio
19,87.1,154.5,162,43.7,82,HIIT
41,92.4,171.9,63,55.9,64,Cardio
47,71.1,161.5,115,34.2,92,Strength
55,65.1,164.6,152,31.6,98,Cardio
19,66.3,188.6,169,42.1,58,Strength
38,85.6,153.8,117,31.7,116,Cardio
50,90.8,191.4,147,50.6,84,Strength
29,59.1,171.4,124,52.8,88,Strength
39,68.5,179.8,147,55.6,75,HIIT
42,95.1,154.5,117,52.3,28,Yoga
44,90.3,166.9,89,57.5,89,Yoga
59,99.2,154.5,135,52.4,47,Strength
45,87.7,198.1,78,58.1,64,HIIT
33,69.7,190.4,160,35.8,45,Yoga
32,79.5,173,121,45,47,Yoga
20,83.1,161.2,163,59.8,59,HIIT
54,53.9,196.7,166,50.4,34,HIIT
24,77.2,167.2,177,56.4,25,Yoga
38,85.5,158,127,30.9,46,Yoga
26,58.4,178.2,138,56.2,57,Cardio
56,89,197.2,143,50.9,87,Cardio
35,79.2,150.2,103,35.1,94,Strength
21,97.6,161.9,143,30.8,104,Yoga
42,52.1,196.9,177,37.8,83,HIIT
31,63.3,158.6,178,57.5,49,HIIT
26,80.1,155.7,120,50,101,Yoga
43,64.8,178.5,80,57.6,118,Strength
19,85.7,193.1,69,43.4,22,HIIT
37,88,173.9,89,58.1,81,Yoga
45,55.1,199.7,83,43.9,31,Yoga
24,75.7,184,107,36.1,110,Strength
25,75.4,153.7,114,34.5,49,Yoga
52,68.5,199.6,163,59.8,104,HIIT
31,96.6,170.4,111,40,57,Cardio
34,91.4,164.4,163,34.8,104,Strength
53,84.9,177.9,97,30.3,79,Yoga
57,85.7,165.2,126,38.6,57,Strength
21,73.1,154.3,152,56.7,34,Yoga
19,96,150.1,67,46,37,Cardio
23,84.7,172.5,88,49,71,Strength
59,86.4,191.8,178,57.7,48,Yoga
21,93.1,178.6,69,45.4,79,Cardio
46,63.7,200,128,55.1,40,HIIT
35,90.4,164.3,134,39.7,36,Yoga
43,59.8,164,127,59.3,37,Cardio
51,67.3,158,108,32.4,76,Cardio
27,66.8,158.2,117,51.7,56,Strength
53,98.9,164.3,94,49.8,79,Yoga
31,92.8,189.6,109,35.8,57,HIIT
48,85.1,195.3,99,41.7,31,Yoga
32,86.4,198.8,179,39.4,94,Cardio
25,78.1,161.6,71,32.8,103,HIIT
31,97.4,194.1,144,47.5,92,Cardio
40,74.8,166.4,75,59.8,20,Strength
57,69,155.6,137,46.8,77,Yoga
38,58.2,193.5,144,46.4,22,Cardio
33,89.3,181.8,107,31.2,82,Cardio
35,86.7,158.2,150,34.2,40,Yoga
41,69.2,171.5,159,45.4,42,HIIT
43,51.3,164.4,60,59.6,28,Cardio
42,91.9,186.8,124,56.3,102,Yoga
58,50.6,172.7,81,40.2,74,Strength
46,85.2,199.5,74,46.3,38,Strength
32,98.5,152.7,175,46.6,81,Yoga
18,71.9,167.8,143,50.6,106,Cardio
42,61.7,174.1,126,50.6,110,Yoga
24,85.2,175.2,73,53.7,110,Yoga
26,90.9,165.8,132,30.7,58,Cardio
41,77.3,186.5,78,58.3,119,HIIT
18,98.4,193.7,99,32.1,95,HIIT
25,52.6,196.9,157,44.3,46,Strength
41,75.2,190.3,63,57.6,65,HIIT
28,85.9,192.5,92,44.6,53,Yoga
34,93.1,177.5,102,31.9,52,Cardio
25,59,191.3,96,36.9,111,Strength
52,90,165.2,125,47.4,114,HIIT
52,77.6,169.9,86,32.6,115,Yoga
50,69.8,165.8,104,42.7,69,Strength
22,56.6,173.4,140,39.9,39,Cardio
59,93.3,164.3,172,54.5,59,HIIT
56,57.9,198.1,109,33.3,118,Yoga
58,65.5,165.6,176,50.5,114,Cardio
45,64.5,154.9,154,42.2,77,Yoga
24,93.6,176.3,122,47.6,50,Yoga
26,83.6,152.9,164,36.2,57,Yoga
25,89.8,155.5,65,48.3,105,Cardio
29,62.5,161,175,50.2,64,Strength
51,81.2,173.2,154,32.1,60,Yoga
50,78.6,171.7,126,54.7,28,Strength
40,91.6,190,163,55.8,28,Strength
41,95.3,187,126,31.9,82,HIIT
54,50.6,171.3,156,48.1,98,HIIT
52,83.7,166.7,175,47.8,96,Strength
57,52.6,165.8,118,30.4,41,HIIT
39,77.4,188.7,72,40.3,35,HIIT
44,64.4,152.6,80,59.1,51,Strength
52,65.3,150.6,123,46.7,85,Cardio
18,67.6,189.8,96,58,109,HIIT
52,81.1,173.9,139,50.3,33,HIIT
54,66.7,156.5,144,30.9,57,Cardio
31,86.6,161.8,179,32.3,117,Cardio
20,70.2,196.6,107,51.7,27,Cardio
18,53.4,193,115,46.6,119,Strength
22,89.2,185.5,103,33.8,40,Cardio
43,64.3,174.1,72,48.4,75,Strength
31,71.6,176,63,54.3,65,Yoga
56,84.3,198.8,154,52.6,62,Yoga
44,66.6,198.3,132,37.4,111,Cardio
26,52.8,160.8,171,37.7,65,Cardio
32,68.7,190.6,92,59,67,Yoga
32,97.2,159.9,96,56.6,89,Strength
43,82.1,160.7,112,39.6,103,Strength
59,83.6,183.8,160,54.7,50,Cardio
30,81.6,170.3,83,34.9,52,Cardio
49,59.9,196.6,148,35.9,63,Cardio
56,70.9,154.5,110,35.4,90,Yoga
49,87.5,175.6,100,32.6,27,HIIT
21,55.1,195.9,88,55.6,92,Cardio
47,63.9,195.2,118,47.4,21,Strength
54,63.8,157.8,99,37.8,36,HIIT
40,71.6,168.3,110,55.5,71,Strength
56,99,181,109,54.1,64,HIIT
32,53.4,158,170,33,56,Yoga
46,75.9,198.4,95,49.3,61,HIIT
53,59,195.7,138,51.7,63,Strength
30,98.5,158.3,168,51.5,100,HIIT
49,55.7,156.1,119,51.7,57,Yoga
24,70.2,154.3,77,35.1,118,Strength
39,86.9,195.5,79,39.5,113,Cardio
45,85.2,159.7,64,55.3,25,HIIT
19,71.1,170.8,77,57,87,Strength
59,67.3,172.4,99,38.4,70,HIIT
23,69.9,180,60,30.7,54,Yoga
45,63.2,153.6,78,55.8,77,Strength
45,60.3,161.3,146,41.3,76,Cardio
37,74.2,196.6,85,39.9,92,Cardio
47,63.4,195.4,172,40.4,25,HIIT
28,64.4,189.1,88,42.5,32,Yoga
45,82.8,151,118,41.3,78,Yoga
42,98.4,166.4,122,47,105,HIIT
56,80.2,181.4,157,32.4,111,Strength
50,53.8,163.8,142,59.1,49,Strength
18,53.8,195.5,121,58.1,119,HIIT
44,97.6,181.7,107,58,21,Strength
30,64.9,153.6,121,56.4,77,Strength
58,54.6,195.5,77,49.8,55,Strength
20,80,197.9,125,36.6,91,HIIT
56,81.2,153.9,86,31.5,64,Cardio
23,82.4,176.6,65,33,28,Yoga
25,63.4,165.2,162,39.7,84,Cardio
44,50.8,169.6,129,45.1,96,Strength
26,98.3,159,118,59.8,69,HIIT
54,62.5,178.9,65,43.1,98,Yoga
50,83.8,197.9,90,45.7,51,Strength
59,85.3,175.2,164,50.9,117,Yoga
41,80.5,154.1,163,35.4,62,Yoga
32,65.6,181,153,58,114,Cardio
49,63.6,167,115,45.9,97,Strength
49,79.9,192.8,113,38.3,73,Yoga
41,93.3,171.7,144,58.1,66,Cardio
58,97.3,159.6,100,48.8,33,HIIT
29,55.3,159.6,167,44.5,67,Yoga
56,57.7,188.4,77,47.4,74,Strength
19,97.2,163.3,146,52.4,48,HIIT
20,86.8,188.4,161,34.6,66,Yoga
54,94.1,160.3,82,55.9,82,Yoga
34,60.1,166.1,151,58.8,38,Strength
19,79.4,173.3,95,47,110,Yoga
19,85.1,197.2,84,50.5,28,Strength
45,84,196.6,66,55.8,56,Strength
40,70.4,160.3,141,41.2,111,Strength
54,50.8,167.9,79,59.8,71,Strength
49,79.1,157.5,64,50.4,76,Yoga
50,62.7,175.5,77,42.7,107,HIIT
18,72.5,173,165,50.3,47,HIIT
36,97.9,195,163,45.7,55,Cardio
19,70,196.5,92,33.3,83,Strength
43,92,169.2,138,53.9,37,Yoga
49,59.4,174.6,94,46.9,108,Yoga
23,83.6,194.8,170,53.9,54,Cardio
49,98.9,190.3,169,34.6,87,HIIT
21,55.1,150.2,124,46.2,97,Yoga
28,50.4,166,122,53,58,Cardio
34,71.7,171.1,144,59.6,109,HIIT
55,54.6,161.5,131,56.5,27,Yoga
41,87.4,160,130,55.9,107,Strength
22,95.7,151.9,100,37.4,99,Cardio
51,71.7,182.2,109,55.1,103,Yoga
23,62.9,163.1,167,35.1,34,Cardio
39,71.7,152.6,163,35.9,26,Cardio
28,86.2,161.5,163,33.3,36,Cardio
33,50.5,190.1,89,55.7,105,Strength
50,79.5,192.6,97,33.2,105,HIIT
26,80.7,174.2,94,34.1,83,HIIT
23,81.9,170.8,125,37.4,31,Yoga
33,62.1,198.9,105,47.2,101,Strength
46,85.7,160,67,56.4,75,HIIT
20,54.6,160.8,161,42.5,65,Yoga
37,60,164.6,127,46.4,66,Yoga
53,93.9,158.6,96,35,98,Cardio
36,86.9,169,144,38,35,Strength
43,50.7,195.5,72,34,88,HIIT
20,62.4,180.8,132,42.3,21,Strength
36,60.7,170.6,104,47.7,111,Strength
37,63.5,196.7,88,38.5,73,HIIT
49,62.4,152.4,100,55.4,46,HIIT
24,53.1,160.5,115,59.4,50,Strength
58,72.9,178.3,147,33.6,60,Yoga
50,86.6,180.8,75,30.5,55,Strength
57,80.3,152,71,53.7,66,HIIT
56,83.6,170.2,125,35.7,62,Strength
35,54.1,182.5,121,40.6,84,HIIT
57,97.6,184.9,78,41.8,69,Yoga
18,91.9,181.9,89,57.5,112,Strength
28,90.3,166,75,49.8,20,Yoga
45,91.1,154.7,147,31.2,91,Strength
42,96.6,171.4,72,30.4,76,Strength
40,77.2,156.4,128,36,35,HIIT
48,60,197.4,82,39.5,47,Cardio
47,80.8,173.8,121,44.5,105,HIIT
59,87.1,165.9,179,55.1,101,Strength
52,86.9,188.3,161,39.4,41,Cardio
24,76.1,174.9,90,41.3,60,Cardio
33,53.4,165.5,112,39.9,95,Yoga
43,68.6,190.6,179,30.3,38,Strength
19,96,193.4,76,58.7,108,HIIT
18,79.2,183.7,108,34.2,69,Cardio
29,76.9,152.3,108,38.6,78,Cardio
22,63.4,178.3,126,33.9,88,HIIT
54,68.4,188.2,85,44.7,53,HIIT
49,94.8,156.8,72,58,58,Cardio
26,83.3,161.4,167,33,93,HIIT
58,89.4,194.1,97,43.2,26,Yoga
52,72.7,151,81,30.7,71,Cardio
36,81.5,187.6,144,53.1,79,Yoga
33,62.4,173.7,88,49.2,71,Strength
20,85.3,172.3,104,51,98,Yoga
37,71.4,150.4,105,44.2,43,HIIT
41,72.1,191,98,57.2,45,Cardio
50,82.5,168,128,42.3,109,Yoga
41,96.8,177,137,45.4,109,HIIT
28,53.2,183.9,141,50.9,29,HIIT
25,91.2,185.1,127,45.6,36,Yoga
53,64.6,197.8,156,35.7,97,Cardio
55,72.2,176.6,98,39.5,21,Yoga
57,51.1,170,79,32.8,96,Strength
37,65.1,197.7,136,43,46,Yoga
52,75.1,182.1,159,48.3,92,Yoga
42,52.8,164.9,168,33.6,90,Cardio
52,74.6,156.3,127,48.9,67,Yoga
42,96.4,192.1,94,56.8,93,HIIT
46,55.3,168.1,67,40.1,28,Cardio
35,88.2,183,111,36.7,105,HIIT
35,70.5,173.5,99,56.8,42,Cardio
19,82.8,159.9,172,50.8,90,Strength
52,63,180.1,170,33.2,92,Strength
33,58,153,95,42.2,46,Strength
58,58,170.7,65,50.2,107,Yoga
53,53.5,177.3,179,47.2,112,Strength
50,59.3,171.8,145,48.6,100,Cardio
21,83.2,187.4,129,47,103,Strength
50,94.1,191.4,165,53.9,90,Cardio
31,90.7,188.6,159,39.6,62,HIIT
38,84.3,151.9,132,51.3,26,Yoga
37,55.5,159.7,75,59.7,111,HIIT
25,64.5,176.8,162,41.7,102,HIIT
24,65.5,196.7,105,53.7,82,Strength
20,62.5,191.7,118,37.4,103,Strength
34,75.8,192.1,97,38.5,63,Strength
50,76.8,165.2,156,58,58,HIIT
29,67.8,171.5,77,30.8,59,Yoga
39,67.7,173.5,71,36.5,26,Yoga
39,91.4,157.9,113,44.5,89,HIIT
47,89.5,151.6,150,42.1,44,Yoga
55,65.4,197.3,106,48.9,78,HIIT
55,95.7,162,60,35.8,32,HIIT
25,97.6,162,74,32.1,105,Yoga
44,66.3,154.2,170,41.1,100,Cardio
44,67.7,196.4,150,45.7,105,Cardio
51,75.3,179,139,46.9,117,Strength
38,97.1,183.4,80,48,81,Yoga
47,93.8,195.6,60,46.5,27,Strength
50,55.1,167.3,152,37.4,64,HIIT
45,69.6,181.1,126,52.9,37,Cardio
50,77.7,151.9,71,32.6,107,Yoga
22,75.2,159.3,87,36,79,Yoga
36,59.7,191.6,98,52.2,79,Yoga
21,92.9,188.3,96,38.4,21,Cardio
52,83.8,167.5,154,44.8,85,Strength
34,91.9,168.8,119,39.8,110,Cardio
45,92.9,176.7,90,45.2,33,Strength
47,87.4,150,117,40.4,67,HIIT
46,72,162.1,156,59.8,75,HIIT
23,80.5,160.4,156,40.7,31,Strength
52,58,162.5,170,48.8,115,HIIT
58,83.7,190.3,163,56.7,111,HIIT
54,59,164,70,49.1,74,Yoga
41,84.7,159.6,169,47,47,Yoga
46,61.5,175.2,88,47.1,108,Cardio
48,55.9,193.3,148,44.9,23,Cardio
52,58.3,162.1,178,54.2,109,Cardio
50,50.1,153.9,72,31.5,55,Yoga
38,85.9,167.8,110,56.6,69,Cardio
49,86.6,187.4,167,47.6,22,Cardio
40,75.7,177.5,113,55.5,20,Yoga
50,58.1,190.8,78,30.3,36,Strength
20,54.2,198,117,56.1,90,Yoga
35,51,189.6,95,33.6,81,Strength
42,58.3,180.2,87,51.6,67,Yoga
59,94.5,174.7,127,42.5,81,Cardio
48,62.1,152,62,50.4,88,HIIT
20,67.7,199.2,161,48.8,38,HIIT
57,55.3,169.2,160,34.9,53,Strength
41,61.1,157.6,166,45.4,118,Strength
49,76,183.3,148,38.3,68,Strength
39,80.4,164.2,100,46.8,99,HIIT
40,62.3,179.3,94,52.1,66,Strength
19,52.9,179.3,152,32.4,110,Yoga
44,69.6,172.3,164,45.5,69,Yoga
59,61.7,191.8,152,48.5,108,HIIT
19,61,163.2,135,38.9,45,Yoga
43,98,172.4,158,58.6,75,Strength
34,80.8,176.9,143,45.6,97,HIIT
57,77.8,183.2,140,35.5,33,Strength
50,70.8,189.2,176,33.2,97,Yoga
26,71.4,169.7,135,46.2,44,Strength
56,77,182.3,109,41.3,119,HIIT
46,84.8,157.5,159,35.8,23,Strength
59,85.1,196.6,133,30.9,98,Yoga
43,58.6,169.2,141,47,51,Cardio
52,75,186.5,89,48,101,HIIT
42,70.6,151,131,34.3,97,Strength
41,93.5,160.3,164,48.1,84,HIIT
30,81.6,174.4,174,58.6,80,Strength
24,76.6,193.9,136,59.3,39,Cardio
53,55.8,176.4,154,56.7,93,Yoga
37,80.3,196.5,129,54.2,29,Strength
18,55.9,174.2,113,36.3,107,Strength
25,66.9,174.5,130,34.7,53,Cardio
33,57.1,156,144,43.3,80,HIIT
31,84.6,190.1,161,48.6,111,Yoga
29,60.3,162.3,166,55.5,46,Strength
40,69.6,195,172,37,59,Strength
32,94.8,195.5,110,44.4,84,Yoga
45,60.2,197.2,87,49.4,52,Cardio
51,75.4,176,123,43.4,87,HIIT
19,71,183.9,167,43.6,90,Yoga
49,50.9,188.9,144,36.8,28,HIIT
40,89.6,156.6,80,59.6,35,Cardio
39,53.5,180,147,44.3,24,Cardio
42,73.7,151.7,86,46,117,Yoga
39,78,174.9,86,36.6,42,Strength
39,81.4,157.7,136,45.4,62,Cardio
59,84.4,159.1,109,37.7,108,Cardio
23,62.7,168.3,88,36.1,76,Yoga
32,50.5,171.6,98,38.3,70,Yoga
54,86.2,181.2,116,30.1,32,Yoga
50,76.8,153.7,178,47.1,43,Cardio
25,91.8,175.2,151,41.6,30,HIIT
22,91.1,159.1,96,57,71,Cardio
56,92.2,178.7,152,31.2,36,Yoga
21,74.3,181.9,123,31.3,56,Strength
23,66.7,177.8,107,56.6,32,Strength
49,89.6,186.9,81,33.8,81,Yoga
47,72.6,166.8,159,30.1,110,Strength
52,59.2,188.3,89,35.4,103,Cardio
57,92.7,171.6,87,54.7,116,HIIT
33,94.1,174.2,82,54.1,115,Cardio
30,73.3,182.4,156,40.2,27,Yoga
59,53.8,150.9,63,50,75,Cardio
47,69.4,182.7,62,45.2,112,Strength
36,90.2,180.9,120,57.1,102,Cardio
34,95.1,165.5,155,31.7,89,HIIT
36,60.2,154.3,63,54.4,63,Strength
45,53.3,154.5,124,35.1,79,HIIT
43,93.9,196.2,71,41.7,60,HIIT
54,69.5,184.5,72,35.8,40,HIIT
43,77.1,156.4,93,51.1,105,Cardio
40,98.4,167.8,118,50.3,61,Cardio
26,53.3,179.6,152,46.4,93,Cardio
29,82.4,191.8,132,50.9,93,Cardio
18,53.7,152.2,90,49.2,48,Strength
18,68.8,161.8,130,53.3,99,Cardio
51,90.2,194.5,72,37.2,84,Strength
49,71.7,150.5,113,42.9,36,HIIT
42,99.9,160.1,61,34.5,49,Strength
57,78,198,92,42.9,45,Yoga
18,66.1,180.7,109,51.1,72,Cardio
33,61,163.1,66,50.7,38,Yoga
56,67.5,153.3,77,51.3,72,Strength
22,68.6,151.4,110,39.3,104,Cardio
39,53.4,162.2,67,49.9,36,Yoga
46,68.5,194.1,114,41,65,Cardio
20,73.2,170.8,135,58.3,104,Strength
29,86.1,186,102,40.3,72,Yoga
43,82.8,195.9,118,48.1,83,Strength
33,85.4,170.4,89,52.5,64,Yoga
54,50.4,159.6,118,57.2,68,HIIT
39,60.9,175.9,68,43.1,38,HIIT
46,83.1,195.4,151,40.8,90,HIIT
31,74.2,190.2,127,42.9,100,HIIT
45,50.3,153.3,98,39.7,84,HIIT
22,90.2,184.6,140,49.6,56,Strength
47,88.6,178.6,70,58,89,HIIT
22,77.4,195.4,61,33.8,45,Strength
29,53.3,156.1,82,46.8,21,HIIT
33,88.3,176.7,122,56.9,78,Cardio
43,79.2,194,173,33,115,HIIT
43,89.1,170.5,81,44.8,24,Cardio
38,87.6,174.1,120,56,56,Strength
56,90.2,153.5,85,57,50,HIIT
53,75.9,163.9,71,45.4,95,Yoga
50,57,166.2,91,30.7,118,Strength
47,83.6,197.3,68,33.2,113,HIIT
54,81,164.1,166,47.6,67,Strength
40,87.1,173,128,33.7,25,Yoga
27,58.5,183.6,149,34.5,34,HIIT
22,59.7,158.1,130,53.2,34,Yoga
53,94.5,174.3,152,52.5,80,HIIT
51,87.5,186.9,92,55.3,35,Cardio
48,95.4,193.3,83,33.2,39,Strength
27,87.9,181.3,148,35.9,96,Yoga
36,79.9,183.5,154,55,63,Strength
49,82.7,156.3,152,51.6,61,Yoga
18,94.5,197.3,128,54.2,65,Strength
22,78.9,156.6,97,59.7,114,Strength
21,81.6,188.7,168,55.9,53,Strength
33,57.8,163.2,70,45.6,83,Cardio
41,73.7,196.7,91,39.3,48,HIIT
33,85.8,186,123,47.1,22,Cardio
19,63.5,187.7,131,49.2,28,Strength
45,60.1,161,79,40.1,94,Yoga
49,65.7,172.2,93,53.1,94,Strength
44,62.1,180.9,170,32.8,44,HIIT
37,60.7,188.5,101,53.4,105,Cardio
41,71.2,155.2,67,31,61,HIIT
29,95.4,198.1,125,44.9,65,Yoga
52,75.4,194.5,80,55.8,92,HIIT
50,59.4,163.5,138,32.6,103,Cardio
50,53.8,191.1,129,45.5,78,Yoga
54,84.8,175.9,64,34.8,40,HIIT
29,69.1,173.1,177,56.8,93,Cardio
20,91.1,165.7,177,55,41,Cardio
18,83,179,126,58,48,Strength
50,89.8,186.5,166,56.2,82,HIIT
57,63.6,170.5,102,52.1,92,Yoga
27,84.6,181.5,75,35.5,80,Strength
46,63.2,185,158,39.1,83,HIIT
30,97,185.6,132,44.9,88,HIIT
29,81.8,152.6,94,47.7,59,Yoga
48,66.2,193,142,53.5,94,Strength
19,63.5,172.9,102,36.8,20,Strength
52,59.5,163.1,169,33.8,84,Yoga
40,84.7,162.1,157,44.5,81,Strength
34,60.9,174.2,98,34.7,73,Cardio
43,79.8,194.3,69,50.8,79,Yoga
25,63.2,168.9,133,47.3,65,HIIT
46,83.1,187.5,79,52.2,24,Yoga
43,90.7,154.8,60,31.9,41,Cardio
27,88.9,173.8,65,58.9,109,Yoga
43,88,199.6,112,30,72,HIIT
51,59.4,188.5,105,39.8,89,HIIT
58,54.4,160.5,125,50.4,51,Yoga
24,84.9,175.1,97,31.4,30,Yoga
21,68.4,161.7,92,32.5,29,Cardio
28,71.6,170.5,126,32.3,58,Cardio
46,51.6,189,159,47.4,117,HIIT
53,63,188.6,136,56.9,50,Strength
42,51.7,161.4,94,46.7,31,Strength
38,94,196.1,138,48.1,99,Strength
53,62.2,179.6,104,40.4,57,Strength
27,77.9,169,81,30.6,86,HIIT
54,51.9,175.1,166,30.6,85,Strength
26,83.3,180.3,127,56.6,71,Strength
41,66.2,178,76,33.1,24,Yoga
52,94.9,174.3,64,60,30,Strength
52,94.4,175.2,144,34.9,44,Yoga
53,66.3,158.8,116,50.2,54,HIIT
35,95,190.6,147,58.5,54,Yoga
56,99.8,177.1,154,40.9,41,Cardio
49,91.3,156.6,99,52,56,Yoga
41,92.2,188.3,176,40.5,105,Strength
40,62.5,196.6,179,39.1,74,Yoga
49,78.8,197.4,89,36.1,94,Yoga
54,53.4,168.5,101,54.6,115,HIIT
29,54.7,156.8,66,37.7,118,HIIT
30,99.9,175.9,172,38.5,114,Strength
40,66.3,155.6,130,60,91,Cardio
42,87.4,196.7,150,39.8,83,Cardio
52,90.3,159.2,147,42.7,39,Yoga
58,92.9,162.6,78,59.7,117,Cardio
47,99.9,170.3,100,41.1,23,HIIT
34,62.1,169.2,179,41,37,Strength
37,52,189.7,93,54.8,70,Strength
42,70.6,172.8,81,39.4,87,HIIT
39,56.5,158.5,111,37,39,Strength
30,51.1,163.4,174,42.7,28,Yoga
36,68,175.5,150,51,99,Strength
53,89.2,157.4,65,31.3,45,Cardio
29,78.3,180.6,133,41.2,44,Strength
58,65.6,178.3,168,40.4,87,Strength
36,82.7,185.7,154,37.3,60,HIIT
29,61.6,196.9,84,49.6,78,HIIT
26,50.7,195.6,125,38.7,64,Cardio
24,88.2,197.3,69,48.2,60,HIIT
45,81.2,162.2,133,45.1,57,Cardio
31,88.1,156.6,85,36.5,38,Yoga
48,51.9,165.1,64,38,33,Cardio
36,91.9,194.8,145,35.1,40,Strength
33,81,198.6,127,31.7,34,Cardio
22,78.2,193,178,48.6,22,Yoga
52,81.2,155.5,157,50.2,56,Strength
29,93.2,197.4,130,35,65,Cardio
42,79.3,171.2,109,48.5,35,HIIT
38,79,150.5,76,59.5,33,HIIT
53,99.5,172.1,70,32.2,28,HIIT
40,87.8,152.3,112,44.7,26,Cardio
33,72.1,177.2,109,52,33,Cardio
56,85.4,166.9,67,31.4,25,Yoga
59,69.5,173.7,151,53.3,104,Strength
56,61.4,180.7,167,59.4,34,Strength
31,79.8,193.4,179,32.7,71,Strength
48,96.4,183.1,156,54.7,91,Strength
22,96.5,171.7,175,41.4,53,Cardio
52,67.1,191,121,34.3,20,Cardio
40,76.4,195.3,148,44.8,115,Yoga
46,60.6,156,144,32.1,88,Strength
28,99.8,176.6,135,45.7,113,Cardio
35,99.1,164.2,149,30.6,105,Cardio
29,82.5,152.4,88,51.9,39,Cardio
26,90.2,183.4,161,44.6,99,Cardio
27,85.8,193.1,158,43.8,26,Strength
34,79.7,158.1,160,35.9,26,Strength
55,52.7,190.6,169,40.8,69,Cardio
24,72.7,192.7,103,35.5,21,HIIT
30,83.7,195.7,168,52.1,66,Yoga
57,83.9,163.3,104,36,33,Strength
59,68.7,195.2,88,48.5,50,Strength
26,97.1,166,172,38.4,69,HIIT
44,58.4,177.6,147,49.7,80,Strength
19,75,152.5,118,46.2,60,HIIT
22,84.5,152.2,74,42.7,33,HIIT
46,84.9,186,129,50.2,24,Cardio
54,82.4,172.2,155,42.5,94,Strength
55,63.8,162.8,103,54.6,24,Yoga
36,57.8,159.5,157,51.9,83,HIIT
25,81.8,183.5,95,46.2,48,Yoga
18,80,150,143,56.3,94,Cardio
39,59,190.3,116,54.9,24,Strength
34,85.3,154,176,46,115,Cardio
24,72.8,159.6,123,32.1,55,Cardio
42,83.4,169.3,135,47,98,Yoga
21,91.9,174.2,158,40.7,38,Yoga
53,58.5,167.7,172,46.2,83,HIIT
23,51,166,97,49.4,41,Strength
48,89,198.2,179,49.3,53,Cardio
36,80.5,182.1,76,50.2,75,HIIT
56,85,151.2,86,50.4,36,HIIT
44,91.9,171.5,76,33.3,95,Cardio
27,90.1,193.8,122,35.8,108,Cardio
43,98,165.1,70,48.9,75,HIIT
36,76.8,154.7,123,42.2,36,Cardio
56,74.4,187.9,178,52.9,93,Cardio
20,70.1,180.3,98,33.7,111,Yoga
30,57.7,178.5,61,35.7,101,Strength
45,78.6,152.7,174,46.8,37,HIIT
37,63.9,157,125,45,64,Cardio
45,96.1,181.1,113,38,115,HIIT
25,79.2,160.4,88,42.3,97,Strength
58,79.6,175.2,104,31,75,HIIT
56,67.7,177.2,147,31.1,99,HIIT
18,52.6,164.2,147,32.8,69,HIIT
20,51.6,197.4,139,47.3,77,Yoga
30,71.2,192.1,90,55.9,37,Strength
45,54.2,186.1,108,37.8,99,Strength
42,80.3,153.9,166,31,100,HIIT
50,94,155.3,68,51.3,26,HIIT
55,94.1,174.6,86,55.7,95,Strength
23,83,158,115,34.1,117,Cardio
49,60.6,198.9,164,41.6,29,Yoga
38,93.1,157.9,137,34.8,88,Strength
33,94.3,174.4,104,33.2,104,HIIT
38,59.8,168.2,148,49.4,22,Cardio
28,86.9,182,102,59,102,Cardio
54,64.3,156.5,167,50.3,63,Cardio
53,90.1,171.5,81,59.5,118,Yoga
52,99.9,163.7,158,43,89,Yoga
36,51.5,194.4,92,56.9,33,Strength
37,94.9,152,86,36.2,23,Strength
35,81.1,195.7,99,33.5,37,Strength
58,98.7,191.6,85,51.1,112,Strength
31,73.3,164.9,142,41.1,118,HIIT
32,92.4,189.5,104,39.5,71,Yoga
48,53.1,151.6,162,50.1,57,Cardio
18,66.8,198.3,104,40,99,HIIT
20,53.4,176.3,85,47.2,39,Strength
33,98.8,165.2,129,39,107,Strength
40,90.8,168.1,126,53.5,118,HIIT
28,92.6,153.3,65,39.4,63,Cardio
29,96.9,199.5,87,46,70,Yoga
27,54.3,152,126,30.7,38,Yoga
49,69.3,182.7,72,53.8,87,Cardio
33,53.6,172.1,122,48.6,116,Yoga
25,60.5,197.4,72,35.8,85,Strength
55,61.5,162.3,136,36.5,32,Strength
29,73.5,176.6,60,37.9,81,Strength
41,63.4,174.1,99,47.3,80,Strength
45,55,185.1,96,46.4,49,Cardio
25,58.4,153.4,90,38.2,117,Yoga
45,57.4,159.7,175,50.8,49,Yoga
53,98.7,160.7,76,56.7,70,HIIT
43,88,186.9,68,31.3,107,Cardio
25,98.4,159.5,168,42.5,67,Yoga
45,72,178.7,123,47.8,52,Yoga
45,63.9,160.8,116,47.6,93,HIIT
54,89.9,193.1,72,30.6,101,Strength
58,66.3,197.1,96,36.3,38,Yoga
53,65,175.9,73,31.9,90,Strength
44,61.6,167.6,134,47.1,76,HIIT
34,56.5,161.7,84,49.4,38,Yoga
26,62.8,152.5,154,34.8,107,Strength
50,67.8,163.4,137,40,98,Cardio
37,83.7,182.7,116,39.9,60,Strength
30,53.1,176.7,130,54.6,61,Strength
45,60.5,197.2,147,35.8,106,Strength
46,90.5,169.8,172,46.4,71,Strength
30,57.3,184.7,159,53.5,23,Cardio
52,67.1,174.5,101,54.9,23,HIIT
23,93.2,175.6,101,50,24,Strength
35,57.7,163.4,106,39,60,Strength
22,54.1,172.7,175,54.7,106,Yoga
42,74.2,173.5,103,52.3,80,Yoga
19,65.1,185.3,100,51.1,94,Cardio
27,78.2,197,62,32,74,Cardio
47,90.2,166.5,170,31.3,94,Cardio
22,56.9,152.1,167,50.9,32,Yoga
50,79,174.8,149,58.3,33,Strength
18,75.3,177.2,170,53.2,79,Yoga
35,57.2,158.4,149,54.9,91,HIIT
49,81.2,188,60,46.3,44,Cardio
28,63.7,199.2,138,39.1,101,Cardio
38,74.4,197.3,70,50.3,63,Cardio
43,54.1,159.9,160,51.4,101,HIIT
42,73,193.8,66,50.3,29,Strength
39,65.3,185.2,71,58.4,90,Strength
44,91.1,172.7,175,41,69,Strength
30,52.8,177,97,31.2,63,Cardio
50,70.9,192.5,113,57.3,33,Strength
51,72.9,174,126,34.8,34,Yoga
58,86.3,168.7,165,50.9,35,Cardio
52,78.7,174.7,112,56.2,21,HIIT
18,83.4,179,149,39.3,49,HIIT
38,88.9,159.5,177,54.9,49,Strength
23,93.1,195,153,40,101,Cardio
45,65.7,183.7,91,53.8,50,Yoga
34,76.9,181.7,159,32.1,96,Yoga
22,92,155,104,49.7,39,Cardio
48,99.5,180.2,110,50.3,68,Strength
22,94.5,156,96,44.7,54,HIIT
55,68.6,153.9,178,50.6,42,HIIT
20,59.8,176.4,118,57.7,116,Yoga
40,74.5,170.1,113,52,118,Yoga
54,87.1,179.4,77,58.8,119,Yoga
54,74.6,154.5,60,43.5,80,HIIT
27,74.2,171.5,176,45.8,103,Yoga
27,91.9,158.7,80,37.9,74,HIIT
36,68.1,199.4,87,59.6,86,HIIT
34,93,178.1,171,31.7,27,Strength
38,70.3,184.4,75,40.8,59,Strength
31,66.4,166.3,107,38.9,78,Strength
26,72.7,154.7,87,41.6,51,Yoga
18,88.1,198.8,81,57.5,112,HIIT
30,56.3,164.3,142,41,26,Yoga
21,59.8,171.2,171,57.5,21,HIIT
18,97.6,182.5,60,42.7,104,Strength
57,58.8,151.2,154,55.6,25,Strength
49,78.4,190.5,175,45.7,111,Yoga
51,79,176.8,175,39.3,55,HIIT
45,74.5,163.9,101,43.5,51,Yoga
48,82.2,153.1,157,42.7,64,Cardio
25,61.5,158.1,169,37.8,61,Yoga
56,77.6,194.8,163,38.7,72,Strength
43,68.6,184.3,129,35.6,28,HIIT
51,83.1,162.5,151,40.1,94,HIIT
20,57.1,153.3,62,48.7,106,Yoga
29,78.5,184.5,154,41.6,94,Strength
18,59.3,178.6,139,51.4,68,Cardio
22,63.9,170.2,140,59.6,21,Yoga
47,60.9,168.2,103,41.3,86,HIIT
47,59.1,160.8,86,43.9,30,Strength
34,91.3,183.5,110,34.9,69,HIIT
40,64.3,198.5,83,41.8,54,HIIT
32,96.4,158.8,79,51.8,34,HIIT
54,98.5,179.9,91,36.5,94,HIIT
38,78.6,171.2,158,35.5,50,Cardio
31,57.2,172.3,72,41.3,111,Strength
19,68.7,162.7,171,54.6,81,Yoga
28,89.9,191.3,102,48.7,47,Strength
56,68.4,174.3,79,58.7,115,Strength
55,54.4,177.2,171,57.1,44,Strength
51,77.8,165.2,175,34.5,103,Yoga
55,92.3,159.1,61,31.3,111,Strength
51,89.8,154.3,127,42,44,Yoga
35,58.8,185.7,150,45.7,94,Yoga
47,83.6,159.8,119,45.5,102,Cardio
32,61,184.5,148,34,111,HIIT
44,60.9,169.5,63,33.7,20,Yoga
51,93.7,170.8,155,31.4,78,HIIT
55,62.5,173.5,76,55.5,88,Strength
50,63.2,168.4,60,58.4,93,HIIT
41,50,155,92,33.5,61,HIIT
32,93.5,165.5,89,36.4,53,HIIT
47,89.6,183.2,64,32.7,119,Strength
59,81.4,183.3,177,56.3,85,Strength
34,87.5,164.3,71,58.8,37,Yoga
22,57.6,173,161,37.9,96,Yoga
46,72.9,159.7,91,39.1,24,Cardio
21,67.6,160.5,97,40.9,39,Strength
27,54.7,151.2,76,45.1,85,Cardio
34,74.3,194.8,117,50.5,94,Strength
27,96,160.5,177,45.1,81,HIIT
34,52,161.4,168,58.5,113,Cardio
37,64.6,164,99,33,115,Cardio
41,60.4,156.4,155,54,51,Cardio
22,61.9,182,83,40,77,Strength
51,95.4,153.8,71,41.3,69,Yoga
23,73.4,156.7,170,51.3,57,Cardio
19,73.3,182.2,154,57.9,74,Yoga
30,88,167,78,51.5,47,Strength
28,57.7,185.4,88,53.3,93,Cardio
40,74.4,177.9,144,52.5,105,Strength
33,71.5,162.8,149,39.6,100,Yoga
48,79.8,182.5,111,52.7,41,Yoga
28,100,155.8,151,53.5,62,Cardio
33,88.5,176.8,76,46,102,Yoga
25,69.9,171.9,132,46.1,100,HIIT
21,91.4,163.4,80,52.8,107,HIIT
57,58.5,180.2,173,54.5,55,Cardio
21,51.5,193.6,119,40.1,115,Strength
42,60.2,199.9,157,54,71,Strength
20,67,180.4,134,54.4,55,Strength
49,75.5,170.2,178,37,47,HIIT
20,80.8,161.3,79,51.5,97,Yoga
44,95.5,162.9,172,35.6,77,HIIT
46,75.5,174,112,32.8,55,Yoga
49,75.1,168.4,173,47.2,89,HIIT
36,52.5,195.7,170,57.3,28,Strength
38,51.7,168.4,162,31.1,40,Strength
22,77.6,168.7,139,54.8,83,Strength
35,71.9,169.2,122,45.2,95,Cardio
45,92,191.8,116,55.8,80,Cardio
59,58,182.5,88,55.3,113,Yoga
39,51.2,180.7,60,56.3,114,Cardio
38,72.5,166.7,141,53.1,59,HIIT
23,61.9,190.9,118,55.3,75,HIIT
18,52.5,151.9,123,35.3,23,Yoga
22,86.2,193.5,145,39.1,50,Yoga
58,55.6,175.6,131,37.3,46,Strength
29,80.4,169.9,130,52.3,77,Cardio
43,64.1,174.9,148,34.6,44,Strength
51,58.7,183.4,153,35.5,88,Cardio
31,69,150.6,157,56.4,89,Cardio
43,90.1,193.6,103,51.2,24,Yoga
44,69.6,172.3,107,56.3,110,Strength
26,87.5,167.1,164,34.2,27,Strength
43,56.3,156.9,175,42,28,Cardio
39,88.6,172,134,38.5,34,Cardio
47,61.8,174.8,74,30.3,119,Yoga
34,83.9,170.2,94,38.5,26,HIIT
43,78.3,183.9,82,41.4,115,Strength
53,96.5,171,112,32.8,91,Strength
18,69.4,198.1,104,47,34,Yoga
25,53.3,180,144,41.5,56,Yoga
52,51,190.4,151,31.4,102,Strength
32,91.3,155.5,72,51.1,58,Strength
39,76.2,169.9,93,51.9,25,Cardio
31,88.8,166.8,97,55,102,HIIT
43,61.7,178.5,129,44.6,76,Strength
45,67.3,193.1,167,59.1,111,Yoga
40,51.5,153.9,127,57.4,100,Cardio
31,98.1,153.6,64,46.5,38,Cardio
41,83.4,192.5,178,43.3,82,Yoga
19,96.7,160.6,99,30.1,50,Yoga
43,63.3,183.4,129,51.3,94,Cardio
31,80.6,177.1,80,46.9,98,Yoga
24,83.9,191.6,87,58.1,29,Cardio
20,65.9,156.3,62,47.8,106,Yoga
40,92.4,156.5,82,59.8,86,Cardio
35,97.4,177.8,131,55.6,81,Strength
55,94.2,197.3,78,58.6,22,Strength
52,87,170.7,176,39.8,37,Yoga
32,63.9,166.3,134,34.5,44,HIIT
42,64.1,180.3,109,53.9,39,Strength
54,98.2,196.5,133,53.6,77,Cardio
45,50.5,191.8,117,36.3,112,HIIT
27,85.8,199.8,151,52.9,105,Cardio
56,85.3,151.1,79,47.5,69,Cardio
34,81.1,155.6,167,33.3,98,Strength
56,99.5,180.5,175,45.1,29,Yoga
39,65.6,191,151,57.9,40,Yoga
43,67,164.3,152,45.2,48,Cardio
42,53.9,162,131,53.7,115,Strength
34,72.1,189.3,142,30.9,29,Cardio
30,63.1,152.8,112,51.8,32,HIIT
37,67.2,168.5,171,58.4,66,Cardio
42,91.7,175.3,144,45,42,Strength
21,96.8,178,141,40.1,69,Cardio
27,59.3,186.4,68,49.4,106,Strength
20,68.6,167.7,63,57.5,114,Yoga
58,96.4,180.6,100,35.3,23,Strength
35,53.1,179.3,84,42.1,86,HIIT
53,54.6,177.4,93,34.7,104,Strength
39,58.1,182,132,44.9,72,HIIT
51,79.8,163,68,46.2,21,HIIT
25,57.5,154.2,141,58.3,87,Cardio
57,98.4,156,134,42.4,84,HIIT
36,72.3,161.2,72,47,98,Strength
59,75.1,175,161,56.6,76,Yoga
58,62.3,192,68,39.6,116,Strength
54,73.5,185.1,139,50.2,89,Yoga
23,83.1,189.5,63,52.7,26,HIIT
43,87.6,167.5,93,39.9,38,Cardio
51,87.7,170.2,66,34.9,63,HIIT
23,78.9,169.7,74,45.1,82,HIIT
54,95.2,159.6,97,40.7,84,Yoga
50,90.9,153.1,134,38,58,Strength
39,87.9,179.5,155,59.2,102,Cardio
38,52.8,199.5,150,45.1,45,Cardio
23,50.3,158.3,153,55.7,63,Cardio
23,60.6,152.3,111,35.9,31,Cardio
21,83.2,189,140,58.2,41,Strength
47,70.6,162.6,159,53.8,96,Cardio
28,70.1,191.5,142,54.3,111,Yoga
47,94.2,185.2,66,41.7,33,Yoga
48,94.8,197.3,166,44.6,105,Cardio
41,95.5,170.4,104,47.8,49,Cardio
26,65.7,183.1,118,53.7,63,Strength
20,84.6,173.2,80,55.5,103,Strength
48,63.6,181.5,87,32.3,110,Cardio
57,59.5,172.5,62,57.1,57,Strength
54,59.2,159.4,73,58.1,78,HIIT
53,67.1,175.4,61,47.8,61,Cardio
41,71.5,176.4,88,35.6,71,Strength
48,91.5,190.5,77,54.6,82,Yoga
23,56,186.8,96,46.5,80,Cardio
19,86.7,183.2,104,54.5,53,Cardio
37,76.6,155.7,104,54.4,58,Yoga
45,64.4,186,83,32.6,60,Yoga
28,74.6,175,179,48.2,56,Strength
21,65,194.7,105,44.5,84,Yoga
32,79.8,196,71,58.4,98,HIIT
23,71.7,152.8,112,38.9,51,Cardio
47,58.2,191,104,36.2,27,HIIT
55,55.8,151.9,91,56.9,116,Strength
19,77.3,168.4,77,34.5,37,Yoga
32,95.1,177.1,72,50.6,64,Cardio
28,67.2,157.4,63,39,112,Yoga
25,86.7,187.3,82,47,115,Yoga
43,82.9,150.4,121,48.5,52,Strength
22,96.6,158.4,113,42.5,24,Strength
23,91,179,133,59.2,101,Strength
43,78.3,185.7,114,34,93,Strength
21,82.9,195.8,128,41.7,55,Cardio
36,94.9,185.3,173,42.9,116,HIIT
37,70,183.6,99,48.9,42,HIIT
50,66.3,169.7,73,42.2,59,Cardio
37,50.5,150.1,157,32.9,24,Yoga
29,91.3,156,87,58.4,53,Cardio
18,90,176.7,131,42.5,43,HIIT
43,55.2,183.8,139,40.3,36,HIIT
31,78.8,170.9,154,43.4,114,Cardio
55,73.2,186.5,130,36.5,90,Strength
54,55.9,176.1,126,33,100,Yoga
28,99,153.7,88,34.5,111,Cardio
53,60.7,159.6,159,35,41,HIIT
30,53.4,192,120,35.9,34,Strength
20,79.7,186.2,162,42.6,34,Yoga
50,86.9,194.7,127,48.7,44,HIIT
23,51.6,155.9,68,48.9,72,Yoga
27,82.9,199.5,178,30,40,Strength
22,76.6,160.5,76,57.6,85,HIIT
40,55.2,150.6,108,54.7,110,Strength
27,58.6,199.9,122,58.9,51,Cardio
19,78.4,164.1,143,40.8,40,Cardio
30,64.8,183.4,137,49.9,87,Yoga
57,96.9,158.8,105,35,63,Strength
19,90.9,179,152,54.5,102,Strength
37,99.2,195.2,72,34.8,85,Yoga
18,63,166,159,39.8,109,Yoga
54,98.5,183.5,104,44.7,117,Yoga
26,71.6,159.4,112,47.8,33,Cardio
34,67.4,181.2,76,46.8,34,Yoga
26,52.5,166.8,106,33.1,39,Cardio
28,52.6,160.6,121,42.7,53,Yoga
32,84.6,165.7,109,57.7,55,Strength
41,72.9,158.9,102,56.2,102,Strength
55,61.3,195.1,127,47.7,28,Yoga
52,80.7,169.9,143,47.2,90,Yoga
47,62.6,162.3,134,33.4,49,Cardio
48,78.9,172.4,165,36,96,HIIT
22,68,166,145,37.6,110,Cardio
31,91.2,187.2,168,44.6,82,Strength
28,91,198.6,177,51.9,54,Yoga
26,73.9,171.9,131,43.8,32,Strength
51,67.5,193.1,87,33.8,98,HIIT
29,68.1,178.3,104,43.2,65,Cardio
52,90.3,157.9,100,34.9,75,Strength
52,66.4,184.5,153,52.5,28,Cardio
18,60.5,175.7,156,35,106,Yoga
57,54.2,182.5,156,44.5,55,Strength
39,73.3,194.5,170,50.8,22,HIIT
46,74.1,172,177,36.8,117,Cardio
25,92,195.1,95,32.3,38,Cardio
28,61.1,187.5,150,46.9,47,HIIT
58,69,174.4,143,31.6,42,Strength
54,90.4,180.2,92,47.6,26,Strength
31,91.2,166.3,84,52.6,95,Cardio
47,69.2,199.2,167,39.9,33,HIIT
52,73,183.4,166,44.7,65,Cardio
38,65.2,152.2,78,57.9,34,Cardio
54,96.6,166.3,106,44.1,86,Yoga
22,55.9,181.2,144,59.9,34,Strength
36,96.7,152.8,165,34.7,70,Strength
31,84.2,151.2,92,51.3,107,Yoga
43,76.6,172.5,179,49.6,27,Strength
21,51.6,166.6,126,56.2,88,Strength
42,73.8,171.9,73,32.8,81,Strength
59,70.4,163.1,138,38.4,70,HIIT
42,58.1,158.2,92,34,82,Yoga
35,82.8,184.5,101,58,87,Cardio
57,98.6,175.7,145,42.8,97,HIIT
25,78.1,160,124,57.3,35,Cardio
56,85.7,166,154,38.8,103,Yoga
57,53.4,179.6,106,33.8,43,Yoga
31,70.9,153.6,94,38.9,25,Yoga
49,55.8,157.4,176,47.9,76,Strength
55,80.6,153.7,143,55.4,50,HIIT
50,96.9,190.6,91,41.6,25,Yoga
40,83.1,187.6,114,57.4,118,Cardio
32,53.8,187.7,113,37.3,98,Strength
50,67.7,185.8,135,50.8,48,Strength
42,77.5,183.5,110,52.1,86,HIIT
34,70.2,173.8,139,38.2,94,HIIT
50,91.7,182.1,118,30.8,22,HIIT
19,90.7,151.9,131,41,47,Strength
31,80.6,181.1,179,31.4,93,Yoga
57,68.7,188.9,73,57,116,Cardio
57,62.8,175,77,58.6,67,Yoga
56,55.3,167.9,114,52.1,99,Cardio
23,67.7,163.9,153,51.8,29,Yoga
23,70.7,182.1,156,37.2,52,HIIT
20,83.8,184.6,157,32.2,119,Cardio
24,82.9,193.5,115,54.1,86,Strength
25,53.5,167.1,167,46.8,88,Cardio
59,69.8,188.5,108,50.4,31,Strength
32,59.1,178.1,157,53.4,76,Yoga
46,57.8,194.1,119,42.3,63,HIIT
50,91.4,176.4,172,34.3,32,Cardio
47,52.1,175.9,112,53.9,43,Strength
56,71,178.9,130,43.6,63,Yoga
44,58.4,187.5,65,54.8,76,HIIT
53,94,198.2,129,43.1,115,HIIT
46,77.9,153.7,145,36.5,35,HIIT
55,61.6,152.7,67,35.1,115,Yoga
50,75.1,196.9,160,52.3,119,Yoga
54,86.6,176.5,74,47.2,40,Yoga
44,97.9,180.7,85,42.1,95,HIIT
50,61,174.1,98,44.8,70,Cardio
21,94.3,154.7,62,46.5,40,Strength
39,96.7,188.4,116,37.2,79,Yoga
19,95.8,187.4,69,41.3,70,Cardio
27,81.8,165.6,62,38.8,40,Strength
22,81.5,165.3,153,41.7,25,HIIT
27,70.2,191.9,105,45,92,Cardio
50,87.6,153.6,81,35.2,84,HIIT
55,76.6,194.1,126,41.8,95,Strength
30,83.9,162.8,124,41.6,77,Yoga
48,71.4,179.6,156,38.6,97,HIIT
53,86.6,196.8,78,60,25,Cardio
41,91.2,183.9,159,32.2,84,Yoga
32,57.3,170.7,121,49.3,105,Cardio
46,91.6,184.5,157,35.2,53,Strength
25,77,167.2,116,55.2,75,Strength
22,92.2,163.9,154,57.4,94,Yoga
46,71.6,199.8,166,42,22,Cardio
21,69,187.5,147,54.7,61,Cardio
29,95.8,182.2,135,37.5,81,Cardio
19,62.6,167.8,72,34.2,25,Cardio
44,92.2,152.5,75,39.5,25,Strength
48,74.2,151.6,75,40.3,82,Cardio
53,75.7,177.7,174,41.9,39,Strength
53,65.4,188.1,178,41.2,40,Cardio
43,78.7,176.9,111,42.3,21,Cardio
44,66.3,192,176,51.3,109,HIIT
22,52,151.7,143,37.4,114,HIIT
37,63.6,168.3,100,30.6,109,Cardio
28,50.3,161.9,107,44.7,75,Strength
27,98.9,172.4,150,43.4,115,Cardio
57,98.3,153.6,98,31.8,29,HIIT
55,69.8,197.7,72,34,106,Cardio
23,86.4,161.2,63,45.3,89,HIIT
25,67.3,196.1,155,37,42,Cardio
40,83.6,171.3,168,56.3,111,Yoga
43,90.3,199.3,163,35.2,49,Cardio
29,97.3,177.7,157,30.6,97,Strength
43,70,196.5,162,43.4,56,HIIT
30,89.2,150.3,102,59.6,74,Yoga
57,63.3,187.4,140,49,115,HIIT
35,99.5,195.2,147,40.6,68,HIIT
42,51.3,157,152,30.5,53,Strength
50,80.2,154.8,105,44.5,63,Cardio
57,83,171.2,151,36.2,41,Strength
29,84.4,196.7,168,49.4,50,Cardio
53,56,177.1,106,47.5,26,Yoga
21,96.9,176.4,145,38,40,Strength
22,59.1,157.1,151,32.1,35,Strength
54,81.1,150,112,52.7,39,HIIT
25,61.1,190.5,84,47.6,62,Strength
59,65.4,154.4,100,55.3,63,Cardio
45,77.3,181.7,62,37.8,66,Strength
48,70.9,195.7,136,49.6,38,Strength
26,58,160.4,154,33.6,67,Yoga
46,58.5,183.3,72,38.8,115,Cardio
31,70.9,153.9,164,49.7,98,HIIT
57,87.9,180.2,77,54.8,88,Cardio
58,94.9,158.2,96,39.6,30,Yoga
39,54.2,186.8,102,54,98,Cardio
28,69.7,165.1,93,50.3,48,Cardio
40,55,173.2,140,40.5,64,Strength
18,50.8,180,114,56.3,87,Strength
54,83.1,158.6,111,45.3,55,Cardio
38,80.1,187.1,144,49.4,67,Cardio
43,58.2,165.1,95,44.9,106,HIIT
53,61.7,183.1,113,43.6,34,Yoga
40,51.2,157.9,118,55.4,63,Strength
18,91.7,184.4,173,38.8,86,Strength
57,98.7,156.4,179,31.1,115,Strength
32,56.8,171.3,111,56.4,93,Strength
38,61.6,162.4,163,54.8,59,Cardio
26,93.4,187.4,78,41,105,Cardio
26,96.3,163.1,71,35.6,33,HIIT
27,71,194.1,151,50.3,82,Strength
43,52.5,194.6,70,32.4,100,Strength
58,52,159.8,107,42.7,104,Cardio
52,78.7,180.7,160,32.6,70,HIIT
42,69.6,154.4,151,47.9,98,Cardio
43,51.4,169.6,158,30.8,77,Strength
28,79.2,185.7,167,48.9,34,Strength
55,50.6,183,138,50.2,84,Yoga
19,89.4,181.2,75,44.6,107,Yoga
24,65.3,164.1,168,35.3,74,Yoga
35,52,168.9,130,33,95,HIIT
44,79.4,155.1,106,39.4,29,Cardio
51,69.9,186,126,44,61,Strength
44,98.7,175.2,90,49.3,114,Strength
34,77.2,185.4,135,30,30,HIIT
41,63.8,162.4,67,51.3,35,Strength
42,85.5,166.2,148,51.4,92,Strength
24,63.6,166.7,120,43.3,97,Cardio
23,95.2,151.3,103,40.3,38,Yoga
41,68.7,167.1,109,55.3,50,Yoga
50,77.5,190.2,94,53.5,92,HIIT
46,52.5,194.9,135,59.5,119,Yoga
39,71.3,175.9,120,41.2,72,Yoga
43,91.6,172.8,178,57.2,109,HIIT
45,90.3,151.5,144,32.6,27,HIIT
38,61.2,194,149,42.3,43,Yoga
24,61.3,150.7,114,44,27,Cardio
34,90.9,197.2,125,43.2,102,HIIT
37,96.5,174.5,73,48.8,67,Strength
58,54.8,167.1,169,35.1,49,HIIT
37,72.5,196.2,63,56,77,Strength
39,66.9,151.2,76,46.6,105,HIIT
45,93.5,179.1,170,57.1,74,HIIT
57,54.2,177.4,171,30.1,92,Yoga
24,60.6,161,128,48.9,81,Yoga
18,87.6,171.4,83,42.4,67,Yoga
49,52.6,182.6,108,45.2,23,Cardio
30,74.6,186.4,114,52.3,56,Yoga
47,72.1,150,130,36.8,27,Yoga
40,66.7,196.8,82,36.1,20,HIIT
36,69.7,158.2,170,51.1,111,HIIT
49,76.5,161.7,140,45.6,89,Cardio
47,58.1,163.2,71,37,66,Strength
46,78.6,151.9,70,44.5,119,HIIT
46,90.3,156.2,174,43.8,94,HIIT
47,88,199.3,134,50.7,24,Strength
33,57.7,165.8,157,30.1,69,Cardio
57,57.5,155.8,170,47.6,43,HIIT
36,63.4,155.3,160,48.2,66,Yoga
35,68.1,186,173,52.4,37,Cardio
18,70.4,192.7,88,56.7,103,Strength
31,84,162.8,121,43.2,47,Strength
19,52.8,151,112,40.3,96,Yoga
45,51.7,161.2,176,33.1,24,Yoga
47,69.6,152.8,107,40.1,49,Yoga
55,84.9,155.2,159,32.1,20,Cardio
21,59.7,171.6,150,54.1,105,Strength
18,82.1,161.5,178,54.2,101,Yoga
25,63,175.8,165,42.5,65,Yoga
46,94.3,162.7,145,37.8,88,Strength
56,94.8,197,125,33.5,50,HIIT
20,64.9,195.3,170,55.5,89,Cardio
49,61.5,178.3,159,56.3,110,HIIT
27,70.6,167.7,107,38,75,Yoga
27,62,169.1,153,48.7,108,Cardio
36,83.6,170.6,118,37.8,112,HIIT
51,91.3,186.4,130,36.8,47,Strength
50,83.7,172.6,116,30.6,35,Yoga
40,91.2,192.8,135,47.3,73,Cardio
45,69.8,197.2,62,34.5,72,Cardio
49,57.8,166.8,140,30.4,31,Cardio
24,86.9,178,164,33.1,39,Cardio
46,68,154.8,91,39.4,101,Yoga
25,83.6,160,67,50.1,53,Yoga
18,63.5,170.7,146,36.1,72,Strength
20,54.1,160.3,161,56.6,83,Strength
41,99.6,193.8,89,38.7,42,Strength
40,57.8,157.9,74,39.9,46,HIIT
25,99.4,172.8,133,36.5,36,Strength
54,98.9,180.3,114,37.6,67,Yoga
20,89.7,184.6,97,32.2,40,HIIT
50,83,169.2,74,38.8,69,Yoga
45,78.9,193.5,89,55.8,59,HIIT
25,93.3,178.4,105,50.7,114,Strength
51,64.5,172,123,56.3,22,Strength
52,73.4,153.4,85,33.1,36,Strength
49,81,173.2,174,43.7,80,HIIT
41,70.6,191,168,36.9,69,Yoga
31,71.4,180.7,137,51.6,109,Cardio
49,66.5,191.6,126,59.1,106,Yoga
33,78.2,174.7,95,54.5,25,Strength
21,92.5,155.9,149,31.1,47,HIIT
54,60.1,150.7,137,39.5,91,HIIT
38,96.7,165.2,90,30.9,74,Strength
31,84.5,184.9,137,31.2,77,HIIT
48,91.2,189.5,99,32.4,64,Strength
35,77.8,164.8,133,38.3,91,Yoga
24,89,174.8,132,39.1,38,HIIT
27,50.8,171.1,105,42,48,Cardio
24,90.9,170.5,163,42.1,42,HIIT
50,52,161.6,166,53.1,51,Strength
40,94.5,156.8,101,34.2,29,Cardio
38,99.6,159.8,77,34.7,110,Strength
36,64.7,152.8,159,48.8,68,HIIT
36,60.5,159.9,95,47.2,84,Cardio
53,88.3,150.5,135,34.6,48,Cardio
46,62.7,181.4,109,55.6,78,HIIT
35,93.3,165.8,120,39.9,64,Cardio
19,55.1,198.7,99,41,86,Yoga
18,56.3,159.7,62,42.6,70,Cardio
22,99,167.3,141,39.7,114,Cardio
37,83.7,167.9,66,46.7,30,Yoga
28,92.3,150.4,90,41.7,105,Strength
59,66.2,192,124,37.8,101,Strength
19,83.8,151.6,154,57.1,118,Yoga
20,79.7,197,123,39.3,25,Cardio
40,80.2,194.6,177,51,86,HIIT
29,84.1,176.8,136,40.4,81,Yoga
37,78.8,177.2,152,43.1,24,HIIT
22,71.5,182.7,62,37.1,28,Strength
54,63.8,169.4,152,52.6,47,Yoga
55,88.4,182.4,94,52.1,102,HIIT
47,61.3,152.2,74,30.7,111,Cardio
26,84.6,152.7,80,31.8,110,Yoga
51,61.7,172.9,121,57.7,96,HIIT
52,81.3,177.5,142,56.7,57,Yoga
39,87.4,194.4,87,45.2,62,Yoga
41,60.9,155.2,63,44.8,40,Strength
34,53,191.1,168,54.4,110,Strength
27,56.5,160.5,72,34.2,81,Cardio
47,80.3,169.7,138,49.6,65,Strength
40,92.5,165.8,110,44.3,89,Strength
49,52.2,170,107,52.3,57,Strength
34,86.7,157.5,98,30.9,68,HIIT
34,67.1,175.2,155,47.8,94,Yoga
31,73.9,190.1,126,46.7,100,Strength
26,96.4,172.1,153,55.2,58,HIIT
57,66.6,174.5,117,50.3,90,Yoga
19,73.3,192.4,143,56.4,49,Strength
42,50.7,185.3,61,56.6,40,Strength
56,54.1,174.5,173,42.2,20,Yoga
26,62.9,162.9,84,34.1,108,HIIT
39,51.4,194.2,70,48.9,51,HIIT
21,81.6,178.9,60,56.2,27,Cardio
43,71.3,161.1,107,32.2,88,Yoga
46,77.4,163.5,172,46.7,49,Cardio
51,58.7,190.2,107,33.4,27,HIIT
40,64.8,152.2,69,30.8,38,Strength
54,83.2,199.6,140,50.4,78,Cardio
28,98.3,156.5,89,50.5,74,HIIT
23,52.5,189.8,94,48,49,HIIT
35,94.5,169.7,173,55.8,98,Strength
38,78.8,174.6,78,32.4,55,Yoga
59,78.2,194,169,33.2,74,HIIT
53,75,170.6,112,55.9,63,Cardio
58,53.5,176.9,93,45.1,46,Strength
55,54.5,152.5,91,38.2,96,Yoga
51,80,150.1,135,52.1,97,Yoga
34,67,162.2,166,56.8,73,Yoga
54,95.9,184,140,50.7,67,HIIT
42,70.3,156.1,65,53.8,49,Yoga
55,57.2,155.7,174,38.5,58,HIIT
29,85.7,170.5,72,38.7,32,Strength
40,64.7,182.4,162,55.9,35,Strength
59,76.3,185.6,145,48.4,63,Yoga
39,84.9,158.9,134,37,90,Strength
38,95,154,123,45.7,46,Cardio
44,89.6,197,66,50.6,64,Cardio
48,83.8,163,104,36.6,54,HIIT
23,84,192.7,104,49.6,98,Yoga
44,97.3,193.2,144,31.3,47,HIIT
57,64.8,188.6,124,39.1,118,Strength
51,50.1,158.4,153,50.2,26,Yoga
29,63.6,191.1,78,34.5,81,HIIT
24,60.9,188.5,174,36.7,70,Yoga
27,83.1,179.8,178,56.4,65,Yoga
34,81.7,166.9,106,50.2,39,HIIT
43,79.7,163.1,105,45,115,Yoga
38,50.8,156.1,88,36.3,57,Strength
45,86.4,175.5,158,40.2,80,Cardio
19,66.2,179.3,176,47.2,51,Cardio
18,83.3,168,143,34.7,45,Yoga
53,77.8,173.8,159,44.5,77,Cardio
43,67.1,168.2,120,42.3,58,Yoga
46,56.7,182.1,162,44.3,39,HIIT
38,54.7,195.1,124,33.2,101,Strength
28,91.6,158.2,82,33.2,69,Cardio
57,95.9,169.1,154,58.9,98,HIIT
28,82.5,157,179,59.4,71,Strength
53,55.2,181.2,110,42.8,105,Cardio
56,70.1,186.4,122,53.7,41,Cardio
57,86.4,196.6,158,49.7,72,Strength
52,89,163.9,175,33.5,104,HIIT
51,55.9,197.5,170,38.9,85,HIIT
41,50,153.2,168,39.4,62,Cardio
39,85.6,180.2,81,47.9,101,Strength
22,67.8,152.9,169,47.4,42,HIIT
50,62.7,194.7,130,57.7,96,Strength
53,50.6,176.5,92,53.7,83,Strength
37,77,183.5,168,55.7,28,Cardio
36,92.6,191.6,159,56.7,26,Strength
52,97.9,157.5,103,54,60,Strength
34,78.3,151.9,66,40,73,Yoga
51,75.7,193.9,150,36.5,84,Strength
26,54.3,165.7,61,47.2,21,HIIT
43,77.4,156.4,76,50.7,23,Cardio
19,69,173.4,124,41.6,97,Cardio
26,80.4,179.9,117,55.5,51,Strength
26,69.4,151.5,169,58.8,119,Strength
57,62,163.7,89,47.1,21,HIIT
34,54.7,151.6,145,43.7,83,Yoga
18,65.7,171,151,55.3,33,Cardio
42,54.8,194.8,176,30.7,39,Yoga
57,58.8,199.1,156,33.9,108,HIIT
59,99.4,181.9,85,55.4,68,Cardio
42,72.2,158.1,94,52,27,HIIT
56,76.6,195.3,122,42.5,111,Strength
52,93.7,175.8,134,56.7,82,HIIT
20,99.8,157.7,130,40.5,65,Strength
54,79.1,196.1,87,49,40,Yoga
47,90.6,187.9,84,49,106,Cardio
55,66.3,186.6,120,35.5,51,Cardio
51,65.3,185.5,164,38.5,27,Yoga
29,70.1,160,90,57.5,114,Strength
36,83.6,160.6,113,35.5,35,Cardio
54,84.1,184.4,126,35.2,59,HIIT
34,65.8,161,156,44.4,46,Strength
27,56.7,171.9,110,32.8,37,Cardio
29,81.6,189.1,117,56.8,54,HIIT
33,56.4,189.2,93,33,71,HIIT
41,78.9,172.7,118,48.5,34,Cardio
36,84.7,189.6,80,40.2,82,Yoga
25,85,191.9,115,54.1,72,Yoga
48,87.7,182.7,96,47.7,110,Cardio
38,93.6,161.4,123,41.6,100,HIIT
34,75,163.7,172,59.5,85,Yoga
40,86.5,165.7,78,32,50,Yoga
54,81,155.8,160,47.3,80,Yoga
33,59.3,163.7,178,59.7,83,Strength
23,51.3,160.5,144,50.7,117,Yoga
25,64.2,172.8,137,52.2,53,Cardio
42,72.2,195.4,133,31,74,Cardio
35,80.9,155.2,112,30.6,78,Strength
42,92.5,186,130,31.1,22,Strength
29,59.8,184.4,152,59.8,36,Cardio
32,56.3,154.8,122,59.4,97,Strength
43,98.2,196.1,163,40,97,Yoga
58,55.4,178.4,121,38.7,65,HIIT
43,73.9,168.2,131,34.4,57,HIIT
49,79.3,187.8,162,39.9,54,HIIT
27,77.1,162.9,136,41.1,20,Cardio
33,54.3,184.7,169,52.4,48,Strength
24,52.9,152,78,56,23,HIIT
34,55.3,192,134,52.4,80,Yoga
40,79.3,172.4,61,49.4,116,Yoga
43,77.2,181.8,172,53,36,Yoga
38,61.7,161.1,65,52.2,47,Strength
39,81.9,183.9,88,44.3,69,HIIT
24,91,188.6,100,40.1,109,Yoga
31,52.1,173.7,110,38.5,27,Strength
32,74.9,180.9,64,50.4,53,Yoga
24,84.5,172.8,100,58.8,78,HIIT
26,62.6,194.7,121,47.4,37,HIIT
25,65.4,174.9,89,57.4,114,HIIT
40,80.7,192.1,162,30.4,78,HIIT
46,94.9,190.1,121,53.8,46,HIIT
35,90.5,170.5,159,55.6,35,Yoga
48,79.2,161.5,86,48.9,29,HIIT
47,86.5,170.3,109,58,95,Yoga
56,68.2,191.3,141,47.7,41,HIIT
52,82,161.4,111,37.2,35,Yoga
35,73.3,176.2,108,36.5,31,HIIT
59,59.5,190.3,121,46.7,94,Yoga
56,85.1,167.7,159,57.2,103,HIIT
34,77.8,182.1,119,32.2,70,Strength
31,67.9,162.3,177,48.1,20,Yoga
48,95.6,155.5,139,53.1,46,Strength
41,51,189.7,113,33.5,86,Yoga
52,65.8,154.9,178,33.5,31,Yoga
51,52.8,163.6,64,41,49,Yoga
20,88.3,192.8,68,38.2,28,Cardio
54,85.1,167.3,93,35.9,72,HIIT
57,66.6,198.7,157,36,80,Strength
43,83.8,199,95,33.9,73,Strength
40,69.8,163.4,154,48.3,56,Yoga
56,87.8,152,175,50.6,84,Strength
32,72.7,185.3,79,51.1,61,Strength
21,70.6,172.5,140,46,68,Strength
46,96.7,155,143,58.6,23,Strength
39,62.5,185.4,151,56.4,83,Cardio
42,56,151.6,144,58.7,98,Yoga
30,79.2,193.5,142,41.7,70,Strength
35,98.5,156.9,122,56.3,110,Cardio
50,68.9,156.4,126,52.9,91,Cardio
33,53.1,158.8,89,40.2,79,Yoga
59,67,198,128,33.2,106,HIIT
19,75.3,184.7,165,50.5,98,HIIT
52,58.1,190.1,129,34.1,110,HIIT
59,82.9,169.9,62,38.8,50,Strength
51,99.9,166.8,108,45,91,Yoga
47,72.6,161.7,101,50.4,113,HIIT
30,67.7,174,83,57.8,77,Strength
30,70,177.6,103,47.8,101,Yoga
35,55.8,181.6,60,50.1,23,Strength
49,94.2,162.9,173,39.3,41,HIIT
49,70.7,197.4,174,50.6,22,HIIT
52,69.4,158.5,113,43.1,98,Cardio
56,83,198.3,111,55.7,118,Cardio
46,72.1,150.7,95,41.8,66,Yoga
46,82.4,174.1,138,44,57,Strength
33,53.1,166.7,164,43,52,Strength
27,90.7,172.5,97,54.3,97,HIIT
47,97,178.5,103,58.6,67,HIIT
42,82.4,171.8,141,39.8,84,Yoga
56,97.7,170.7,146,44.3,45,Cardio
37,57.6,186.6,106,51.2,27,HIIT
22,73.9,184.3,88,56.9,69,Strength
18,80.1,191.7,110,44.8,99,HIIT
47,79.1,162.5,100,33.3,57,Cardio
20,70.1,180.5,145,41.1,29,Strength
31,66.9,179.3,123,46.5,61,Cardio
47,56.3,168.5,147,42.5,56,Yoga
21,69.6,174.3,168,35.6,45,Yoga
35,58.1,165.7,107,31.1,111,Cardio
54,86.7,157.1,136,50.6,31,Strength
42,60.4,160.7,156,59.8,103,Cardio
18,52.9,155.3,173,57.6,68,HIIT
32,77.6,184.2,81,50.5,33,HIIT
26,79.8,183,158,55.2,65,Cardio
32,93.6,197.5,76,37.7,54,HIIT
41,78.8,186.5,145,48.7,48,Cardio
21,67.3,152.6,64,31.8,31,HIIT
29,90.2,194.2,120,51.2,101,Cardio
54,77,193.1,148,59.1,63,HIIT
54,54,172.2,65,55.8,85,Strength
23,78.3,179.3,112,46,21,Strength
56,95.4,198.8,140,53.7,78,HIIT
41,69.8,176.6,154,58.3,36,Cardio
28,64.8,195.3,76,36.5,29,HIIT
30,57.2,154.2,118,53.8,37,Yoga
51,57.6,159.6,156,38.1,41,Yoga
42,71.6,172,98,56.3,102,Cardio
24,79.8,179.2,113,33,77,HIIT
21,54,190.8,107,35.3,72,HIIT
25,97,199.4,96,51.6,20,Strength
37,87.8,169.4,107,35.2,107,Cardio
46,79.3,152.4,127,34.7,80,Yoga
27,91.4,190.1,166,46.7,119,Yoga
51,54,180.2,137,55,108,Cardio
43,73.8,159.9,136,38.1,119,Yoga
58,81.5,174.7,86,55.2,50,Cardio
20,91.4,187.1,147,54.2,50,Yoga
23,89.2,188.5,86,47.4,85,Yoga
22,63.9,175,131,49.4,38,Cardio
22,97,165.3,176,31.2,72,Cardio
40,56.2,198.7,122,41,95,Yoga
26,93.8,183.2,111,37.9,93,Yoga
52,98.5,170.4,106,34.5,114,Strength
37,58.9,164,173,41.7,41,HIIT
59,86.1,186.6,162,40.6,42,Cardio
52,52,162.1,80,51.9,106,Cardio
35,70.3,158.6,174,47.9,34,HIIT
34,75.8,176.5,116,57.4,45,Strength
41,79,164.5,164,34.4,22,Yoga
20,96.8,181.4,134,31.8,106,Yoga
49,83.6,155.9,154,46,39,Strength
52,74.1,182.7,150,30,59,Strength
55,90.5,164.2,101,53.6,58,HIIT
30,97.5,150,169,45.2,91,HIIT
42,51.1,156.3,107,44.6,37,Yoga
26,99.1,196.7,86,40.9,60,Strength
21,54.3,193.4,131,41.2,89,Strength
31,90.7,161.7,92,42.9,46,Yoga
54,64,188.9,135,30.5,119,Yoga
51,56.6,180.4,94,32.5,34,Yoga
28,72,198.5,157,45.2,56,Yoga
58,82.2,168.7,75,34.5,77,Yoga
20,69,184.1,95,53.4,24,HIIT
45,52.7,153.2,125,38.2,92,Yoga
46,80,169.8,135,32.9,26,Strength
26,95.1,198.2,150,37.1,60,Cardio
20,69.2,176.9,115,40.7,103,HIIT
42,60.8,164.4,76,31.1,29,Strength
51,72.1,156,79,34.3,81,Cardio
29,52.4,185.2,144,39.7,45,HIIT
59,91,182.2,153,39.3,87,Yoga
26,91.3,168.7,165,54,43,HIIT
32,79.4,197.5,143,55.3,97,Yoga
57,67.7,151.1,67,35.8,60,Yoga
42,90,165.2,77,33.7,84,Yoga
22,77.7,196.1,77,49,36,Cardio
28,91.3,166,77,54.1,43,HIIT
51,81.6,162.6,61,58.9,46,Yoga
41,89.2,176.7,135,30.2,26,Strength
32,79.9,191.2,155,42.4,92,HIIT
55,70.7,155.2,165,52,118,Strength
25,97.9,197.2,131,54.9,31,Cardio
22,77.1,189.8,110,31.9,104,Cardio
43,80.3,159.1,69,50.4,22,HIIT
35,61,185.6,134,38.7,98,Cardio
23,81.3,169.2,73,32.2,104,Cardio
54,78.6,170.1,85,44.7,29,HIIT
30,59.2,189.2,106,34.7,52,Strength
45,53,198.1,89,52.1,65,Yoga
22,80.2,156.3,115,52.2,78,HIIT
30,88.2,171,178,55.3,71,HIIT
34,76.2,174,101,41.3,25,Yoga
57,61.3,168.8,63,30.4,21,Strength
49,83.3,168.2,162,37.8,48,Yoga
46,54,152.6,70,44,59,Yoga
20,72.1,184.3,83,50.8,116,Strength
57,58.2,171.8,177,41.5,80,Strength
51,59.2,159.7,145,46.1,87,Yoga
57,60.1,190.8,126,45.7,87,Yoga
44,69.3,190.1,96,34.9,48,HIIT
30,52.6,174.3,61,48.7,81,Strength
50,69.9,164.9,71,43.2,79,Cardio
23,75.6,181.9,80,54.2,103,Strength
41,74.2,164.4,128,50.7,60,Yoga
36,69.1,161.8,130,33.3,106,Yoga
33,92,186.5,123,44.7,101,Yoga
57,57.3,152,127,51.1,108,Yoga
45,75.3,154.7,102,32.6,84,Cardio
50,53.1,150.3,113,53.8,83,Strength
58,53.6,157.6,164,36.7,98,Cardio
30,78.7,153.4,159,45.1,82,Cardio
42,78.3,199.8,121,58.2,117,Yoga
59,93.9,164.4,145,47.1,67,Cardio
53,77.9,157.5,152,42.7,39,Yoga
44,98,162,132,30.2,56,Yoga
55,52.4,196.8,149,34,83,Yoga
24,54.9,176,71,47.4,110,Cardio
22,52.2,168.2,171,44.8,105,Yoga
48,59.3,193.7,60,40.9,24,Cardio
40,77.1,169.7,131,57.7,53,Strength
59,82.3,166.8,92,40,58,Yoga
27,52.3,160.4,123,46.1,86,HIIT
49,97.3,168.9,175,47.1,100,HIIT
47,92.1,165.8,174,45.8,81,HIIT
56,64.8,183.9,127,44.3,107,HIIT
48,53.9,164.5,73,40.1,43,HIIT
35,58.5,178.9,178,57.3,22,Cardio
53,56.3,153.3,152,43.5,90,Strength
19,56.2,159.6,73,45.9,108,Cardio
31,75.9,170.4,68,49.7,86,Yoga
30,62.3,196.8,132,32,98,Strength
46,67.9,168.9,85,53.4,112,Strength
29,99.5,183.2,108,45.4,69,Strength
56,84.2,162.8,170,49.7,48,Strength
19,97.4,156.4,165,53.2,93,HIIT
49,57.1,152.9,76,56.2,51,Yoga
30,69.1,165.3,164,41.8,106,Strength
44,77.7,157.9,127,54.3,58,Strength
58,53.8,158.7,119,37.8,28,HIIT
34,50.2,188,169,49.8,33,Cardio
57,83.5,150.8,62,33.1,87,Cardio
48,82.1,177.9,152,30.6,83,Cardio
51,70.5,169,84,32.9,39,Yoga
41,74.5,175.3,80,39.6,47,Cardio
52,70.8,178.1,71,30.9,33,Strength
23,51.2,165.7,113,48.9,63,HIIT
36,66.8,164.8,60,39.5,117,HIIT
47,58.9,186.7,60,52.1,96,Cardio
24,54.9,193.6,104,31.4,114,HIIT
27,97.8,159.6,105,36.5,116,Strength
58,80,154.9,107,42.2,58,Cardio
49,86.4,194.9,66,41.5,47,Strength
51,65.8,167.5,69,33.9,83,Yoga
45,69.7,177.6,74,59.8,108,Strength
32,61.8,168,99,38.5,51,Strength
47,54.8,156.3,70,51.6,28,Strength
54,59,179.5,115,36.6,47,Strength
46,89.9,176.3,105,56.3,114,Yoga
39,83.9,160.1,104,41.6,36,Cardio
21,77.3,172.6,146,57,106,Strength
37,73.8,189.8,72,40.3,96,Cardio
49,96.1,179.5,86,30.3,74,HIIT
53,53.6,154.8,164,45.5,29,Strength
21,64,177.4,140,45.7,99,Strength
44,67.5,185.1,109,33.6,25,HIIT
34,89.1,189.6,120,37,67,Cardio
29,99.6,181.5,174,53.5,94,Yoga
39,62,157.6,72,31.1,86,Strength
34,93.7,185.5,71,44.7,111,HIIT
27,91.5,183.9,88,45.9,60,HIIT
18,61.2,151.2,144,50.7,98,Strength
39,70,170.6,143,31.1,79,Cardio
43,70.5,166.6,79,47.6,96,Cardio
35,98.9,183.5,90,30.1,61,Strength
31,59,160.8,67,38,100,HIIT
46,90,179.5,83,45,90,Strength
29,66.7,195.7,134,57.3,47,Yoga
53,86.5,189.9,98,33.8,32,Yoga
52,71,196.1,92,35.1,100,Cardio
29,78.9,198.9,101,50.1,34,Yoga
24,91.6,150.5,74,41.2,55,HIIT
46,90.2,181.1,127,48.7,111,Yoga
28,93.3,170.6,124,59.9,34,Strength
50,53,193,91,59.6,94,HIIT
23,84.6,162.6,70,40.6,75,Cardio
32,57,199.1,153,45.1,114,Cardio
49,70.8,180.7,96,57.1,23,Yoga
28,77.4,189.7,78,32.8,118,Cardio
40,70.1,154.3,110,43.6,117,Strength
43,76,159.2,159,41.3,71,HIIT
51,99.8,187.9,93,38.8,110,Strength
51,56.8,151.1,130,59.8,29,Strength
46,83.8,190.8,119,52,113,Strength
21,69.8,150.7,168,41.7,64,Strength
34,56.7,182.9,143,54.9,103,HIIT
52,57.9,168.3,112,44.7,48,HIIT
30,97.5,180.6,71,56.2,72,Strength
58,94,184.8,121,38,48,Strength
56,95.4,167.1,155,36.7,42,Cardio
32,99.6,155.4,125,37.4,76,Cardio
46,60.4,153.5,145,46.2,69,HIIT
46,67.8,179.4,164,38.7,40,Cardio
28,83.5,176,107,34.4,62,HIIT
49,74.2,187.1,99,59.8,29,HIIT
19,70.9,175.5,83,57,95,Yoga
31,67.9,171.1,109,49.1,49,HIIT
37,79.7,169.9,154,56.7,70,Cardio
39,78.8,151.3,127,58.1,52,Yoga
28,58.1,166.8,147,50.3,37,Cardio
44,73.6,198.8,102,45.6,97,HIIT
20,77.7,193.7,76,56.5,41,HIIT
34,78.5,166.5,163,47,83,Strength
45,60.5,179.4,142,33.8,40,HIIT
46,87.1,192.4,163,41,20,Yoga
38,51.3,172.1,161,43.4,34,HIIT
33,67.7,150.9,114,58.1,55,Strength
54,89,153.7,93,49.8,66,HIIT
37,78.2,175.5,170,56.3,73,HIIT
23,63.1,198.5,156,52.7,105,HIIT
36,84.7,184.7,129,39.3,51,Strength
22,78.4,153.5,119,51.6,77,Cardio
20,89.8,159.5,110,35.9,65,HIIT
18,86.8,188.6,159,42.2,73,Yoga
55,80.5,192.1,136,54.2,52,Strength
32,74.4,180.9,170,48.4,58,Yoga
51,56.7,182.2,132,54.8,42,HIIT
52,63.1,151.4,94,37.6,62,Strength
42,71,191.4,93,52.5,74,HIIT
41,80,189.4,75,36.1,21,Yoga
29,75.7,163,141,46.4,85,Strength
35,64.4,185.4,77,43,57,Cardio
32,50.3,160.7,97,46.7,48,Cardio
33,74.8,152,173,34.1,86,Cardio
44,64.3,160.1,102,40.8,90,HIIT
25,86.7,158.9,91,50,55,Strength
42,51.2,166.9,66,46.8,48,Yoga
34,79.2,170.9,146,46.5,56,Yoga
46,97.1,175.4,146,45.3,119,HIIT
25,58.7,173.8,105,58.3,106,HIIT
32,73.6,163.5,120,58,64,Yoga
44,54.6,151.5,77,40.8,35,Strength
24,81.3,180.3,130,40.6,50,HIIT
20,77.5,169.8,165,46.6,53,Strength
46,70.4,164.9,99,32.9,69,Yoga
41,76.1,193.3,147,39.1,84,Strength
20,94.8,187.3,137,36.9,101,Cardio
37,59.8,192.9,109,36.7,81,Yoga
32,51.1,174.7,64,49.2,62,Cardio
42,93.1,156.5,169,41.5,75,Yoga
47,78.9,184.8,113,35.1,34,Cardio
31,94.5,160.3,145,56.6,67,Strength
24,79.8,172.1,117,56.2,68,Yoga
34,90.5,153.3,81,55.9,100,Yoga
37,71.5,191.3,133,41.7,63,Cardio
53,87.5,156.3,149,31.7,29,Strength
26,95.7,195.2,138,33.2,39,Yoga
55,78.6,193.2,97,38.3,89,HIIT
39,59,173.2,164,36.6,27,Cardio
19,63.4,187.2,165,56.2,64,Yoga
41,59.9,181,178,59.6,53,Strength
25,62.3,190.2,108,54.5,115,Strength
28,65.3,171.6,60,51.9,70,Strength
30,77.8,189.3,137,47.7,23,Strength
34,79.4,173.1,95,53.1,58,Cardio
25,71.3,197,154,58.4,103,Yoga
38,80.8,174.3,87,48,43,Cardio
35,54.1,173.1,157,34.6,107,Cardio
47,54.4,189.3,94,34.9,74,Strength
35,58.6,191.1,119,47.5,45,HIIT
48,75.9,177.7,162,40,44,Strength
55,60.7,159,121,57.3,55,HIIT
49,64.2,173.4,146,48.3,90,Cardio
28,70,198.4,105,50.3,93,Strength
42,90.6,187.6,167,30.2,77,Strength
50,50.7,190.6,142,45,31,Cardio
55,82.5,151.6,141,42.9,20,Strength
58,83.4,173.4,138,51.2,69,Yoga
25,89.9,182.3,120,41.5,44,HIIT
28,96.6,191.5,124,59.3,99,HIIT
39,51,152.5,148,50.1,24,HIIT
41,57.7,192.6,85,49.8,102,Strength
58,94.3,177.4,94,57.6,87,Yoga
34,72.9,159.9,116,59.9,25,Strength
29,78.2,165.9,138,35.9,45,HIIT
49,83.2,164.1,122,54.3,74,Strength
32,84,176.5,63,34.9,58,HIIT
33,96.6,152.6,138,43.7,28,Cardio
39,99.8,157.9,101,33,64,HIIT
45,86,190.6,161,48.7,33,Cardio
37,64.4,156.6,104,44.1,74,Cardio
50,94,161.7,98,48.9,28,Cardio
27,52.5,172.7,177,50.3,34,HIIT
57,61.6,175.9,124,48.6,56,Yoga
49,94.9,188.2,81,38.8,69,HIIT
50,62.8,172.4,70,55.1,103,Strength
19,61,189.5,169,46.6,91,Strength
50,56.9,180.9,161,44.7,115,Yoga
50,93,155.7,96,59.6,40,Yoga
58,75,157.8,174,38.5,76,Yoga
30,83.7,171.9,149,45.8,38,Cardio
47,62,169.8,110,50.5,112,Yoga
50,87.9,187.2,150,33.8,77,Yoga
30,88,179,117,40.6,114,Yoga
43,65.6,169.4,136,54.1,25,HIIT
39,70.5,158.5,66,37.1,23,Strength
56,60.5,161.3,67,44.8,62,Strength
19,98.8,178.8,169,48.9,112,Yoga
55,82.3,171.2,110,50.1,61,Strength
56,96.7,175.7,174,51.8,22,HIIT
43,65.2,158.5,82,56,20,Strength
32,89.1,183.1,149,41.8,74,Cardio
51,88.3,192.6,167,51.2,34,HIIT
59,84.6,162.9,178,52,66,Strength
57,98.3,174.6,150,39,104,Strength
28,69.7,198.8,68,59,65,HIIT
20,56.5,166.7,105,56,77,Strength
23,83.6,179.8,97,38.7,114,Strength
26,86.5,154.5,170,50.3,90,Yoga
23,78.8,180.3,72,51.5,100,Cardio
26,60.3,154.5,66,42.9,102,HIIT
56,75.2,198,70,55.9,58,Yoga
48,65.6,185.8,133,50.7,22,Strength
49,71.4,189.4,156,49.7,49,HIIT
58,82.3,185.2,162,36.6,54,HIIT
29,87.3,179.5,109,42.2,76,Cardio
25,61.6,172.5,178,43,48,Cardio
25,70.3,192.9,126,52,69,HIIT
45,63.5,197.8,100,48.6,81,Cardio
37,59.9,175,88,32.6,71,Cardio
24,89.2,196.6,96,39.2,33,Strength
28,95.5,179.2,178,44.2,54,Cardio
37,68.5,176.9,115,52.1,47,Cardio
33,87.6,172.7,168,52.3,77,Yoga
21,94.8,160.5,139,44.7,49,Strength
23,92.3,150.2,75,33.5,109,Strength
39,59.1,162.1,103,38.8,26,HIIT
43,97.8,175.5,109,37.6,58,Cardio
20,68.8,169,166,53.4,114,Yoga
58,67,172.4,172,35.4,88,Yoga
59,53.1,199,130,43.9,54,Strength
31,74.3,167.5,138,50.1,71,Cardio
28,55.5,172.6,161,58.9,33,Yoga
35,62.4,156.7,65,60,82,HIIT
29,65.8,152.4,77,58.6,55,Cardio
40,90.4,188.8,78,51.5,110,Cardio
29,93.8,178.5,175,52.4,43,Cardio
30,65.1,188,110,52.8,59,Yoga
42,92.9,157.5,125,55.9,48,Strength
36,92.9,178.6,62,58.6,72,Strength
53,88.2,162.7,169,43.4,41,HIIT
25,57.3,161.4,177,42.5,91,Yoga
46,84.5,150.6,148,43.8,34,Cardio
49,97.3,156.5,159,49.8,88,HIIT
35,84.1,165.5,113,53.3,83,HIIT
23,66.6,155.8,108,56.1,23,Strength
35,75,199.3,87,43.7,94,Cardio
36,82.3,165.4,97,40.9,37,Cardio
39,75.5,156.5,87,59.5,61,Yoga
54,56,160,91,37,49,Yoga
49,65.6,179.4,174,36.7,34,Yoga
58,90.1,153.2,100,51.5,89,HIIT
20,93.1,193.1,95,35.4,74,Cardio
45,56.9,198.1,162,42,72,Strength
27,97.6,162.3,95,38.8,35,HIIT
52,66.4,172.5,166,35.1,92,HIIT
46,83.1,151.1,177,47.4,53,Strength
32,87.6,182,146,41.2,46,Strength
50,90.6,170.7,125,43.9,32,Yoga
24,97.3,163.5,69,35.9,119,Strength
29,65.6,160.3,129,53,46,Strength
47,92.9,182.7,131,39.4,92,Strength
38,56.6,170.8,138,40.3,88,Strength
48,85.3,159,168,37.6,105,Yoga
41,87.1,184.5,152,43,50,HIIT
37,83.9,178.3,122,43.9,22,Cardio
54,62.6,192.9,151,45.9,49,Cardio
21,93.7,155.9,81,59,40,HIIT
45,58.4,189.3,157,57.1,118,Cardio
37,52.7,183.7,79,48.3,25,Cardio
41,85.9,155.8,92,31.2,111,HIIT
49,73.8,184.7,74,48.4,51,Cardio
58,92.5,172.1,66,32.7,61,Cardio
53,69.2,197.2,147,51.3,81,HIIT
51,58.4,157.1,149,41.7,108,Cardio
53,91.8,182.1,109,55.1,51,Strength
19,77.4,169.1,69,58.3,118,HIIT
32,59.5,197.8,138,42.5,105,Yoga
51,86,166.5,96,43.8,107,Cardio
53,75.6,198.1,118,47.7,58,Yoga
23,80.2,195.1,147,35.9,83,Cardio
56,73,163.5,134,57.8,49,Strength
59,91.4,190.2,163,43,82,HIIT
29,91.5,199.8,122,35,115,Yoga
20,85.5,162.6,80,52.9,50,HIIT
35,55.3,171.8,163,36.6,106,Yoga
57,91.9,176,161,34.3,59,Cardio
38,83.6,164.7,138,46.9,52,Strength
32,84.9,150.8,138,50.1,82,Yoga
50,68.1,161,96,47.1,44,Yoga
52,94,164.1,104,49.7,55,Strength
43,86.3,172.2,73,33.5,43,Strength
25,55.6,158.6,102,44.3,114,Strength
53,70.4,193.7,175,40.7,77,Strength
47,94.3,185.2,144,59.2,58,Strength
40,52.4,154.3,167,31.5,65,HIIT
59,98.1,182.5,143,38.9,96,Cardio
31,84,182.7,92,58.3,29,Cardio
31,81.6,197.8,62,59.5,106,Yoga
19,63.5,150.2,163,54.7,101,Strength
54,62.4,162.4,146,32.3,51,HIIT
22,97.1,196.4,103,46.8,116,HIIT
55,64.9,196.6,170,42,55,Yoga
58,88.8,186,146,54.2,47,Strength
31,69.7,188.3,150,31.7,35,Cardio
56,57,154.6,94,35.9,35,Strength
42,50.5,175.7,84,44.7,37,HIIT
37,77.2,161.6,155,34.7,27,Strength
19,98.8,159.1,145,50.8,99,Cardio
56,68.5,190.5,67,54.6,94,Cardio
23,67.9,156.8,179,51.1,89,Yoga
34,67.2,173.4,174,43.2,20,HIIT
42,76,196.9,175,56.4,81,Strength
45,72,159.3,121,34.1,95,Strength
19,94,198.9,161,37.8,57,Yoga
52,75.3,199.7,77,44.7,111,Yoga
54,75.4,177.8,151,31.8,64,Yoga
22,56.9,158.5,87,32.9,77,HIIT
18,99.1,165.8,134,41.9,100,Strength
57,62.5,171.2,71,58.3,20,Yoga
29,53.7,165.5,123,57.3,51,HIIT
53,83.2,164,178,44,27,Strength
40,79.8,198.6,61,34.3,59,Cardio
48,70.8,157.7,118,35.3,75,Yoga
28,71.1,186.7,96,41.3,82,HIIT
27,89.3,150,63,36.3,107,Strength
20,59.8,179.8,100,32.5,93,Strength
31,91,195.8,104,50.2,93,Yoga
33,82.4,164.4,168,47.4,55,Yoga
27,70.9,159.3,170,38.7,108,Strength
46,72.9,182.6,93,53.4,76,HIIT
27,62.8,185.6,146,53.3,93,Cardio
29,87.6,184.4,72,44.7,102,Strength
47,75.6,166,66,32.9,64,HIIT
58,66,162.6,91,57.6,98,Yoga
18,79.8,197.8,82,50.1,99,Strength
22,99.8,196.2,108,37.4,21,Yoga
37,71.8,172.9,131,48.3,112,Cardio
25,96,192.3,173,42.2,87,Yoga
29,67.3,172.6,170,49.1,69,Cardio
18,52.7,171.2,106,44.2,48,Yoga
37,60.2,157.8,96,44.6,114,Yoga
45,70.9,171.3,157,52.1,100,Cardio
54,61,176.9,107,48.4,29,Yoga
54,50,151.1,88,32.4,46,HIIT
29,95.8,172.2,96,32,34,Yoga
54,92.2,189.1,82,39.2,79,Strength
45,87.1,184,97,42.9,50,Yoga
32,58.4,181.8,152,38.3,40,HIIT
23,56,195.5,103,49.5,79,Strength
37,53.4,150.9,64,35.9,77,HIIT
31,86.2,177.9,111,51.1,60,Strength
19,96.4,189.4,99,53.2,65,Yoga
26,71.5,177.1,70,33.7,64,HIIT
54,56,166.2,137,49.5,45,Yoga
37,75.6,156.8,179,58.8,70,Strength
43,67.4,194.4,172,35.8,55,HIIT
46,68.7,173.5,165,57.3,71,Cardio
18,81.1,193.9,61,48.2,100,HIIT
52,85.9,179.3,94,47.7,70,Yoga
23,55.5,183.7,104,31.6,22,Cardio
54,51.8,190.2,108,52.4,33,Cardio
22,99.7,183,94,44.3,68,Strength
50,61.6,169.9,165,51.6,96,Cardio
31,52.7,175.7,151,54.3,110,Cardio
29,59.5,190.2,131,45.7,20,Strength
59,51.9,168.7,91,37.9,76,HIIT
37,69.6,169.4,127,34.2,36,Yoga
41,90.1,154.8,168,34.8,69,HIIT
51,67.1,195.7,130,56,117,Cardio
42,72.2,154.6,98,33.7,33,Yoga
46,83.8,182.4,107,41.5,78,HIIT
56,75.4,170.7,150,40,100,Yoga
48,93.1,170.3,96,56,22,Cardio
40,93.3,184,119,44.3,117,HIIT
55,50.5,153.4,140,59.9,59,Yoga
37,88.9,179.7,133,52.1,108,Yoga
40,73,188.6,63,55.5,85,HIIT
33,99.4,191.4,82,33,53,HIIT
59,74.2,158.5,73,37.6,109,Cardio
25,99.3,194.9,64,34.1,114,Strength
38,87.7,182.8,125,43.9,28,Yoga
18,62.4,194.1,169,51.5,113,HIIT
25,76.9,174.3,83,35.1,103,HIIT
46,99.6,177.1,77,33.9,40,HIIT
49,92.9,196,86,48.4,112,Yoga
55,54.9,195,83,36.9,44,Cardio
22,85.3,172.4,88,44.4,63,Strength
39,67.3,163.7,70,31.5,44,Yoga
51,50.3,169.7,171,50.4,28,Cardio
18,70.2,169.4,77,46.2,81,Yoga
43,61.7,164.3,171,49.4,45,Yoga
27,90.9,163.4,176,38.3,76,HIIT
47,66.9,193.1,63,38.4,56,Cardio
35,91.4,153.5,92,54,35,HIIT
34,50,183.9,137,51.6,56,HIIT
43,65.4,158.6,167,47.4,95,Cardio
25,62.1,167.2,179,48.8,43,HIIT
57,61.7,153.1,101,32.8,45,HIIT
29,53.4,163.5,91,55.7,39,Strength
44,59.4,188.4,110,53.1,28,Cardio
25,77.8,194.3,63,47.7,106,Cardio
42,64.6,161.1,79,57.6,48,HIIT
21,70.9,173.2,144,35.1,50,HIIT
50,68.8,173.5,126,50.6,38,Cardio
18,93.8,193.7,148,58.9,39,Cardio
36,95.3,188.1,127,39.3,106,Yoga
48,74.6,175.7,121,30.5,46,Cardio
33,66.5,183.5,117,52,113,Yoga
31,55.3,192.4,106,30.2,104,HIIT
22,97.7,150.5,134,56.2,63,Strength
58,53,170.1,139,31.7,54,Strength
43,64.9,195.4,118,49.6,90,Yoga
45,64.9,187,159,41.3,41,HIIT
19,66,177.1,65,36.1,93,HIIT
23,58.2,176.5,154,56.9,106,HIIT
26,89.2,167.4,99,52.4,34,Cardio
50,56.1,176,136,40.2,113,HIIT
58,81.7,182.8,82,38.5,117,Cardio
42,56.2,170.9,111,52.1,32,Yoga
30,53.5,185.7,63,55.1,23,Strength
26,95.5,193.1,96,51.5,101,Yoga
30,59.5,157.7,101,49.2,75,HIIT
48,91.1,172.6,160,36.8,42,HIIT
58,77.2,170.4,103,55.6,116,Yoga
28,53.9,184.4,156,52.5,117,Cardio
21,97.8,162.5,179,45.5,53,Cardio
51,62.3,182,101,45.3,119,Cardio
55,93,193.9,88,47.1,118,Strength
21,58.4,170.9,160,54.8,36,Strength
55,92.7,195.6,78,52.3,47,HIIT
36,50.7,199.7,174,55.7,33,Yoga
23,75.6,155.3,143,45.2,53,Yoga
51,88.5,161.7,91,48.7,94,HIIT
35,96.7,197.5,103,55.6,76,Cardio
30,95.5,197.9,114,37,96,Strength
58,91,154.9,139,43.3,116,Yoga
40,94.4,150.7,64,48.6,74,HIIT
36,60,158.1,172,57.5,85,Cardio
28,64.2,199.8,105,30.5,117,Cardio
18,64.4,159,135,36.4,112,Strength
41,68.9,175.1,104,37,56,Strength
24,69.7,192.4,80,39.8,87,HIIT
42,77.2,151,137,38.5,95,HIIT
38,58,180.2,160,47.7,45,Cardio
32,84.6,163.9,81,56.6,80,Cardio
18,58.4,193.1,89,49.1,111,Yoga
29,65.5,164.2,82,37.2,86,Cardio
24,75.2,184.3,64,55.9,103,HIIT
32,89.8,183.7,122,49,93,Strength
38,87,161.1,152,36.6,71,HIIT
36,82.3,151.7,118,40.8,37,Yoga
46,57.8,170.5,153,53.7,72,Yoga
42,77.4,164.5,141,52.2,82,Strength
50,54.4,190.4,169,47.3,72,HIIT
49,68.9,190,173,34.3,46,Yoga
52,70.7,172.9,111,54.1,50,HIIT
55,52,180.3,124,39.2,110,Yoga
43,63.7,180.2,98,53.1,20,Strength
28,97.8,191.4,140,49.4,25,Yoga
52,97.7,171.3,62,37.9,30,HIIT
25,67.6,163.8,101,36.4,53,HIIT
31,52.2,163.3,130,33.9,103,Yoga
27,59,176.8,86,37.3,82,Cardio
19,69.6,172.5,87,34.7,72,Strength
26,97.4,172,167,48.5,104,Strength
20,57.1,154.6,113,48,104,Yoga
38,88.2,185.9,154,47.6,37,Yoga
43,55.4,160.7,74,49.3,40,Cardio
25,99.1,159.8,178,54.4,38,Strength
19,69.1,170.6,112,57.4,23,Cardio
23,88.8,161.4,171,36.9,96,Strength
45,67.1,179.2,131,47.6,101,Yoga
46,81.4,168.6,129,32.4,48,Strength
43,59.6,172.4,151,33.6,44,Strength
42,57.3,176.9,63,49.6,75,Strength
29,96.9,160.2,153,44.6,96,Cardio
22,95.9,157.8,166,52.7,82,Cardio
51,94.4,194,76,42.8,46,Strength
54,81.3,171.7,93,33.8,79,HIIT
32,90.4,170.6,65,56.2,102,Cardio
53,53.5,151.8,95,32.5,68,Yoga
32,66.7,174.9,158,35.7,84,Yoga
40,65.7,177.7,162,38.3,57,Strength
23,81.8,177.9,98,59.9,102,Yoga
38,67.8,185.4,139,42.5,71,Cardio
40,57.4,158.9,125,45.1,20,HIIT
33,79.8,162.6,67,53.1,59,HIIT
32,90.7,190.5,74,49.1,100,HIIT
42,69.1,197.4,122,55.2,40,Yoga
53,56.6,156.8,150,44.6,105,Strength
28,59.8,174.9,139,59.2,34,Yoga
32,61.9,160.7,124,53.9,69,Strength
21,65,153,118,42,67,HIIT
38,82.1,166.3,69,41.4,51,Cardio
30,80,157.2,66,57.9,68,Yoga
39,84.8,185.5,171,50.5,87,Cardio
36,68.1,176.7,133,48.6,64,HIIT
51,91.2,157.2,135,52.7,51,Strength
31,60.2,150.5,140,46.8,23,Cardio
21,73.5,190.4,168,34.8,84,Yoga
44,90,158.8,71,39.6,116,Cardio
46,59,180.3,138,46.7,90,Cardio
45,55.5,166.8,105,30.5,92,Yoga
52,94.2,179.3,174,43.1,84,Strength
25,67.1,165.8,91,52.7,99,Yoga
33,84.2,154.3,91,34.9,37,HIIT
59,51.3,161.1,174,31.9,73,Strength
53,84.5,159.4,149,55.1,66,Cardio
47,65.8,171.4,137,48.5,25,Yoga
35,52.8,182.9,173,35.3,85,HIIT
19,80.5,163.2,149,54.2,28,Yoga
30,62,150.6,120,49.7,87,Strength
21,69.3,175.9,128,40,42,HIIT
43,54,180.3,175,41.3,62,Cardio
42,57.4,198.1,120,34.7,70,Strength
47,64.9,179.5,161,55.1,91,HIIT
28,54.5,173.6,173,45.3,44,Strength
24,95.5,178.7,105,46.7,99,Cardio
48,50.3,196.4,127,56.5,54,HIIT
27,74.2,191.4,151,30.5,36,Yoga
56,56.2,166.1,114,32,37,Yoga
30,65.4,161.9,60,34.8,46,Cardio
48,96.3,163.1,136,30.9,34,HIIT
24,58.1,175.2,166,49.7,100,Cardio
59,98.3,187.2,126,49,88,Cardio
59,60.3,175.2,108,36.3,99,Strength
53,87.1,153.4,173,34.5,34,Yoga
37,77.3,186.2,84,34.4,61,Cardio
21,94.2,190.3,165,58.6,53,Strength
24,77.7,164.5,75,50.8,67,Cardio
18,76.7,183.2,144,47.6,102,Cardio
59,59.8,171.3,72,39.7,27,Cardio
30,58.3,194.5,111,43,29,Yoga
39,95.8,192.3,167,32.7,24,HIIT
38,66.4,176.3,95,59.9,67,Yoga
39,68.6,184.6,131,52.7,45,Strength
45,88,194.2,103,48.6,105,HIIT
26,66.9,174.8,142,47.6,42,Strength
43,97.6,165.7,106,45.1,81,Cardio
26,86.9,187.7,139,37.7,32,HIIT
32,79.9,161,135,36.8,28,Strength
27,94,169.4,79,46.5,39,Cardio
41,52.5,193.3,77,32.1,111,Strength
59,62.9,186.2,113,32.2,76,Strength
25,73.3,170.2,71,46.8,43,Yoga
41,61.3,160.7,171,57.6,52,Cardio
33,87.2,167.8,84,57.4,39,Yoga
43,96,164.2,119,30.3,79,HIIT
44,71.2,158.8,175,33.2,67,Cardio
54,67.1,187.2,134,47.5,83,Yoga
21,98.1,162.6,145,55.5,49,Yoga
41,72.2,172.7,175,58.6,92,HIIT
36,74.5,169.3,169,55.8,36,Strength
53,67.6,199.1,93,50.3,119,Strength
56,95.5,169.6,72,36,33,Strength
27,78.4,154,169,32.2,38,HIIT
42,88.1,154.5,97,31.4,90,Yoga
35,90.6,179.5,71,48.4,78,Cardio
36,67.1,180,162,31.1,86,HIIT
53,71.7,170.9,95,52.2,116,Strength
27,92.4,171.6,87,51.4,63,Strength
50,68.2,152.7,150,32.4,51,Cardio
22,89.7,175.8,98,57.2,30,HIIT
52,97,175.2,136,45.7,21,Strength
51,81.2,157.5,102,57.1,109,HIIT
50,87.1,155.2,163,57,87,Yoga
38,90.3,156.2,150,35.9,36,HIIT
34,92.3,155.1,174,41.4,100,Yoga
39,69.8,180.5,90,34,111,Cardio
54,52.6,159.8,61,53.2,113,Yoga
32,70.1,162.6,176,45.1,59,Yoga
52,83.7,158.7,141,57.9,106,Cardio
45,72.5,197.9,149,36.2,65,Strength
24,87.4,192.7,176,50.7,107,Cardio
49,67.8,161.5,101,59.7,112,HIIT
28,81.7,166.4,90,50,23,Cardio
27,59.3,160.5,120,32.1,57,HIIT
26,87.5,174.6,161,47.7,82,Strength
31,77.3,151,115,35.4,48,HIIT
30,60.2,183.6,145,30.9,38,Cardio
42,64.6,176.2,159,40,110,Cardio
19,87.4,194.9,142,38,48,Strength
52,74.1,158.2,73,53.7,119,Cardio
24,60.8,190.2,73,41.2,54,Strength
38,98.4,189.6,173,52,89,Strength
35,85.8,156.4,88,30.5,42,Cardio
20,97.9,169.9,140,30.4,65,Yoga
59,71.4,158.5,109,30.9,63,HIIT
56,73.8,162.7,109,36.6,67,Yoga
58,94.9,163.2,122,41.2,71,Strength
28,76.3,177.8,160,48.2,27,HIIT
56,85.4,170.6,132,59.6,74,Yoga
41,62.6,197.4,124,40.6,85,Cardio
36,72.3,156.3,127,31.7,96,Yoga
21,56.2,198.7,130,35.8,59,HIIT
43,60.3,161.5,70,56.9,104,HIIT
55,50,188.6,73,51,50,HIIT
59,52,166.9,165,53.7,67,HIIT
49,98.9,157.2,142,33.7,119,Yoga
56,62.1,192.9,163,34,80,Cardio
53,83.2,165.4,62,33.4,71,Cardio
57,92,182.9,67,55.7,57,HIIT
54,77.5,178.3,152,36.3,110,Cardio
50,57.7,173.6,173,49.3,55,Yoga
53,86.4,174.8,160,45.5,106,Cardio
20,80,186.6,175,46.3,74,Strength
26,86.6,154.4,102,35.9,104,Cardio
25,88.5,183.4,68,49.1,32,HIIT
50,98.8,194.8,78,31.3,56,Cardio
23,78.7,152.9,71,59.8,66,Cardio
58,67.1,157,86,30.8,109,Cardio
56,82.4,185.8,160,31.5,90,Cardio
21,53.4,171.9,171,39.7,41,Strength
30,94.9,170.2,117,54.9,58,Yoga
19,56,156.8,84,37.7,106,HIIT
22,66.4,175.3,104,44.2,77,HIIT
44,90.8,156.3,161,30.5,49,Cardio
49,79.9,173.8,107,32.4,37,Yoga
38,69.7,188.2,109,48.2,37,Cardio
25,73.7,162.9,140,35.8,93,Strength
55,92.7,174,103,50.8,58,Yoga
25,67,199.6,118,53.6,113,Yoga
20,93.5,184.3,92,55.5,45,Yoga
20,54.4,192.1,162,34,90,Yoga
39,88.8,170.7,137,43.7,26,Cardio
23,92.4,188.4,87,58.4,88,Strength
19,59.1,152,77,53.2,84,Yoga
40,71.5,156.1,114,33.5,65,HIIT
19,58.3,160.2,92,45.1,37,HIIT
55,85.3,170.1,175,57.7,32,Strength
34,76.8,192.3,165,43.2,44,HIIT
52,81.8,167.3,74,55.1,27,Cardio
51,59.8,182.7,120,44.9,93,Cardio
40,60.6,185.5,70,33.2,51,Strength
47,52.1,179.3,95,34.4,36,Yoga
25,66.1,167.9,74,31.4,98,HIIT
39,78,178.9,112,35.9,98,HIIT
53,92.9,167.1,121,56.8,67,Strength
22,83.3,154.2,107,49.5,82,Strength
30,71.8,199.6,153,52.2,59,HIIT
46,97.7,156.4,74,48.6,103,Yoga
48,86,153.6,122,41.6,34,Strength
33,96.5,193.9,172,36.5,118,Cardio
59,76.4,165.1,146,57.8,25,HIIT
47,62.9,182.5,102,45.4,113,Strength
33,52.6,166.5,109,44.4,82,Strength
29,86.3,169.6,119,59.9,27,Strength
34,56.1,163.1,171,41.5,114,HIIT
33,65.1,167.2,118,55.6,51,Cardio
29,76.6,170.5,74,55.9,64,Cardio
25,78.2,186,88,37,71,HIIT
37,80,175.6,134,32.8,98,Strength
20,58.3,197.2,168,59.3,101,HIIT
33,69,152.1,141,42.8,32,HIIT
47,80.9,175.2,99,30.1,43,Strength
40,98.5,179.2,90,45,59,HIIT
45,86.4,196,132,48.6,33,Yoga
57,96.1,152.5,145,53.3,111,Cardio
22,88.1,178.7,70,58.3,94,Yoga
37,79.6,192.7,140,57.5,89,Yoga
57,59.6,162.1,156,58.2,81,Yoga
18,83.3,193.8,121,31,108,HIIT
47,81.2,151,134,51.4,80,Strength
38,80.1,186.6,162,36.8,20,HIIT
37,74.5,196.7,67,35.6,108,Cardio
23,76.4,182.9,110,54,85,HIIT
39,66.7,172,116,42.5,51,HIIT
35,76,152.2,63,57.5,32,HIIT
25,59.9,196,95,31.3,52,HIIT
56,90.3,173.5,78,54.1,51,Yoga
49,59.3,151.4,83,34.1,75,Strength
50,54.2,184.5,100,35.3,43,Cardio
33,71.8,174.1,108,44.3,110,Cardio
29,82.9,156.2,141,41.9,23,Cardio
55,71.9,160.7,156,44.6,107,HIIT
51,63.8,153.2,105,58.2,42,Cardio
31,77.9,178.7,95,49.7,48,Yoga
53,67.4,181.1,69,38.7,117,Strength
50,96.6,175.3,178,35.2,40,HIIT
40,96.1,190.9,137,42.6,49,HIIT
19,75.1,193.1,66,43.5,109,Yoga
58,66.4,180.8,71,48,39,Cardio
38,86.9,150.6,145,38,35,HIIT
19,51.8,184.8,150,53,86,HIIT
44,73.7,170.9,107,33,68,Yoga
26,66.8,178.3,96,46.8,77,Yoga
18,96,182.5,134,48.7,63,Cardio
28,50.6,167.5,95,36.2,44,Strength
20,77.6,195.9,119,54.8,42,Strength
40,87,156.7,136,48.5,78,Cardio
43,74.3,183.6,155,49.4,20,Strength
21,54.3,150.2,67,44.9,116,Yoga
35,98.6,196.2,66,57.3,34,Yoga
23,75.9,155.6,166,50.8,100,Yoga
52,80.7,154.7,102,41.5,117,Strength
39,61.8,166.7,117,37.2,100,Strength
32,74.2,168.7,140,32.1,71,HIIT
39,71.5,160.7,145,35,77,HIIT
54,53.7,179.3,105,59.8,60,HIIT
59,55.3,172.1,93,42.2,63,Strength
29,91.9,151.7,143,57,23,HIIT
59,62,166,176,35.1,96,Yoga
55,59.7,190.5,131,42.8,87,Strength
35,75.2,184.5,81,58.8,26,Cardio
52,88.4,186.2,150,32.7,65,Strength
47,53.1,184.9,157,47.8,28,HIIT
41,78.8,165.5,80,57.6,106,Strength
59,56,155,74,58.5,52,HIIT
47,51.8,163.6,64,55.4,52,HIIT
31,52.6,191.6,161,55.7,103,Cardio
23,91.7,199,76,49.6,23,Cardio
20,55.9,174.7,131,36.6,84,Yoga
33,52.3,150.5,78,51.9,53,HIIT
24,71.9,157,64,59.4,110,Strength
31,92.2,166.1,82,45.8,104,Cardio
26,63.1,178.9,142,37.8,107,Cardio
32,71.1,153.8,73,47.2,98,HIIT
38,52,197.2,69,50.7,118,Strength
52,72.5,168.3,90,36.2,83,Cardio
19,78.9,195.6,72,51.6,44,Cardio
44,78.5,189,81,47.6,74,Strength
19,66.6,187.8,96,48.4,28,Cardio
52,65.8,180.3,98,39.2,36,Strength
35,55.3,181.3,69,34.7,40,HIIT
31,68.3,181.9,90,48.7,79,Cardio
37,55,181.4,102,47.6,32,HIIT
35,88.3,177.7,158,40.1,22,Strength
27,98.3,199.3,136,38.9,87,HIIT
42,98.5,186.6,153,40.4,23,HIIT
19,93.3,188.8,157,44.7,111,HIIT
42,80,193.6,95,59.2,26,Yoga
50,85,160.8,94,52.9,45,Strength
53,64.3,154.2,170,55.6,94,Strength
48,81.5,174.1,127,45.2,43,Strength
31,72.8,175.7,114,45.8,29,Strength
18,74.1,191.5,176,36.1,32,Strength
33,87.9,172.2,127,51.6,63,Cardio
20,64.1,178.5,106,42.6,58,Cardio
52,65.9,176.4,65,52.3,38,Cardio
58,96.2,151.9,178,42.3,70,HIIT
23,52.8,180.8,87,33.3,38,HIIT
42,74.3,191.4,89,35.2,95,Strength
30,95.6,157.9,86,54.3,71,Yoga
51,80.5,179.7,128,37.8,105,Strength
25,77.3,179.7,167,37.9,66,Cardio
38,62.5,158.2,98,57.9,49,Strength
51,67.2,156.2,94,49.7,65,HIIT
21,92.6,199,162,33.4,95,Strength
42,78,169.7,103,34.3,112,Cardio
32,75.7,161.4,74,38.2,40,Strength
21,55,158.6,142,47.8,94,HIIT
29,50.8,183.4,153,52.6,67,Yoga
49,98.2,180.5,161,38.2,81,Cardio
49,68.8,182.2,91,56.1,77,Strength
45,80.2,154.4,163,33.3,37,HIIT
30,54,194.7,88,36.2,78,Cardio
48,84.2,169.5,122,59.1,110,Cardio
31,96.6,165.7,65,34,67,HIIT
37,78.8,173.1,149,56.6,82,Strength
35,56.3,169.5,86,51.1,31,Strength
46,79.1,193.2,158,32.2,106,Strength
23,88.3,196.5,87,44.5,53,Cardio
49,70.3,165.2,64,45.6,80,Yoga
46,94,193.2,100,58,106,Cardio
19,82.4,189.1,115,42.6,72,Strength
40,95,196.5,171,43.4,44,Cardio
36,81.2,162.3,113,33.4,81,Yoga
48,56.6,178.8,139,49.2,23,Cardio
22,65.5,163.7,164,36.3,113,HIIT
36,60.1,191.2,77,32.3,113,Strength
51,95.4,150.3,136,59.9,32,Strength
27,88,178.2,102,38.1,61,Strength
42,83.8,167,148,34.2,68,Cardio
19,65,166.1,133,51,97,Cardio
28,59.2,182.2,88,54.7,75,Cardio
48,87.8,192.6,69,31.9,66,Strength
32,73.7,180.5,65,33.2,27,Cardio
26,61.3,192.7,139,32.7,74,Strength
40,80.8,163.2,148,31.4,107,Cardio
36,52,176,167,49.8,37,Strength
26,66.3,172.5,63,47.6,54,HIIT
52,73.4,150.6,160,49.9,108,Cardio
38,57.4,177.8,93,45.2,100,Strength
26,99.2,183.1,142,54.5,51,HIIT
45,60.5,179.6,92,46.4,43,HIIT
24,56.5,186.8,63,57.6,26,Yoga
33,60.2,178.6,103,44.6,32,Cardio
33,88.5,153.3,157,53.7,110,Strength
50,71.3,155.8,135,42.2,88,Yoga
21,78.3,179.8,90,43.1,119,Cardio
21,51.1,163.7,139,55.5,109,HIIT
56,51.7,154,125,33.2,61,Cardio
57,72.3,171.5,172,46.9,50,Strength
34,90.8,177.7,117,51.8,93,HIIT
54,94.3,166.4,119,52.5,45,Yoga
56,54.3,186,61,47.7,105,Cardio
46,76.9,182.2,95,43.4,95,Cardio
53,95.7,166.6,129,37.8,51,Yoga
55,69.4,187.7,119,57.3,110,Cardio
56,91.5,182.4,82,41.1,116,Cardio
54,56.7,181.9,162,54,71,Cardio
52,96.8,177.7,178,30.9,39,HIIT
24,87.6,150.6,106,37,59,HIIT
44,97.1,184.8,175,40.4,78,Strength
45,83.8,168.8,167,50.1,96,Cardio
39,68.2,197.1,160,39.6,33,Strength
31,96.9,190.9,105,31.2,63,HIIT
24,63.8,179.4,139,35.2,105,Cardio
54,66.6,162.6,166,37.8,101,Strength
39,85,160.2,103,35.3,67,Cardio
22,88.3,167,78,36.1,112,Cardio
19,96.5,173.8,108,53.1,62,Yoga
44,60.2,164.8,147,42.4,35,Strength
38,89.9,175.7,117,42.2,54,HIIT
55,86.9,158.3,150,59,72,Strength
32,53.2,198.9,66,43.4,53,Strength
38,69.4,155.4,153,57.8,22,Strength
27,64.1,196.6,100,39,87,Yoga
40,65.2,195.7,137,42,24,Cardio
56,99.1,176.3,175,41.9,29,HIIT
22,82.1,186.2,167,46.4,71,Yoga
18,85.9,171.8,74,47.5,48,HIIT
30,98.8,181.5,135,37.4,115,Yoga
38,68.9,167,112,53.8,50,Cardio
43,90.1,165.1,176,44.9,85,HIIT
38,71.7,178.9,152,30.2,95,Strength
35,93.5,174.9,82,47.7,110,Yoga
54,59,179,136,53.9,88,HIIT
49,97.4,164.3,132,37.5,56,Cardio
53,60.9,168.3,147,31.1,46,HIIT
34,66.3,154.2,162,54.2,106,Yoga
52,87.8,152.6,153,59.3,52,Cardio
28,69.7,162.7,124,32.3,87,Strength
38,80.4,153.7,119,58.1,78,Yoga
43,72.2,155.2,69,40.8,83,Yoga
21,87.1,190.6,161,58.2,104,Cardio
51,61.4,151.9,117,49.5,107,Yoga
35,52.9,182.9,106,56.7,63,HIIT
57,65,163.6,74,53.6,114,Strength
52,73.7,193.6,68,30.8,107,HIIT
58,58.4,174.2,72,32,68,Cardio
46,67.7,165.3,82,45.8,72,Yoga
46,70,175.9,92,33.9,93,Strength
55,52.9,169.1,68,43.8,68,Cardio
59,79.2,178.2,62,58.6,85,HIIT
38,94.2,155.7,153,38.8,114,Yoga
59,57.6,199.8,132,44.7,82,Yoga
30,79.9,171.3,175,41.5,44,Cardio
58,83.2,167.4,84,48.9,23,HIIT
34,71,185.5,170,35.8,70,Yoga
26,85.1,168.2,147,37.8,30,HIIT
58,70.5,191.7,155,55.8,36,Strength
18,75.2,172.7,130,54.3,85,Yoga
19,50.4,186,95,53.7,89,Strength
46,84.6,155.4,148,53.1,92,Yoga
50,83.1,192.3,79,43.8,88,Cardio
27,51.9,186.8,140,51.9,103,Yoga
57,68.4,160.6,113,41.6,48,Yoga
38,99,157.3,159,33,104,HIIT
45,71,165.8,149,41.8,92,HIIT
28,75.1,198.8,78,34.8,111,Strength
51,95.5,162.8,119,41.7,91,Strength
25,85.9,172.8,96,38.9,114,Strength
39,79.1,151.5,171,48,39,Yoga
25,89.9,169.9,62,40.8,46,Yoga
32,93.2,178.6,166,51.2,27,Strength
34,72.8,197.7,151,45.4,104,Cardio
40,73.8,175.8,145,57.6,80,Cardio
41,69.3,191,170,32.7,47,Yoga
36,98.3,177.4,78,50.6,106,Cardio
22,84.9,152,112,50.2,89,Cardio
49,54.2,165.8,179,58.5,22,Strength
18,93.1,178.8,105,41.1,88,Cardio
40,74,197.5,139,39.2,92,Cardio
54,53.4,193,115,35.2,26,Yoga
25,77.5,161.4,129,38,79,Yoga
30,70.9,161,160,45.1,23,Yoga
25,93.9,160.1,90,55.1,24,Cardio
40,60.2,196.1,112,38.5,30,Strength
18,91.3,192.6,172,34.7,34,HIIT
41,77.9,188.7,171,38.2,83,Yoga
52,52.7,169.6,93,33,117,Yoga
41,98.6,175.2,90,57.8,32,Yoga
34,75.6,173.2,119,56.2,26,Strength
22,64.5,162.7,70,39.3,25,HIIT
37,73.5,175.3,159,37.4,75,HIIT
38,92.9,151.5,65,57.2,83,Yoga
57,65.2,156.6,86,30.1,69,Cardio
48,59.6,194.3,66,48,49,Yoga
53,56.5,187.6,108,57.5,41,Yoga
28,64.9,171.1,155,45.3,44,Cardio
32,89,175.9,131,30.1,47,Cardio
36,73.6,168.5,119,36.6,103,Yoga
24,61.4,187,92,57.7,58,Strength
45,58.3,189.2,106,30.5,86,Strength
22,66.6,188.2,175,41.8,24,Cardio
22,97,186.1,103,53.7,84,Yoga
47,67.2,160.2,138,55.1,34,Strength
49,99.4,166.9,178,44.3,109,Yoga
25,74.3,173.5,86,37,86,Yoga
27,59,166.5,153,48,59,Yoga
55,94.6,187.7,81,37.9,117,Strength
49,73,166.5,106,37.7,88,HIIT
45,85.5,156.9,152,54.2,114,Yoga
34,99.2,170,164,34.6,96,Strength
48,52.5,199,107,30.2,62,HIIT
25,54.8,161.3,89,40.1,20,Cardio
57,86,180.6,61,44.7,41,Strength
42,64.1,171.6,74,51.2,81,HIIT
26,59.2,153.6,106,53.4,98,Strength
19,52,174.4,86,49.9,45,HIIT
32,51.1,185.1,130,48.8,37,HIIT
20,88.7,175.7,86,50,67,Strength
53,56.7,193.6,144,38.1,28,Cardio
21,73.4,164.4,72,41.5,20,Yoga
31,80.3,154.3,114,48.5,28,HIIT
58,71.4,196.8,76,32,42,Yoga
58,51.4,168.9,134,38.9,64,Cardio
42,89.2,178.8,118,42.2,21,Yoga
27,50.5,189.6,69,46,33,Yoga
38,88.1,166.2,92,44.6,57,Strength
53,94.7,185.8,137,51.5,59,Strength
29,71.6,156.8,96,44.2,82,Cardio
44,76.8,164.6,67,57.1,101,Strength
57,73.8,157.2,92,41.4,35,HIIT
19,69.5,190.6,66,45.8,112,Cardio
30,94.4,161.1,93,30.1,94,Strength
49,94.7,185.9,130,39.3,25,Strength
48,66.8,197.2,66,56,22,Cardio
33,80.8,176.4,100,40,33,HIIT
49,96.3,177,177,37.6,85,Cardio
49,98.1,173.1,159,46.3,115,Strength
51,75.4,166.3,114,32.4,114,Strength
28,72.6,173.8,66,45.9,94,Cardio
27,63.9,180.1,143,39.1,105,HIIT
32,97.9,199.3,77,41.5,86,HIIT
34,57.1,196.9,168,53.7,50,Yoga
57,79,193.1,102,49.9,52,HIIT
35,64.1,194.5,164,43.4,107,Cardio
26,64,173.4,137,47.3,20,HIIT
42,70.2,182.9,99,53,63,HIIT
57,99.9,194.8,112,52.4,34,Yoga
31,52.7,169.6,73,35.6,56,HIIT
42,78.9,198.1,80,39,46,Yoga
39,54.1,170.8,172,40.4,67,Yoga
47,57.7,180.1,116,35.6,46,HIIT
37,72,185.5,150,30.4,31,Strength
38,75.5,197.5,105,35.2,86,Cardio
49,62.9,162.2,85,54.2,49,Cardio
38,65.8,187.3,150,46.4,115,HIIT
52,54.3,176,83,40.2,106,Cardio
49,65.2,163.4,64,48.3,85,Cardio
47,98.3,188.8,101,52.2,26,Yoga
56,97.2,177.6,161,40.6,53,Strength
29,66.7,183,151,44,51,Cardio
58,78.5,166.1,165,31.9,58,Strength
35,95.5,174.1,102,47.9,115,Cardio
38,50.3,180.9,91,40.7,62,Strength
30,90.5,170.2,147,43,62,Strength
38,97.4,159.9,65,42.7,97,Cardio
25,54.6,198.1,133,49,22,Yoga
57,58.1,175.6,169,47.2,65,Strength
24,98,186.7,175,42.7,51,Strength
40,76.9,170.6,126,30.5,62,Cardio
49,50.7,167.8,66,48.6,119,Strength
28,62.9,170.4,88,56.4,100,Strength
39,72.5,170.5,93,53.1,22,Yoga
39,84.6,177.2,66,59.4,93,Strength
42,86.7,177.2,140,34.2,82,Yoga
39,99.8,174.9,136,36.7,59,Strength
45,64.4,156.7,117,46.2,37,Strength
46,76.9,174.8,144,37.1,86,Yoga
30,76.7,158.5,90,31,81,Yoga
35,70.3,156.3,132,42.1,29,HIIT
19,58.5,196.6,104,38.6,71,Strength
46,98.9,180.2,106,37.9,92,Yoga
38,92.7,183,136,58.6,65,Strength
32,74.9,170.1,140,37.2,74,Strength
44,80.2,195.4,131,33.9,65,Strength
48,61.4,181.9,132,33.8,94,Cardio
32,77.2,188.5,132,54.2,79,HIIT
40,84.7,168.4,99,51.4,116,Cardio
41,75.8,198,171,33.9,119,HIIT
30,99.5,191,175,36.6,45,Strength
39,80.6,192.7,89,52.4,46,Strength
54,68.5,158.6,121,38.2,57,Yoga
50,88.6,163.5,130,59.4,41,HIIT
20,58.5,164.3,76,46.2,45,HIIT
36,69.2,163.5,162,35.8,105,Cardio
40,67.3,192.8,161,55.8,88,HIIT
46,71.6,151.6,64,39.6,54,Strength
47,89.1,153.8,140,38.7,85,Yoga
56,74.2,163.7,163,39.8,118,Cardio
42,89.7,160,60,53,92,Yoga
54,78.8,161.6,139,35.2,70,HIIT
25,67.1,189.9,140,41.5,37,HIIT
59,90.5,178.2,153,30.9,62,Cardio
33,61.9,150.3,90,54.8,31,HIIT
25,61.2,171.5,94,40.2,22,Yoga
18,75.2,170.4,168,37.4,101,Strength
22,63,155.7,131,47.4,26,Cardio
20,50.5,183.8,171,51.1,116,HIIT
18,82.4,185.1,179,54.4,25,Yoga
21,75.6,186,89,40.4,101,Strength
57,72.3,186.4,162,54.4,64,HIIT
52,98.3,150,144,43.9,105,Cardio
49,78.6,197.7,74,33,58,HIIT
59,93.2,190.7,179,55.4,70,HIIT
51,57,195.2,157,46.4,28,HIIT
42,78.5,150.8,115,48.1,118,Strength
27,93.4,196.7,119,58.1,42,Strength
38,79.2,190.5,86,46.8,31,HIIT
56,85.9,191.9,61,30.2,107,HIIT
44,68.6,154.7,133,56.1,81,Cardio
44,54.6,186.9,123,38.5,92,HIIT
19,72.9,198,64,45.1,96,Yoga
58,69.7,183.9,150,36.1,59,Yoga
30,93.4,178.5,127,38.9,73,Cardio
26,62.2,197.3,170,50.6,100,Strength
53,98.3,172.1,72,42.9,26,HIIT
39,97.9,180,140,48.8,36,Cardio
59,62.4,173.8,144,54.7,69,Strength
43,67.4,196.6,82,40.2,43,Cardio
29,94.8,153.8,156,47.1,21,Strength
34,98.3,175.1,109,53.3,118,HIIT
31,72.2,184.3,138,51.5,111,Cardio
31,66,189.6,137,46.2,102,HIIT
51,76.3,179.2,132,41.5,52,Cardio
37,84.4,195.4,167,42.2,40,Strength
28,63.7,197.1,96,43,93,Cardio
33,86.8,153.2,89,40.5,72,Yoga
48,52.6,170.1,152,51,65,Yoga
23,52.5,151.2,82,33.8,64,Cardio
36,69.3,166.5,93,59,28,Yoga
54,67.7,176.8,178,53.4,25,HIIT
21,65.8,195.5,123,38.9,70,Yoga
21,74.6,192.3,114,31.3,54,Yoga
37,66,156.4,130,51.3,101,HIIT
27,59.6,154.7,176,52,72,HIIT
41,65.5,179.5,68,58.9,38,Strength
52,98.7,176.6,173,37.6,88,HIIT
43,70.6,163.3,63,32.5,44,Cardio
54,72.2,195,125,57.5,30,Yoga
55,78.8,196.4,179,37.8,93,Strength
38,99.2,170.1,150,51.6,36,HIIT
57,62.1,194.5,92,31.8,55,Yoga
56,84.1,169.2,91,52.8,109,Cardio
38,85.8,186.8,103,33.8,114,Cardio
27,80.4,173.8,168,50.9,115,Strength
55,54.4,156.1,169,46,40,Cardio
21,83.8,196.4,96,58.7,37,Yoga
37,53.2,172.7,150,31.1,79,HIIT
34,79.8,186.7,151,38.8,37,Cardio
24,87,168.4,126,32.1,20,HIIT
21,60.5,150.9,119,56.4,33,Yoga
46,92.1,155,118,47.8,27,Yoga
31,51.5,174.8,95,46,85,HIIT
20,92.2,184.5,108,33.9,70,Yoga
41,73,166.7,110,44.7,98,Strength
54,60.9,184.8,166,42,79,Cardio
33,56.7,184.9,67,39.5,53,Strength
21,97.7,185.2,167,53.2,55,Strength
41,53.6,174.6,109,31.8,81,Strength
51,60,195.7,173,49.4,20,HIIT
47,67.4,174.5,100,54.7,104,HIIT
35,81,172.5,160,57.2,61,Yoga
36,77.2,160,176,52.4,20,HIIT
48,56.3,165.4,172,38.5,115,Yoga
36,64.5,152.1,168,48,103,HIIT
36,61.9,181.7,97,34.2,73,Yoga
39,60.7,162.4,179,33.5,66,Cardio
41,70.6,165.2,145,49.2,119,Yoga
29,85.2,188.5,137,55.5,58,Cardio
47,60.9,166.4,138,32,49,Yoga
55,68.3,162.1,114,33.2,26,HIIT
48,69.5,158.5,169,47,41,HIIT
53,98.8,188.7,127,36.5,69,Cardio
36,97.7,156.5,77,48.4,64,Strength
53,90,172.7,124,36.4,93,Strength
47,62.1,175.3,123,33.5,91,Yoga
50,53.4,184.4,71,46.4,110,HIIT
35,65.8,181.7,177,55.9,29,Strength
45,63.3,190.5,100,50.6,33,HIIT
28,75.3,152.2,101,54.6,65,HIIT
50,88.9,164.8,176,38,94,HIIT
34,92.9,164,119,56.6,25,Yoga
23,92.2,157.3,109,41.3,40,Cardio
21,68,164.5,140,55.6,81,Yoga
37,84.4,165.5,142,44.1,116,Strength
44,65.6,176.1,95,38,38,Cardio
32,53,183.2,107,37.8,107,Strength
23,85.1,169.1,130,47,101,Cardio
31,50.5,186,132,32.4,118,Cardio
28,70.5,166.8,67,57.9,81,Yoga
56,66.5,164.5,84,38.1,102,HIIT
26,84.7,177.1,66,40.1,72,HIIT
43,88.3,151.2,165,37,43,Cardio
33,65.2,154,67,30.1,75,Yoga
22,90.6,170.9,147,50.8,81,Strength
27,64.7,197.1,140,47.7,53,Strength
20,72.3,186.1,135,54.3,41,HIIT
30,86.4,154.4,169,31.2,87,HIIT
47,84.6,192.3,90,57.9,76,Strength
23,99.4,186.6,71,39.9,29,Strength
34,61.3,180.5,116,57.4,85,Yoga
36,83.1,191,125,33.2,27,Strength
59,80.5,170.2,71,52.3,116,Yoga
52,95.8,161.1,86,47.4,57,HIIT
43,57.8,175.6,105,40.7,81,Strength
22,87.6,177.4,66,32.4,47,HIIT
46,78.4,176.9,120,48.1,29,Cardio
54,63.7,178.3,117,30.8,64,Cardio
37,73.7,197.4,117,45,84,Cardio
38,66.7,195.1,72,48.1,117,Strength
27,79,193.8,112,52,86,HIIT
22,94.5,190.1,159,59.7,28,Strength
53,78.5,197.2,124,37.8,24,HIIT
23,81.6,154.9,108,39.7,29,Yoga
43,75.9,163.3,94,40.2,31,Strength
21,52.6,174.8,153,51.9,101,Cardio
56,61.6,192.3,154,58,77,Yoga
56,74.6,175.3,76,59.2,40,HIIT
52,65.5,187.4,131,58.4,40,Strength
18,59.1,156.9,126,56.4,84,HIIT
41,75.2,162.6,69,59.7,22,HIIT
53,66.1,186.6,93,41.3,88,Strength
23,62.9,158.2,145,58.4,108,Strength
58,73.2,167.6,63,52.8,83,HIIT
48,56.7,163.2,155,35.1,68,HIIT
37,96.4,167.5,88,31.4,91,Yoga
41,93.4,185.4,105,36.4,36,Cardio
42,85.4,168.4,134,53.4,92,HIIT
53,55.3,177.8,105,49,51,Cardio
38,88.8,155,136,36.7,89,Yoga
47,90.4,190.3,118,52.3,40,Cardio
41,88.4,168.5,120,34.2,26,Cardio
59,55.7,182.4,127,54.7,26,Yoga
47,82.2,186.3,125,53.8,46,HIIT
39,91.7,160.5,93,59.2,27,Cardio
45,78.9,194.2,166,34.5,92,HIIT
24,82.3,180.8,145,57.2,47,HIIT
52,72.9,171.4,64,40.2,98,Strength
45,76.4,159.1,68,42.5,85,HIIT
31,51.7,197.1,79,44.1,90,HIIT
27,81.9,187.8,80,48.8,66,Cardio
33,54.1,160.4,76,59.8,101,HIIT
33,71.8,166.9,71,48,105,HIIT
48,64.6,190.5,151,57.8,29,Strength
59,77.3,184.8,141,37.7,52,Strength
42,56.7,188.3,126,42,26,Cardio
30,84.6,172.1,64,45.1,22,Cardio
23,89.8,185.8,119,39.7,33,Strength
26,58.2,169.3,112,59.3,63,Strength
53,55.2,160.6,111,51.8,65,Yoga
37,57.3,181.6,137,44.4,80,HIIT
35,93.9,198.8,107,52.5,55,Cardio
38,76.4,165.5,149,44,32,Cardio
21,73.4,173,78,30.5,35,HIIT
50,55.3,183.7,164,46.3,99,HIIT
44,82.5,177.1,76,48.8,24,Cardio
24,93.4,192.2,113,59.4,108,Strength
23,91.4,188.1,162,31.2,57,Strength
32,81.3,152.9,165,45.4,69,HIIT
35,53.8,199.9,127,32.9,57,Cardio
49,55.6,187.6,165,34.5,75,HIIT
28,52.5,193.2,94,48.3,82,Strength
37,62.9,182.6,147,36.9,67,Yoga
41,56.8,192.8,100,52.5,109,Yoga
32,63,155.6,72,45.4,78,Strength
24,69.3,167.4,92,36.5,96,HIIT
38,97.1,193.8,74,44.8,63,Yoga
59,80.5,160.1,122,30,109,Strength
43,91.7,153.9,74,55.9,74,Cardio
31,85.5,189.4,90,30.4,74,HIIT
54,55.6,191.8,166,30.2,20,HIIT
38,86.8,158.1,87,48.3,27,Yoga
35,63.8,192.7,69,59.2,23,HIIT
22,82,184.3,116,55.7,104,Yoga
20,67,176,130,37.6,105,Yoga
40,99.9,191.5,92,35.9,72,Strength
43,63.2,171,66,48.8,77,Yoga
54,64,159.7,64,54.7,56,Cardio
41,96.5,164.2,149,40.9,68,HIIT
36,51.2,175.3,178,43,86,Yoga
42,84.8,176.6,139,33.5,38,HIIT
38,86.3,190.3,116,34.6,20,Yoga
29,91.8,189.6,131,47.1,48,Strength
58,98.7,179.1,145,33.1,106,Cardio
50,98.8,189,157,36.1,52,HIIT
21,53.3,159.6,99,37,71,Strength
59,91.1,152.5,87,43.3,60,HIIT
24,82.3,193.7,169,31.4,42,Strength
39,82.4,153.8,95,45,24,Cardio
50,56.4,162.3,115,57.9,90,Yoga
34,82.5,184.8,106,30.7,76,Strength
41,99.1,170.5,130,48.9,25,HIIT
51,95.6,193.8,175,55.1,68,HIIT
45,72,164.9,99,39.4,41,Strength
58,52,150.6,118,33.9,96,Cardio
56,68.1,165,102,31.3,95,Cardio
39,91.3,178.9,151,49.3,23,Yoga
34,85.1,168.8,125,46.6,91,Yoga
51,73,176.7,68,36.9,83,HIIT
23,52.8,193.8,65,54.9,56,HIIT
23,71.3,195.6,178,52.1,50,Yoga
51,73.5,163.3,124,38.3,56,Yoga
18,96.4,173.1,62,52.6,64,Yoga
27,82.1,177.5,133,37.3,109,Strength
38,65.6,197.5,96,50.3,27,Yoga
22,76.3,199.9,167,33.6,59,Strength
19,53.3,161.8,146,50.8,116,Strength
39,98.6,186.3,92,37.2,112,Yoga
19,68,168.9,68,47.2,24,Cardio
27,73.9,150.4,112,35.2,47,Cardio
51,67.8,150.5,136,51.8,100,HIIT
33,84.1,173,151,31.8,106,Yoga
56,83.1,174.4,110,35,28,HIIT
39,85.8,151.1,130,35.5,21,Yoga
29,63.4,184.3,85,31.2,82,HIIT
41,65.8,164.7,75,52.4,115,Strength
57,56.3,178,99,59.4,70,Yoga
55,82.8,165,149,53.4,50,Cardio
27,52,158.4,110,55.8,26,Yoga
52,79.9,170.4,98,30.2,49,HIIT
49,93.5,161.6,114,33.5,77,HIIT
24,94.5,176.7,155,46.8,22,HIIT
38,72.5,159.9,95,59.3,70,HIIT
37,73,175.4,165,49.8,75,HIIT
43,53.8,157.9,124,41.2,92,HIIT
21,83.5,183.5,172,34.4,29,Cardio
39,91.1,187.7,144,34.6,80,HIIT
32,62.2,155.5,136,40.9,69,Cardio
57,71.1,173.4,174,51.4,66,Yoga
38,91.9,153.5,149,31,109,Strength
32,93.9,179.9,104,55.6,20,Cardio
39,62.2,163.2,68,58.2,113,Yoga
45,77.5,176.4,96,56.7,76,Strength
31,59.6,175.9,146,57.4,57,Cardio
44,55.1,196.2,60,30.5,81,Cardio
58,95.6,177.5,125,59.3,98,Yoga
57,91,179.1,122,41,108,HIIT
45,88,170.1,102,56.1,89,Cardio
43,52.4,197.5,87,35.6,101,Cardio
19,92.2,188.9,159,43.4,84,Yoga
42,71.9,164.3,90,31.3,81,HIIT
20,67.1,192.2,164,31.2,75,Strength
25,77.3,171.6,128,58.3,86,HIIT
50,54.6,191.4,160,54.3,36,HIIT
59,87.8,191.1,148,45.9,27,Yoga
52,79.1,159.4,67,45.8,79,HIIT
23,59.3,185.1,93,52.5,59,Yoga
56,59.4,164.5,162,40.3,100,Strength
40,59.2,164.9,108,52.9,108,Cardio
42,52.9,164.8,155,44.6,81,Cardio
36,79.4,186.3,117,49.1,60,Yoga
22,92,161.5,134,58.9,31,Yoga
28,50.9,150,106,44.1,112,HIIT
29,52.5,185.8,84,42.6,108,HIIT
27,78.6,158.6,62,57.2,119,Cardio
25,91,155.2,104,57.1,73,Cardio
41,66.3,161.9,173,59.8,108,Cardio
45,67.5,169,111,46.5,112,Yoga
58,79.8,173.8,155,40.3,30,Strength
53,63.7,152.2,175,37.2,79,Strength
54,51.3,198.5,158,31,87,Yoga
38,86.8,185.8,155,51.8,97,HIIT
25,81.3,166.2,93,37,65,Strength
26,79,165.9,160,48.2,57,HIIT
32,87.1,172.4,175,57.5,80,Cardio
57,83.8,181.3,128,58.5,36,Cardio
35,60.3,157.3,168,30.1,85,HIIT
59,67.6,159.4,151,39.5,91,Cardio
37,56.3,193,151,55.1,55,Yoga
23,56.5,162.8,67,46.1,93,HIIT
29,83.8,169,86,54.2,26,HIIT
19,92.9,193.6,139,55.6,119,HIIT
24,98.1,183.2,122,43.3,35,Strength
33,81.4,167.1,141,40.8,33,HIIT
20,59.2,184.2,84,43.7,99,HIIT
20,55.3,151,117,49.6,44,HIIT
44,90.6,186.8,107,41,23,Strength
57,78.9,174.4,60,53.2,48,Cardio
55,80.9,190.7,67,57.1,75,Strength
50,89.1,197.7,80,38.5,25,Yoga
45,85.2,196.3,157,58.9,20,HIIT
18,91.7,195.5,147,48.7,58,Yoga
25,52.8,175.6,160,56.3,20,Strength
54,87.4,168,149,33.1,82,Cardio
49,92.5,173.3,170,37.5,76,Cardio
54,64.3,184.5,137,39.6,86,HIIT
21,82,194.2,88,39.1,84,Cardio
47,65.7,160.3,89,35.2,84,Strength
23,97.9,195.9,62,56,40,Strength
36,51.7,190.8,66,42.6,49,Cardio
49,79,198.9,159,58.9,115,HIIT
26,58.3,194,70,47.5,52,HIIT
29,85.6,164,91,34.2,67,Strength
28,58.8,155.3,118,46.4,41,Cardio
33,61.8,155.6,71,59.8,113,Strength
18,74.7,164.6,138,47,73,Strength
38,95.7,180.7,97,30.1,23,Yoga
47,60.6,190.2,83,58,106,Strength
30,57.2,195,124,37,74,HIIT
51,87.9,181.2,77,50.7,63,Cardio
21,75,150.3,105,45.5,108,Cardio
45,95.6,159.3,115,39.8,31,Yoga
55,57.3,155,122,38.5,100,Yoga
48,82.3,168.2,66,57.9,98,HIIT
44,61.6,175.1,165,57.4,93,Yoga
22,57.8,152.2,164,45.4,118,Strength
42,84.2,167.4,125,37.8,71,Strength
20,79.7,159,99,33.1,112,HIIT
50,87.7,182.4,113,34.7,95,Cardio
21,65.5,173.2,90,45.7,84,HIIT
42,72.4,174.8,156,39.2,84,Yoga
37,70.3,171.4,111,31.3,29,Cardio
51,99.2,197.8,153,43.7,37,Cardio
43,64.6,160.7,90,52.4,66,Cardio
22,64.7,175.8,93,56.8,85,Yoga
52,67.7,186.8,66,47.6,68,Strength
45,78.2,177.8,148,51.7,91,Strength
46,62.6,196.5,75,40.9,41,Yoga
26,95.8,168.9,81,44.9,105,Yoga
55,63.3,173.2,159,51.9,45,HIIT
23,94.8,154.4,112,51.8,109,HIIT
36,55.2,180.4,150,42.7,28,Strength
28,82.8,164.4,76,46.3,40,Yoga
19,95.3,158,63,57.7,114,HIIT
26,58.4,177.2,120,49,82,Yoga
38,98.4,176.6,158,49.3,25,Yoga
41,72.6,153.8,164,53.5,33,Strength
51,97.3,184.9,145,33.5,52,Strength
39,83.8,181.2,170,45.7,90,Yoga
20,65.1,159.5,111,58.8,43,Cardio
29,59.4,173.5,94,40.8,92,Cardio
45,65.2,186,103,38.8,94,Yoga
47,54.7,176.5,74,48,106,Strength
43,57.2,169.8,120,36.6,70,Cardio
38,55.2,166.1,175,46.7,21,Strength
45,71.1,180.5,163,34.7,34,Cardio
43,89.8,197,103,47.4,54,Yoga
50,57.1,183.6,80,48.1,55,HIIT
38,56.5,153.7,136,42.6,111,HIIT
52,82.2,173,106,41.5,58,Strength
51,59.9,194.5,134,37.4,23,Strength
58,54.9,154.7,108,39.9,83,Cardio
35,58.3,199.4,112,45,93,Yoga
28,96.2,197.5,179,37.4,25,Cardio
40,91.1,153.9,86,53.5,76,Yoga
39,67.7,196.7,90,51.3,49,Yoga
34,82.8,168.2,103,38.1,118,Strength
22,76.9,192.2,91,32.9,93,HIIT
28,83.9,170.9,175,30,115,HIIT
47,84.1,172,89,47.9,86,Strength
32,81.4,181.7,77,36.3,109,HIIT
44,63.3,188.7,122,30.4,34,Strength
52,52,151.7,75,40.8,36,Cardio
50,72.8,179.7,94,58.9,110,Yoga
37,94.5,159.3,121,50.7,37,HIIT
33,78.5,167.3,68,55.7,38,HIIT
51,91.6,167.4,121,34.3,95,Cardio
19,99.6,173.5,98,32.2,107,Cardio
52,58.2,166.7,110,30.3,88,HIIT
57,84.6,155.4,160,58.7,43,HIIT
45,83.7,157.3,174,39,110,Strength
56,99,151.7,69,43.8,67,Strength
23,99.3,173.5,111,41.8,49,HIIT
26,84.3,197.7,71,51.9,34,Strength
37,62.2,155.8,131,39.3,66,Cardio
18,89.9,197.3,121,46.1,63,Yoga
25,55.4,186.7,62,59.9,117,Strength
40,89,181.9,142,43.3,46,Yoga
20,95.5,182.3,70,46.5,103,Strength
21,69.1,191.3,67,45.1,83,HIIT
42,81.5,155.3,149,54.1,60,Strength
55,71.5,175.2,168,38,115,Yoga
32,71.9,184.9,82,35.1,87,Yoga
38,65.5,179.3,178,52.6,24,HIIT
52,88.1,191.6,69,42.5,72,Yoga
31,96.8,153.6,77,57.4,27,HIIT
53,97,184.5,135,49.3,41,HIIT
29,58.7,176.7,98,46.9,26,Yoga
34,93.7,169,85,32.1,41,Cardio
56,86.9,167,70,51.9,65,Yoga
26,62.6,181,69,50.6,49,Yoga
52,53.4,194.5,62,49.2,35,Strength
30,63.4,174.8,121,38,98,Yoga
32,95.6,191.2,130,58.4,24,Strength
35,81.7,170.1,120,39.6,86,Strength
50,86.1,155.1,63,34.6,42,Yoga
23,62.9,153.1,120,59.6,80,HIIT
44,86,152.6,163,52.4,93,Cardio
40,51.4,169,67,42.4,24,Yoga
44,68.8,166.9,161,58.1,42,Yoga
51,81.3,185.9,72,32.7,98,HIIT
55,57.3,187.1,71,32.6,101,Strength
31,91.2,152.5,94,50.5,44,HIIT
53,61.8,161.1,161,35.3,27,HIIT
25,82.6,163.7,113,57.5,114,Strength
52,70.3,177.4,110,55.2,40,Yoga
36,79.8,157.2,102,39.2,21,HIIT
47,55.4,156.7,159,56.7,41,HIIT
31,50.8,197.2,170,31.3,91,Yoga
37,95.5,190.2,125,46.5,106,Yoga
42,63.5,159,74,58.1,115,Cardio
57,91,170.3,108,55.7,91,HIIT
41,100,167.8,93,40.7,87,Cardio
31,60.6,189.6,98,35.5,83,Strength
43,63.3,175.5,85,36.3,113,Yoga
55,83.1,156.4,171,45.4,38,Yoga
40,98.3,186.9,128,47.9,106,Cardio
39,95.8,169.8,107,31,101,HIIT
36,75.1,163.1,148,42.4,72,Strength
20,89.8,168.8,110,54.9,112,HIIT
59,56.8,174.9,157,43.3,106,HIIT
36,98.9,167.2,170,35.1,116,Cardio
26,98.2,162.1,63,58.6,71,HIIT
45,58.2,169.9,157,38,66,Cardio
37,65,151,86,54,101,Yoga
24,55,188.6,178,35.8,73,Yoga
31,63.6,158.5,101,42.7,63,Yoga
26,90.8,152.2,177,44.7,116,Strength
36,68.9,182.7,115,45,26,Strength
31,54.4,188.7,152,45.5,111,HIIT
55,67.1,190.7,128,36.7,20,Cardio
53,99.1,174.7,77,45.5,82,HIIT
57,81.5,160.3,120,44.5,117,Yoga
34,70.8,186.9,63,36.3,58,HIIT
47,58.3,185,60,59.6,38,HIIT
26,99.3,162.3,109,56,50,HIIT
50,91,195.2,143,56.6,96,Yoga
42,64.1,155.2,129,50.6,43,Cardio
31,53.5,199.1,79,34.8,88,HIIT
28,52.8,193,79,47,106,Yoga
52,56,184.4,105,54.6,102,Strength
58,79,196.9,86,31.2,84,Cardio
31,96.4,186.1,85,44.9,52,Yoga
47,74.8,159.5,91,41.9,78,HIIT
58,92.1,172.1,69,36.4,52,Yoga
21,72.3,153.6,141,41.3,51,Cardio
21,85.4,169.5,164,59.5,78,HIIT
45,86.6,187.1,71,51.7,111,Strength
25,58.7,169.3,133,39,60,Strength
19,68.1,166.5,147,48.2,31,Strength
58,81.9,179.8,83,37.4,92,Yoga
39,53.5,193.6,176,48.3,30,Cardio
58,68.1,152.4,110,56.9,116,Strength
33,76.7,169.3,97,46.7,38,HIIT
46,99.8,157.9,105,52,73,HIIT
47,73.7,184.8,148,43.6,76,HIIT
29,90.8,155.3,67,45.7,61,Yoga
52,71.6,183.2,114,50.9,117,Cardio
28,89.8,164.3,137,54.4,90,Cardio
38,79.8,159.9,166,49.8,50,Strength
38,94.3,196.8,90,59.3,71,Cardio
22,70.5,150.9,147,54.6,21,HIIT
37,80.2,171.9,75,53.3,102,HIIT
54,81.5,151.1,79,55.4,57,Yoga
20,70.9,174.2,97,38.4,51,HIIT
50,57.2,175.1,170,43,29,Cardio
26,54.7,166.1,74,46.9,27,HIIT
26,50.8,156.6,137,43.9,109,Strength
21,93.7,168.8,176,55.4,113,Yoga
52,61.8,183.6,135,30.8,94,Yoga
34,60.6,189.1,93,36.3,39,Cardio
51,86.8,176.5,131,56.5,39,HIIT
41,66,179.5,78,31.8,28,HIIT
49,75.3,160,169,36.8,91,Cardio
18,58.1,164.4,128,40.5,34,Cardio
25,98,158.1,179,52.5,117,Strength
40,92.6,162.5,150,46.8,107,Cardio
57,93.2,161.2,122,58.6,116,HIIT
29,70.3,176,164,36.8,82,Strength
29,88.1,178.1,136,56.2,110,Yoga
32,57.2,197.2,91,38.5,40,HIIT
58,50.4,159.8,154,37.4,24,Yoga
36,51,182.1,164,45,54,Yoga
43,79.3,190.9,169,32.1,104,Yoga
46,72.8,178,96,41.5,87,HIIT
39,75.9,162.8,125,40.7,67,Yoga
57,50.4,163.1,66,34.8,99,HIIT
38,71.1,152,107,55.8,114,Yoga
55,85.9,165.3,70,41.6,109,Cardio
37,72.1,187.2,134,59.5,81,Cardio
46,86.6,152.4,146,57,54,HIIT
21,61.7,161,90,35.8,89,Yoga
24,90.7,185.3,103,45.2,116,Yoga
45,79.4,189.1,104,48.1,40,Yoga
45,60.5,172.8,131,54.6,99,Cardio
21,61.8,184.9,115,56.6,58,Yoga
39,81.4,169.4,91,48.7,53,Yoga
29,91.5,158,171,31.1,34,HIIT
20,70.8,169.9,80,44.4,25,Yoga
39,62.9,179,90,56.5,85,Cardio
19,93.4,197.4,60,51.4,107,Yoga
41,83.5,153.4,136,56.1,75,Cardio
51,72.4,175.4,70,50.2,68,Cardio
44,74.4,166.4,152,31.3,111,Strength
58,60.2,175.4,127,59,20,Cardio
18,81.3,151.2,95,57.5,84,Strength
25,67.9,165.7,138,33.8,47,Strength
40,99.8,191,118,33.4,119,Yoga
55,74,177.7,126,46.2,39,Strength
23,74.3,172.5,115,52.7,67,HIIT
39,78.3,164.3,110,41.5,91,Cardio
42,95.8,164.9,88,34.1,84,HIIT
35,90,169.2,144,45.3,109,Strength
34,72.6,191.8,61,40.1,70,Yoga
29,85.9,198.4,65,40.6,62,Cardio
23,79.3,171.9,90,49.3,68,HIIT
43,74.6,169.7,113,56.6,44,Yoga
44,59.6,192.3,147,46.8,93,Strength
25,73.2,171.3,99,50.6,95,Yoga
36,62.3,177.6,76,49.8,60,HIIT
59,95.7,161.5,64,46.5,90,Yoga
18,66.8,187.2,61,39.3,83,HIIT
46,97.6,176.6,117,41.3,80,Yoga
52,76.7,190.5,71,39.5,31,Cardio
57,81.6,189,64,57.5,100,Yoga
31,77.1,160.8,165,54.8,88,Cardio
52,56.5,185.8,119,47.4,33,HIIT
37,68.8,190,100,57.4,53,Cardio
30,55,167.3,79,56.6,67,Yoga
55,81.1,158.6,131,57.8,80,Cardio
25,72.3,150.1,60,36.7,100,HIIT
37,88.9,172.5,115,51.5,54,Yoga
50,61,167.6,129,48.3,84,Cardio
43,58.2,177.7,115,52,78,Cardio
56,70.3,159.4,113,37.9,55,Strength
38,96.3,193,70,50.8,98,Cardio
59,85.5,162.9,62,42.3,38,Strength
58,70.9,161.3,154,55,61,HIIT
26,75.9,174,87,53.9,88,Strength
41,54.2,174.9,170,36.3,38,HIIT
54,99.2,160.8,166,35.5,58,Cardio
58,83.3,163.6,179,51.5,88,Cardio
34,64.3,158.5,64,46.5,71,Strength
41,79.3,185.9,149,46.7,31,HIIT
38,55.5,188.5,75,52.6,102,Cardio
56,98.3,173.1,176,55.6,66,Strength
58,58.7,185.7,90,37.2,95,Strength
56,82.4,186.8,87,46.7,55,Strength
30,62.3,156.9,66,54.9,82,Cardio
28,85.9,198.3,161,56.2,95,HIIT
36,88.8,191.1,68,38.6,101,Cardio
28,83.7,160.2,98,33.1,70,Yoga
30,80.7,159.3,158,37,62,Yoga
18,94.6,156.3,102,58.4,53,Cardio
57,53.9,156.9,86,43.9,116,HIIT
36,66.5,187.4,135,42.6,68,Strength
29,62.4,173.5,176,30.4,37,Yoga
25,99.4,189.1,148,31.5,80,Yoga
25,69.5,187.3,166,50.1,76,Cardio
29,86.6,180.2,152,47.7,112,Yoga
50,84.2,184.3,154,47.3,24,Yoga
43,60.6,150.9,157,33.3,108,Strength
56,61.9,165.6,92,40.6,43,Strength
45,64.1,181.9,150,54.4,112,HIIT
22,70.6,150.5,115,35.2,83,Yoga
25,61.7,151.6,179,56.5,78,HIIT
42,51,192.6,61,33.6,57,HIIT
44,94,184.2,73,35.1,52,Strength
40,98.3,163.3,72,44.3,29,Strength
47,67.1,184.4,83,58.4,56,Cardio
40,66.9,189.6,128,39.9,116,Strength
37,50.4,165.3,93,49.7,106,HIIT
35,84,151.8,178,47.7,30,Yoga
35,91.3,196.6,146,34.5,43,HIIT
19,57.3,167.3,78,37.4,107,HIIT
21,58,155.3,89,57.9,90,HIIT
47,89.5,174.6,108,35.5,40,Strength
50,80.8,188.4,102,50.9,39,HIIT
53,52.2,161.1,75,58.9,29,Cardio
35,81.1,163.5,111,33.6,108,Yoga
54,65.4,162.1,173,42,66,Strength
36,68.4,199.6,175,36.7,119,HIIT
45,88.5,159.9,163,36.6,66,Cardio
57,90.5,178.8,157,33.6,34,Yoga
37,70,196.3,108,49.5,63,HIIT
50,97.4,157.3,70,52.4,81,Yoga
29,70.3,198.5,137,50.3,25,Strength
32,88.6,197.4,171,57.7,85,Strength
58,74.2,194.2,106,34.4,95,Cardio
56,94.9,160.7,138,39.6,23,Strength
19,95.4,181.7,94,40.3,42,Cardio
46,54.4,188,130,37,32,HIIT
58,96.8,199.3,88,34.3,100,Yoga
27,91.3,159,167,44.6,50,Strength
19,89.6,188.3,113,55,35,Yoga
28,60,166.9,145,58.6,60,Yoga
30,90.3,158.8,82,33.9,109,HIIT
27,92.5,171.1,83,54.7,111,HIIT
31,64.5,189.7,158,54.7,20,Strength
35,97.6,173.2,174,41.7,31,HIIT
26,52.5,176.9,69,33.3,75,Yoga
56,57.5,199.8,120,59.7,69,Cardio
45,76.9,170,67,49.7,39,Cardio
20,78.8,180.8,107,59.5,85,Cardio
37,82.3,168.3,171,44.5,55,Strength
23,50.8,169.6,135,41.9,98,HIIT
44,98,184.8,152,37.4,57,HIIT
19,52.2,196.9,88,59.5,41,HIIT
46,57.2,177.1,146,37.6,80,HIIT
55,50.7,188.4,85,30.7,69,Yoga
20,78.3,154.5,96,45.4,115,Cardio
33,96.6,160.6,155,41.3,78,Yoga
47,83.3,175.1,111,37.8,39,Strength
57,91.1,151,97,49,55,Cardio
19,50.7,162.6,65,40.9,116,Cardio
34,77.1,175.9,67,42.1,34,Yoga
58,73,150.7,76,30.7,81,Strength
29,74.9,163.2,135,47.7,22,Strength
52,53.6,175.7,121,33.7,112,Cardio
18,84.2,178.7,145,36.4,110,HIIT
32,75.2,196.3,137,51.5,24,Strength
43,88.3,182.3,93,39.4,75,Yoga
54,74.3,170.7,78,34.9,50,Strength
38,57.5,196.5,129,47.3,105,Cardio
48,82.4,189.2,141,36.4,54,HIIT
42,58.6,160,159,38.1,90,Strength
40,93.6,156.5,177,48.6,89,Cardio
41,80.7,183.8,96,52.2,45,Strength
55,57.9,178,97,52.2,20,HIIT
45,98.1,189.5,74,44.5,102,Yoga
38,75.9,186.9,161,43.6,26,Cardio
35,53.6,181.3,99,53.6,55,Cardio
53,81.3,199.3,68,35.8,95,HIIT
52,62.7,176.7,112,34.6,103,Cardio
26,90.2,155.7,177,49.9,106,HIIT
55,90.9,191.4,129,42.3,44,Cardio
47,98.9,162.6,177,51.3,113,HIIT
51,75.1,188.9,125,37.7,78,Strength
49,72.7,197.9,139,39.7,80,Strength
20,87.7,184.8,111,56.9,48,Strength
20,56.6,179.8,60,42.6,114,Cardio
45,77.3,173,89,47.7,37,HIIT
32,77.3,168.2,171,33.2,60,HIIT
58,54.5,167.7,156,35.4,38,Yoga
40,70.9,181.8,60,31.1,23,Strength
57,92.7,187.6,98,42.7,84,Yoga
28,92.8,183.9,75,59.7,60,Strength
49,55,159.9,76,56.2,34,Yoga
53,54.5,174.7,171,49,73,Strength
50,63.1,189.6,171,55.8,83,HIIT
41,93.7,173.8,161,47.8,91,Strength
56,56.4,176.8,141,41.1,34,Cardio
51,86,188.6,81,35.2,98,Strength
45,55.1,183.1,145,49.6,69,Strength
54,81.2,170.5,158,35.8,41,HIIT
24,67.8,194.8,90,42.5,37,Cardio
21,89.4,158.1,99,54.8,99,HIIT
54,61.7,199.8,86,33.9,21,Yoga
18,82,155.9,95,33.9,55,Yoga
18,61.8,150.7,178,36.7,39,Cardio
37,85.7,194.5,63,46.6,35,Yoga
36,93.7,162.2,172,37.6,86,Cardio
46,56.3,186.5,177,45.1,49,Strength
27,93.3,190.6,128,39.1,74,Yoga
35,79.7,192.9,84,45.2,85,Strength
45,56.4,199.6,154,38.3,118,HIIT
52,71.4,164.7,137,59.4,45,Yoga
48,58,185.5,89,44.8,76,HIIT
44,85,155.8,106,52.3,88,HIIT
28,87.9,170.3,71,51,21,Cardio
55,55.3,192.4,86,44.7,75,HIIT
22,75.3,168.4,104,37.2,103,Cardio
25,90.7,179.6,147,45.3,81,Cardio
51,96.8,175.2,122,50.4,53,Cardio
29,75.7,182.3,114,43.8,117,Cardio
55,97.5,198.6,89,32.5,75,Cardio
18,76.8,152.8,141,30.5,74,Strength
48,69.7,178.7,73,39.8,39,Cardio
21,92.4,193.2,115,34.5,69,Yoga
22,74.6,174.1,78,57.2,44,Cardio
47,73.6,153.9,145,35.3,103,Strength
41,74.5,178,85,41.8,44,Yoga
20,92.3,166.6,130,51.4,72,Yoga
28,91.6,157.7,151,54.5,33,Strength
21,70.2,192.5,97,44.3,79,Yoga
43,66.7,176.1,128,35.4,62,Strength
44,74.6,196.7,95,38.1,81,HIIT
44,78.6,190.3,77,42.6,95,HIIT
59,61.9,184.6,116,40.9,88,Cardio
23,89.7,150.3,137,40.5,82,Cardio
32,74.3,171.4,171,34,21,Cardio
47,66.7,159.9,82,57.4,73,Cardio
59,55.3,195.5,178,30.9,35,Strength
54,61.9,158.7,175,43.2,74,HIIT
54,97.5,164.3,73,59.4,113,Strength
59,65.3,175.8,155,49.8,62,Yoga
54,58.4,163.2,128,40.7,80,Yoga
52,73,160.5,81,34.4,57,Yoga
40,65.4,180,87,58.9,64,Yoga
23,51.8,154.4,102,30.4,70,Yoga
21,66.2,152.9,135,50.4,61,HIIT
35,77.2,168.6,77,56.4,43,Strength
26,77.6,186,159,30.8,49,Yoga
46,67.8,177.7,154,51.8,56,Cardio
30,72.4,171.1,136,60,72,HIIT
34,98.3,178.3,143,49.2,82,Cardio
49,68.9,168.3,168,42.4,30,HIIT
39,62.9,196.8,95,56.2,97,HIIT
21,62.2,152.7,178,46.6,42,Cardio
22,72.9,183.7,178,52.5,99,Cardio
54,88,194.6,66,47.6,69,Yoga
58,60.3,190.2,82,31.1,104,Cardio
30,85.5,159.2,93,36.4,74,Strength
51,51.1,164.8,176,32.4,74,HIIT
39,70.9,185.9,173,33.2,23,HIIT
40,88.8,154.2,155,30.5,116,Yoga
20,66.9,190.6,80,42.6,73,HIIT
59,78.2,185.9,129,35.4,80,Cardio
51,60.2,186.5,139,55.7,97,HIIT
49,87.1,155,158,52.5,102,HIIT
38,52.6,185.9,177,47.2,24,Cardio
38,92.6,184,106,44.7,119,Cardio
28,59.9,191.5,112,37.7,114,HIIT
56,93.7,152.1,143,44.2,37,Strength
21,67.6,151.2,165,49.2,63,Cardio
18,86.1,168.7,100,53.5,50,Strength
45,66,157.4,134,32.5,113,Strength
41,95.3,177.9,91,51.3,40,Yoga
52,56.3,195.9,73,52.3,66,Strength
30,58.9,169.6,147,46.8,49,Yoga
51,74.7,192.2,167,36.4,74,Strength
28,54.1,150,162,46.2,87,Yoga
53,59.8,158.4,166,45.1,88,Cardio
34,97.2,151.5,154,44.3,60,HIIT
52,98.8,166.4,76,43.8,64,HIIT
35,68.8,195.4,84,33.3,93,Yoga
57,96.2,154.8,123,35.5,110,Cardio
39,77.2,180.3,132,32.9,99,Yoga
41,63.5,172.6,145,37.3,49,Yoga
36,85.1,196.9,178,37.9,96,Cardio
54,82.9,156.1,168,37.4,119,Strength
56,99.5,160.6,107,36.3,104,Strength
38,63.3,151.5,94,52.1,64,Cardio
25,83.6,171.7,96,54.6,64,Yoga
45,52.6,163.9,114,39.8,98,HIIT
22,55.7,193.5,76,39.2,103,Yoga
34,50.2,180.2,87,55.3,103,Strength
54,100,180.7,60,48.7,64,Cardio
53,90.1,176.6,112,38.8,74,Cardio
36,89.3,154.6,132,51.4,78,Cardio
44,75.5,172.3,114,40.3,24,Strength
51,65,200,172,47.6,51,Yoga
28,57.6,191.8,120,59.8,25,Cardio
29,64.2,194.7,72,39,113,HIIT
38,68.8,191.2,106,57.9,45,Cardio
28,87.8,155.2,123,39.6,56,Yoga
56,77,161.4,91,46.2,32,Strength
45,53.9,150.2,87,43.8,112,HIIT
22,50.9,165.2,112,53.5,88,HIIT
34,55.1,155.4,90,31.8,44,Cardio
37,70.5,173.6,67,48.8,32,Yoga
58,96.7,183.9,131,52.8,107,Cardio
29,81.9,193.7,157,44.2,114,HIIT
23,90.1,187.5,146,33.2,39,Cardio
34,73.3,196.9,133,37.3,91,Yoga
36,68.1,152.7,160,50.4,79,Strength
43,55.4,150.6,171,56.9,92,HIIT
49,93.8,183.1,84,42.6,40,Yoga
23,89.2,164.5,174,46.8,80,Cardio
53,58.4,162.7,92,36.9,103,HIIT
55,75.6,166.5,168,42.4,98,Cardio
28,74.4,163.5,127,40.1,45,Cardio
50,81.3,175.6,66,49.7,73,Strength
41,97.3,172,156,59.5,61,Cardio
40,79,175.6,125,54.4,30,Cardio
32,77,183.6,171,35.8,56,Yoga
44,52.5,169.4,105,47.3,30,Cardio
28,53.1,162.6,155,32,46,Strength
34,59.4,158.3,64,37.4,113,Cardio
31,51.6,167.5,169,35.2,102,Cardio
44,87.2,187.1,76,40.1,53,Cardio
35,86.2,187.8,135,50.4,57,HIIT
45,56.8,183.3,111,45,80,Strength
21,91.8,161.7,71,58,106,HIIT
24,57.7,179.4,121,36.4,72,Strength
52,65.1,178.5,94,40.9,84,Strength
26,62.4,174.2,121,39.9,22,Yoga
25,68.6,177.5,80,37.1,86,HIIT
34,62.7,174.6,144,59.8,47,Strength
34,74.4,178.3,125,41.6,33,Strength
50,70.4,185.8,112,58.2,71,Yoga
49,99.3,155.5,80,41.7,49,HIIT
25,52.8,187.5,74,36.1,77,Cardio
36,57.1,156.8,134,33.6,73,Yoga
55,52.6,153.3,133,55.7,88,Strength
20,81.3,198.8,141,31,34,HIIT
22,52.7,197.8,82,58.9,57,Strength
30,91.8,153,90,42.5,97,Yoga
48,75.6,172.2,113,37.4,33,Yoga
33,76.4,159.3,114,48.5,76,HIIT
49,78.1,174.3,179,34,78,Yoga
39,58.5,191.5,85,32.2,27,Yoga
46,59.9,197.5,112,54.8,91,Cardio
39,65.9,181.7,125,42.7,38,Strength
20,79.7,167.7,98,45.5,51,Cardio
27,60.5,180.2,66,35.3,114,Cardio
59,55.8,165.6,147,31.8,48,HIIT
38,98.5,195.5,98,41,60,Yoga
33,51.1,193.5,91,45.2,94,Strength
29,90.1,177.9,85,53,64,Strength
19,89.4,166.2,146,45,32,Strength
58,64.9,164.7,137,53.5,46,Yoga
41,56.8,151.7,88,33.5,38,Strength
52,57.3,190.8,84,31.9,45,Strength
47,84.9,172.5,115,34.8,72,Yoga
47,82.1,166.3,90,53.2,70,HIIT
52,89.1,173.6,125,52.8,56,Strength
36,96.9,190.9,61,34.2,28,Yoga
25,84.6,156.2,146,30.9,111,Cardio
43,57.8,192.9,106,50.6,115,Yoga
57,62.2,194.9,134,55.7,71,Cardio
24,92.1,197.3,88,52.6,73,Yoga
47,60.5,169.9,165,36.1,22,Strength
24,53.6,160.9,158,47.5,115,HIIT
20,85.2,168.7,108,52.7,88,HIIT
18,70.1,166.6,132,37.7,27,Strength
53,96,158.8,91,45.8,33,Cardio
42,82.5,180.4,89,39.4,22,Yoga
54,54.5,173.8,74,36.8,43,Strength
18,97.4,193.3,121,59.1,32,Yoga
32,62.9,151.6,137,57.4,62,Strength
54,66.9,182.2,174,43.4,48,Strength
30,70.1,188.1,76,34.1,91,Yoga
57,52.6,188,81,51.8,70,HIIT
25,74.8,194.3,175,37.7,61,HIIT
22,56.2,186.5,89,35.1,50,Cardio
26,70,196.4,140,41.4,82,Yoga
18,67.5,166.6,75,45.9,45,Cardio
53,88.6,175.2,111,32.9,37,Strength
52,90.2,150.7,67,47.2,101,Cardio
19,57.7,150.3,123,30.5,76,Strength
57,68.3,162,98,56.8,26,Yoga
40,68.7,155,90,57.6,67,Yoga
26,57.6,163,71,52,99,Yoga
51,89.9,158.9,92,44,79,Yoga
31,85.4,151.4,117,37.6,52,Cardio
21,59.5,195.5,71,52.3,22,Strength
47,68.3,150.4,84,58,23,HIIT
48,55.3,186.8,97,34.8,119,Yoga
55,81.4,157.6,107,44,23,Yoga
28,56.1,195.6,141,39.5,61,Strength
52,99.3,194.6,142,40.7,28,HIIT
25,89,182.7,114,42.2,70,Yoga
20,69.5,183.6,62,58.6,36,HIIT
31,78.9,150.3,158,37.8,36,Yoga
30,95.6,199.2,128,44.8,116,Cardio
49,77.7,193.9,94,58.5,39,Cardio
51,58.7,194.8,110,44.3,33,HIIT
36,68.9,183,86,55.9,41,Strength
55,92.2,167.2,96,31.8,71,Strength
33,82.2,194.7,169,58.6,46,Cardio
19,82.5,164.6,144,35.6,62,Strength
57,93.3,178.1,75,59.4,22,Strength
34,94.7,155,151,35.3,107,Strength
51,96,196.1,84,43.3,113,HIIT
59,54.7,157,92,39.3,27,HIIT
33,77.2,161.2,121,43,105,Strength
55,87,177.9,76,37.5,108,Cardio
19,87.8,188.2,102,59,29,Strength
19,80.3,181,89,39.2,48,Yoga
43,58.3,161.6,100,49.6,59,Cardio
30,89.9,150,176,34.1,84,HIIT
48,86,187.9,63,54.7,40,Yoga
51,54.3,199.3,125,46.3,43,Strength
56,73.2,190.5,119,59.4,92,Strength
20,58.7,173,68,42.7,79,Cardio
25,66.9,195.2,177,35.9,45,Cardio
40,50.9,170.5,90,40.4,28,Strength
31,70,176.2,148,52.1,39,Strength
44,77.5,173.9,160,49.8,75,Cardio
46,81,172.4,159,53.4,118,Yoga
56,83.2,188.8,178,32.2,55,HIIT
56,91.8,176.3,128,47.4,55,Cardio
18,60.8,165.8,83,58,92,Yoga
34,56,162.9,83,33.2,41,Strength
58,92.6,151.9,152,32.8,20,HIIT
47,57.8,179.2,173,51.5,88,Yoga
30,98.7,161.5,104,39.5,92,HIIT
38,92.1,157.4,154,49.8,56,HIIT
36,75,182.7,96,46.4,102,HIIT
36,99.1,184.1,117,59.6,91,Yoga
42,54.9,187.6,179,56.7,115,Yoga
39,65.2,175.2,142,50.3,32,Strength
48,81.9,194.7,82,37.9,103,HIIT
34,67.5,196.8,94,37.9,119,Cardio
40,96.4,190.4,122,56.5,62,Cardio
49,53.3,181.8,177,47.6,56,Cardio
27,77.5,165.2,173,53.7,113,Yoga
27,79.5,199.1,65,43.5,93,Strength
53,82.6,163.7,65,33.1,114,Yoga
25,62.8,160.1,179,40,44,HIIT
37,68.2,172.1,160,34.8,112,Cardio
49,92.2,152.8,89,53.5,107,Yoga
31,59.7,198.9,60,51,40,Cardio
45,91.3,179.4,122,32.7,60,Yoga
41,78.1,177.8,67,48.6,92,Cardio
32,88.1,182.8,87,56.2,61,HIIT
39,85.7,174.9,148,50.9,61,Cardio
47,60.4,151.6,92,45.3,21,HIIT
21,78.4,180.6,112,39.4,87,HIIT
30,93.4,185.8,97,56.6,27,Yoga
40,71.6,170.8,111,42.7,115,Yoga
25,98.3,187.9,137,55.7,80,Yoga
35,72.6,161.4,70,53.5,33,HIIT
29,57.1,161.1,61,54.5,96,Strength
48,69.5,158.1,112,59.7,40,Strength
31,97.6,168.6,153,52.5,43,HIIT
51,66,192.4,153,31,69,HIIT
35,93.4,191.4,127,36.2,101,Yoga
51,94.1,169.1,136,31.1,64,Yoga
28,67.5,179.5,66,35.7,83,Yoga
58,54.2,186,161,31.8,83,Strength
29,86.2,162.1,126,45,45,Strength
32,65.6,158.4,68,30.8,51,HIIT
48,89.1,198.6,137,44.2,76,Strength
46,72.1,180.9,175,57,72,Yoga
43,74.3,199.1,122,52.5,52,Yoga
35,88.9,166.9,70,58.3,71,Yoga
49,69.1,185.2,96,36.8,114,Yoga
39,72.2,161.1,73,45.9,37,Yoga
55,68.8,163.1,78,39.6,54,Cardio
34,68.4,175.6,67,44.8,31,HIIT
40,76.3,166,66,46.7,70,HIIT
41,90.4,158.4,118,31.1,108,Strength
25,68.1,163.1,122,37,114,Yoga
58,76.2,151.8,66,51.1,29,Cardio
23,83.5,185.2,179,53.2,71,Yoga
22,63.5,174.6,114,47.1,53,Yoga
46,63.9,154.7,62,38.1,86,Strength
45,96.7,158.6,126,42.2,58,Cardio
28,86.2,155.1,77,32.9,27,Cardio
18,78.9,180.6,104,58.6,115,HIIT
36,82.4,154.7,156,56.1,48,Yoga
26,51.5,187.7,160,32,41,Cardio
44,80.9,151,151,35,103,HIIT
51,75.5,162.5,95,47.4,89,Cardio
21,77.3,194.5,75,37,80,Yoga
53,68,185.9,138,58,62,HIIT
35,54.1,153.6,88,52.7,68,Cardio
32,59.7,191.1,118,38.2,48,Strength
30,97.5,174.7,77,30.2,100,Cardio
36,70.4,192.3,108,54,50,Yoga
23,73.3,180,169,42.7,72,Strength
29,52.6,184.1,105,49.3,53,Cardio
54,51.9,199.7,142,38.6,57,Cardio
34,85.9,161.6,88,34.3,76,HIIT
40,76.9,181.2,129,50.3,23,Yoga
43,75.4,173,168,43.5,21,Cardio
46,62.2,152,109,37.1,31,Cardio
50,87.2,150.7,170,34.1,54,Cardio
44,58.4,156,114,47.4,89,Yoga
42,59.5,182.5,86,51.8,91,Strength
27,73,178.4,66,38.5,40,Yoga
40,64.3,177.7,150,52.1,80,HIIT
38,62.4,151.6,142,35.5,54,HIIT
38,82.3,173.5,140,40.2,67,Yoga
30,82.5,196.2,100,52.3,34,Cardio
54,91.2,169.9,70,49.8,90,Cardio
50,70.9,181.2,64,38.1,34,Strength
41,53.7,189,125,33.7,25,Yoga
28,63.7,189.2,170,31.3,100,Yoga
34,99,176,115,55.1,87,Cardio
21,79.8,192.9,71,32.3,41,HIIT
42,85.5,169.6,101,33.4,51,HIIT
47,50.4,194.4,165,37.1,41,Strength
26,75.9,162,175,43.4,46,Strength
38,51.9,164,134,53.7,34,HIIT
37,78.5,152.7,69,37.4,63,Yoga
36,96,189.8,87,46.3,105,Strength
36,98.4,170.9,66,32.7,111,Cardio
29,77,161.5,73,43.9,28,Yoga
54,72.9,161.6,136,35.3,53,Cardio
59,97.3,195.1,128,36.3,119,Strength
34,83.7,191.7,120,41,92,HIIT
54,53.2,177.7,110,52.8,34,Strength
56,73.3,180.8,101,52.3,81,HIIT
45,62,173.7,67,42.4,64,Yoga
58,73.5,169.6,109,33.6,103,Strength
52,72.8,195.8,60,38.4,91,Strength
35,79.1,156.3,128,45.2,77,Strength
31,67.8,170.9,70,56.1,111,Yoga
52,58.2,167.2,175,59,38,Cardio
58,75.2,174.9,166,49.1,35,Cardio
24,91.5,172.9,107,40.5,94,HIIT
58,83.2,175.9,69,50.8,27,Strength
30,66.9,157,74,40.1,52,Cardio
35,96.8,175.7,162,48.8,93,Yoga
54,95.6,162.1,106,37.3,37,Strength
30,60.5,159.2,152,38,54,HIIT
53,52,153.2,84,32.3,62,Cardio
48,87.1,188.1,171,42.6,69,Yoga
19,91.4,171.4,65,48.5,22,Yoga
33,98.4,181.3,70,53.7,110,HIIT
26,94.5,186.4,76,54.3,78,Cardio
26,80,184,74,59.8,47,Strength
55,76.5,173.5,75,32.6,65,Yoga
28,51.4,169.4,115,44.8,83,HIIT
39,62.3,168.8,125,45.6,89,Yoga
50,73,182,95,54.1,66,Yoga
53,81.4,174.7,142,38,33,Cardio
40,77.9,192.5,97,32.1,26,Cardio
51,87.1,193.7,173,39.4,93,Strength
26,64,158.5,144,59.5,98,Yoga
41,78.2,156.8,134,57,50,HIIT
25,54.4,181.5,164,41.9,112,Yoga
24,70.7,165.1,62,56.3,100,HIIT
53,87.5,150.9,157,31,70,Yoga
35,84.7,194.4,77,39.4,48,HIIT
20,99.5,161.3,138,51.8,34,Yoga
45,63.9,196.5,148,36.6,109,Yoga
23,74.9,185.9,113,36,95,Strength
38,66.5,188.1,173,55.9,44,Cardio
45,72,160.1,174,48.5,80,Cardio
57,92.8,161.7,138,59.7,60,HIIT
18,84.2,176.1,153,34,88,Yoga
53,94.1,158.6,76,40.7,23,Yoga
38,60.2,165.3,141,39.3,76,Cardio
52,93.7,166.1,154,56.4,50,HIIT
30,53,158,173,37.7,22,Strength
27,94.4,160.3,166,40.6,86,Strength
27,66.5,189.4,141,34.3,109,Strength
30,65.7,158.4,178,53.3,69,Yoga
54,75.6,151.4,158,37.1,36,HIIT
55,97,181.5,72,32,79,Cardio
41,52.4,198.8,122,43.1,93,Yoga
19,67.6,166.6,73,41.7,85,Yoga
39,92.8,155.9,118,35.3,107,Strength
34,69.8,178.5,95,34,94,HIIT
53,60,195.3,77,56.9,43,HIIT
31,71.2,189.2,64,32,118,Strength
27,69.3,181.1,73,33,106,Strength
52,95.8,165.8,84,37.4,51,Strength
42,88.1,177.1,103,58.6,106,Yoga
20,75.3,154.6,98,32.6,117,Yoga
55,99.4,183.9,71,54.5,38,Yoga
34,73.3,186.3,163,56.8,85,Cardio
29,52.9,198.3,120,41.3,79,Cardio
41,63.1,163,121,38.8,85,HIIT
46,71.8,150.9,112,50.3,34,Strength
42,57.8,177.3,112,51.1,104,Strength
53,97.4,185.3,87,53.4,54,Yoga
43,88.3,189.5,94,54.9,88,Cardio
55,63.4,159.7,177,38.1,46,Strength
18,79.5,163.1,124,50.6,107,HIIT
37,86.1,175.6,62,34,26,Strength
45,97.1,166.5,102,45.3,25,Yoga
33,94.1,193,109,48.4,52,Yoga
34,75.8,173.7,130,34.9,77,Cardio
57,88.7,190,68,32.3,68,HIIT
45,78.1,179,95,35.8,36,HIIT
29,77.6,188.7,82,42.6,61,Strength
44,55.7,166.6,147,56.6,113,HIIT
59,56.3,191.6,133,46,91,Strength
47,76.5,163.7,109,52.5,59,Strength
58,63.4,177.3,114,35.2,65,Cardio
51,51.1,160.7,171,33.2,90,HIIT
54,86.1,173.8,71,37.2,89,Yoga
23,51.6,165.9,142,39.4,87,Strength
24,79.8,163.3,91,46.4,20,Strength
49,77,198.3,83,56.4,98,Strength
49,98.4,158,145,42.8,114,HIIT
42,74.2,189.4,126,45.6,108,HIIT
50,53.2,199.2,163,30.1,116,HIIT
24,77.6,151,86,31,71,Strength
29,92.1,185,120,32.5,54,Yoga
33,99.8,162.6,78,51,88,Yoga
33,71.5,152,132,44.6,24,HIIT
53,66,170.1,110,35.8,119,Yoga
30,95.3,196.8,123,47.8,36,Strength
24,59.6,150.6,172,46.3,72,HIIT
53,80.8,179.4,136,32.7,71,HIIT
26,70.3,175.1,61,49.2,33,Strength
49,52.1,193.7,95,53,48,HIIT
28,67.4,154.2,152,38.6,27,Strength
25,63.3,184.1,70,50.6,117,HIIT
50,84.3,184,157,36,20,Yoga
40,97.4,183.5,127,52.7,48,HIIT
42,63.4,197.1,127,57.4,55,HIIT
25,90.6,191.2,175,43.3,70,HIIT
39,52.8,152.1,123,37.3,56,Cardio
21,76.9,173.6,60,42,112,Yoga
57,53.5,169.9,148,37.5,88,Strength
20,96.7,165.5,85,30,72,Cardio
46,88.3,172.6,70,49.5,115,Yoga
58,82.9,169.2,146,31.3,71,HIIT
46,91.2,171.6,61,36.3,107,HIIT
51,82.4,199,142,51.7,102,Strength
51,98.4,154.4,152,50,31,Strength
45,85.7,196.1,99,32.2,71,Yoga
30,96.2,174,178,49.8,20,Yoga
32,75.9,181.2,175,57.9,26,Strength
40,55.9,191.5,63,32.2,36,Yoga
43,76.4,168,139,42.5,117,Strength
21,56.3,171.5,170,51.9,62,HIIT
43,79.6,170.5,96,50,90,Strength
57,74.1,168.7,120,36.8,36,Cardio
26,81.1,196.3,150,34.9,78,Strength
22,50.5,191.4,64,53.5,22,Strength
49,59.7,155.4,74,58.7,48,Cardio
37,74.6,155.4,146,53,41,Cardio
28,97.5,171.4,172,58.9,57,Cardio
32,69.2,154.9,126,48.1,73,Cardio
49,71.2,181,141,57.9,112,Strength
45,85.7,157.2,166,50.7,69,Yoga
39,80.2,176.1,85,57.3,88,Cardio
58,64.9,150.4,65,34.8,49,HIIT
34,70.5,165.8,103,54.5,42,Strength
43,60.9,183.9,177,35.9,104,Yoga
24,98.3,174.2,117,30.8,109,HIIT
59,56.5,198.9,140,45.5,66,Strength
43,68.6,193.7,105,39.5,40,Strength
42,51.3,168,161,31.3,39,HIIT
27,61.1,152.3,101,59.4,42,Cardio
36,89,192.3,107,50,87,Cardio
28,60.1,195.6,173,57.1,40,HIIT
30,54,191,86,60,40,Yoga
25,73.7,156.4,79,41.8,20,Cardio
57,50.5,199.9,129,37.6,34,Strength
21,54.2,162.9,174,35.5,36,Strength
48,90.4,186.2,94,45.5,70,Yoga
45,88.6,195.4,135,48.2,82,Strength
28,95.8,161.8,107,44.2,33,Cardio
18,92.7,195.4,126,41.6,78,Yoga
55,84.2,165.5,171,35,102,Cardio
41,52.6,198.8,127,43.3,69,Yoga
48,89.1,164.1,111,32.6,53,HIIT
58,92.3,197.7,168,56,25,Strength
43,90,152.7,127,31.4,68,Yoga
22,75.4,185.5,63,41.4,25,HIIT
37,61.6,176.6,98,33,88,Cardio
58,92.3,173.9,80,53.2,26,HIIT
28,86.4,161.2,167,39.4,116,Cardio
50,99,185.3,125,33.4,96,Yoga
55,57.8,159.5,75,45.9,70,Yoga
44,61.3,177.6,66,57.5,20,Strength
51,60.6,162.7,142,57.3,32,Strength
32,89.6,197.8,166,37.5,62,Yoga
49,59.3,151.4,156,51.6,46,Cardio
38,53.3,160,68,30.9,90,Cardio
22,99.9,162.1,160,34,22,Yoga
23,51.2,170.7,76,45,77,Cardio
55,91.8,161.6,150,36.9,108,Yoga
39,68.3,174.6,156,53.9,116,Strength
35,92.1,193.6,172,57.9,36,Cardio
31,77.7,185.6,71,30.1,64,Strength
27,95.1,179,116,37,97,HIIT
30,96.3,154.5,104,43.2,77,Strength
48,50.5,184.7,179,46.9,75,HIIT
47,53.8,158.3,70,57.5,73,Strength
20,62.5,189.3,72,56.8,106,Strength
47,83.5,162.5,90,49.1,107,Cardio
23,94.4,170.9,136,37.7,48,Strength
46,73,167.5,161,53.5,73,Yoga
25,80.3,192.9,85,36.1,46,Cardio
50,59.4,156.3,122,59,64,Cardio
34,90.2,178.3,90,30.2,106,Cardio
28,98.4,157.1,81,47.1,50,Strength
30,63.4,185.2,65,32.7,55,Cardio
28,74.7,195.3,79,42.2,100,HIIT
48,54.3,171.7,144,49,80,HIIT
45,78,174.4,69,50.7,56,Strength
23,75.1,196.4,142,53.6,86,Cardio
58,57.2,176,94,47.8,55,Yoga
33,72.1,174.4,85,37.5,24,Yoga
21,66.7,178.9,130,56.7,65,HIIT
52,76.1,184.5,96,54.3,98,Strength
43,79.3,155.3,67,34.8,71,Strength
29,50.4,191.1,64,54.8,68,Strength
28,88.1,171.8,103,59.2,25,Strength
54,85.7,153.6,159,49.1,29,Strength
42,68.3,189.3,174,38.5,115,Cardio
35,52.6,168.8,151,48.2,42,Cardio
36,87.7,155,173,40.3,36,Cardio
40,97.8,181.7,126,50.3,103,Yoga
55,62,194,162,46.3,63,Cardio
35,66.2,194.4,131,57.9,60,Strength
43,59.2,197.9,138,48.5,34,Strength
23,78.8,193.4,176,36.4,63,Yoga
21,57.7,150.1,150,51.8,77,Yoga
46,67.8,169,108,39,105,HIIT
51,84.9,190.9,174,38.2,69,Yoga
34,78,168.3,95,41.8,71,HIIT
33,69.3,180.1,139,30.4,89,Cardio
19,71,180.3,85,59.1,87,Strength
51,78.1,168.3,104,46,82,HIIT
25,50.3,195.2,120,53.2,77,HIIT
30,53.9,175.2,103,37.7,42,HIIT
59,94.1,173.2,63,52.4,63,Yoga
25,53.9,199.9,135,47,102,Yoga
47,85.3,174.7,140,42.7,114,Yoga
49,96,158.9,117,59.1,63,HIIT
53,63.5,175.7,164,44.8,71,Cardio
47,68.5,190.7,167,49.7,86,Strength
18,78.4,188.8,85,30.5,47,Yoga
56,94.1,189.4,154,39,86,Cardio
34,97.1,185.4,138,56.7,97,Yoga
37,87,162.7,175,52.8,37,Yoga
41,54.3,193.1,157,46.1,46,HIIT
39,83.5,194.7,88,57,70,HIIT
46,70.5,159.7,68,44.6,79,Yoga
39,73.5,156.5,137,47,93,Strength
26,52.5,198.8,95,41.5,68,Yoga
54,59.6,193.4,63,48.6,34,Strength
27,89.5,194.7,118,39.6,102,Cardio
53,72.7,194.3,161,41.6,92,Yoga
54,65.1,177.1,179,59,87,Strength
45,69.2,182.3,96,33.3,34,Cardio
45,92.7,177.3,147,33.2,70,Cardio
59,87.4,152.6,140,31.3,67,HIIT
38,63.6,187.3,72,39.6,91,Cardio
41,55.9,175.3,79,41.9,20,HIIT
59,62.6,182.4,76,32.8,26,Cardio
57,96,175.1,110,46.5,72,Cardio
19,79.1,174.6,150,47.5,50,Strength
25,76.7,158.6,114,52.5,37,Strength
44,79.8,163.9,92,59.3,31,HIIT
39,68.3,157.9,80,48.6,67,Yoga
54,90.4,159.8,140,33.3,49,Strength
44,76.2,198.6,81,32.7,116,Cardio
46,55.8,157.7,84,53.3,26,HIIT
20,56.5,163.5,126,49.5,111,HIIT
30,76.8,179.5,150,34.9,22,HIIT
27,96.8,180.5,150,37.6,82,Cardio
53,65.4,157.7,169,52.5,25,Strength
26,93.5,189.7,71,47,114,Yoga
44,88.2,189.3,74,47.6,34,HIIT
51,62.4,161.9,161,36.3,90,Cardio
18,51.8,164.4,143,48.9,62,Strength
49,55.1,196.9,145,53.1,113,Strength
42,86.4,191.3,61,56.6,110,Yoga
46,60,184.9,63,52.1,100,HIIT
24,68.6,154.1,104,47.3,37,Cardio
20,75.1,170.9,72,50.2,41,Strength
37,86.3,178,114,44.6,80,Cardio
37,55.7,159.4,91,36.8,80,Strength
47,70.3,172.4,81,56.5,72,HIIT
52,74.3,180.1,148,46,45,HIIT
52,77,166.4,150,47.8,110,Yoga
56,90.9,189,114,59.7,59,Strength
44,58.6,192,76,59.6,107,Cardio
43,90.4,166.2,129,47.6,27,Strength
31,84.6,191.9,166,31,40,Cardio
34,77.8,155.2,110,41.9,112,Yoga
35,85,191.9,139,58.1,62,Strength
46,70.6,157.6,67,38.6,40,HIIT
37,56.9,154.1,120,60,22,Cardio
44,83.3,182.1,156,32.5,50,HIIT
35,76.2,173.6,69,47,46,Yoga
21,82,195.4,157,45.5,46,Yoga
18,66.9,168.2,78,37.7,92,Cardio
18,95.3,164.4,73,58.5,76,Strength
43,79.4,175,126,48.6,116,HIIT
37,54.3,172.8,114,36.9,52,HIIT
40,72.5,167.2,120,41.5,109,Cardio
27,87.8,184.7,115,51.6,111,Cardio
28,89.7,188,122,38.9,63,Cardio
58,74.7,192.6,164,56.4,62,Yoga
58,94.7,198.6,146,35,50,Yoga
22,63.4,163.3,163,37.9,84,HIIT
18,70.5,185.8,70,34.3,103,Strength
34,94.9,169.7,106,33.1,95,Cardio
39,94.8,183.9,65,39,36,Yoga
51,84.3,173.8,93,60,34,Strength
58,92.9,199.7,124,32.8,53,Cardio
46,54.4,186.4,158,36.4,99,Strength
21,93.2,197.6,148,38.1,23,Cardio
22,66,191.7,123,48.6,91,Strength
28,58.9,195.1,152,52.4,117,HIIT
38,62,190.7,146,52.6,108,Cardio
52,70.9,173,141,30.3,98,Cardio
29,62.6,162.6,137,49.6,47,HIIT
43,66,168.5,140,48.9,92,Cardio
36,56.7,151,125,45.5,21,Cardio
24,64.8,176.2,90,41.4,36,Yoga
24,78.6,175.3,142,53.9,77,HIIT
43,72.1,176.3,155,40.3,93,Yoga
57,67.3,198.7,121,36.9,28,HIIT
22,87.3,195.6,113,39.3,50,Strength
38,94.7,158.1,151,43.2,85,HIIT
31,87.8,168.4,164,36.4,107,HIIT
21,66.6,171.2,67,48.2,81,Yoga
40,87.2,168,101,56.5,38,Cardio
59,57.6,189.9,100,47.9,100,HIIT
37,56.5,176.2,118,43.4,93,Cardio
32,67.3,178.6,99,53.9,74,HIIT
46,90.4,192.7,162,52.4,47,Yoga
25,62.3,190.3,81,41,111,HIIT
58,53.2,156.6,83,48.1,69,Strength
36,56.6,185.7,97,51.9,84,HIIT
56,92.9,171.8,61,37.4,22,HIIT
45,81.7,164.7,100,41,98,Cardio
44,62.7,152.5,164,33.2,71,Cardio
21,77.8,174.4,78,59.6,29,Strength
32,76.4,167.8,164,32.6,40,HIIT
52,82.8,162.6,61,35.1,56,Cardio
54,61.7,184.7,151,44.4,34,HIIT
18,93.2,188.5,155,56,106,Yoga
20,65.5,162.2,121,40.7,97,Yoga
41,84.7,152.5,142,53.1,98,Strength
44,50.8,192.4,75,50.3,93,Yoga
57,68.6,150.5,153,49.2,28,Cardio
53,67.6,196.9,81,55.4,63,Cardio
51,77.2,181.4,73,30.4,58,Strength
46,53.6,166.1,175,57.9,24,HIIT
41,89.5,162.3,115,54.9,44,Cardio
41,60.9,150.5,124,58.1,75,Yoga
59,83.9,161.8,104,53.8,109,Cardio
21,90.2,156.9,113,56.4,83,Strength
20,78.1,180.6,125,36.1,91,Yoga
51,87,158.3,145,39.6,105,Yoga
40,83.1,176.4,105,39.5,71,Yoga
40,67.8,179.5,92,33.3,108,Strength
22,90.4,164.9,138,51.9,95,Strength
48,64.7,151.8,109,34.1,28,HIIT