age,height,weight,heart_rate,vo2_max,resting_heart_rate,steps,active_minutes
56,56.4,178.6,144,34.3,62,15410,170
46,88.3,187.3,149,37.7,48,8164,111
32,50,168.9,145,37.7,76,9787,50
25,70.8,165.1,129,47.5,50,17924,31
38,76.1,173,70,40.2,70,14518,153
56,52.7,190.9,73,55.7,50,2081,92
36,98.7,196.5,119,59.7,79,5005,84
40,61.3,177.3,95,40.3,49,10408,23
28,65.2,183.1,163,51.2,58,2334,163
28,65.2,195.2,100,49.7,46,13103,157
41,61.5,154.9,61,35.8,84,10944,142
53,50.1,161.6,116,57.5,57,13953,20
57,86.5,185.4,166,36,49,12943,56
41,98.3,191.2,119,52.1,80,5897,19
20,61.2,192.9,79,40.4,80,6648,70
39,83.2,170.8,81,41,63,11674,120
19,87.1,154.5,162,43.7,64,19166,54
41,92.4,171.9,63,55.9,66,5794,56
47,71.1,161.5,115,34.2,75,17344,171
55,65.1,164.6,152,31.6,48,14874,127
19,66.3,188.6,169,42.1,47,7597,150
38,85.6,153.8,117,31.7,81,9050,32
50,90.8,191.4,147,50.6,69,7051,45
29,59.1,171.4,124,52.8,81,19126,85
39,68.5,179.8,147,55.6,48,6544,118
42,95.1,154.5,117,52.3,83,14875,93
44,90.3,166.9,89,57.5,51,6355,89
59,99.2,154.5,135,52.4,51,10285,23
45,87.7,198.1,78,58.1,69,15308,75
33,69.7,190.4,160,35.8,59,19759,25
32,79.5,173,121,45,51,4516,52
20,83.1,161.2,163,59.8,48,15155,111
54,53.9,196.7,166,50.4,78,18474,122
24,77.2,167.2,177,56.4,63,17403,18
38,85.5,158,127,30.9,82,3479,158
26,58.4,178.2,138,56.2,71,19338,91
56,89,197.2,143,50.9,49,10214,119
35,79.2,150.2,103,35.1,57,14310,107
21,97.6,161.9,143,30.8,58,4547,93
42,52.1,196.9,177,37.8,74,6923,52
31,63.3,158.6,178,57.5,54,18572,75
26,80.1,155.7,120,50,76,18207,141
43,64.8,178.5,80,57.6,45,2459,132
19,85.7,193.1,69,43.4,68,4236,118
37,88,173.9,89,58.1,73,2580,111
45,55.1,199.7,83,43.9,51,16439,144
24,75.7,184,107,36.1,75,6715,95
25,75.4,153.7,114,34.5,61,12626,93
52,68.5,199.6,163,59.8,74,7897,13
31,96.6,170.4,111,40,69,10664,133
34,91.4,164.4,163,34.8,72,19242,29
53,84.9,177.9,97,30.3,80,13181,44
57,85.7,165.2,126,38.6,51,13898,106
21,73.1,154.3,152,56.7,79,3712,23
19,96,150.1,67,46,64,18899,159
23,84.7,172.5,88,49,58,9355,57
59,86.4,191.8,178,57.7,74,12585,167
21,93.1,178.6,69,45.4,45,19759,38
46,63.7,200,128,55.1,82,5669,45
35,90.4,164.3,134,39.7,69,16382,51
43,59.8,164,127,59.3,78,17436,38
51,67.3,158,108,32.4,52,5262,144
27,66.8,158.2,117,51.7,64,6638,169
53,98.9,164.3,94,49.8,74,4866,150
31,92.8,189.6,109,35.8,48,11251,150
48,85.1,195.3,99,41.7,65,10948,151
32,86.4,198.8,179,39.4,71,2187,143
25,78.1,161.6,71,32.8,54,12573,153
31,97.4,194.1,144,47.5,67,9408,50
40,74.8,166.4,75,59.8,77,18679,121
57,69,155.6,137,46.8,55,5533,94
38,58.2,193.5,144,46.4,63,6140,117
33,89.3,181.8,107,31.2,55,6042,153
35,86.7,158.2,150,34.2,48,9733,14
41,69.2,171.5,159,45.4,67,16676,161
43,51.3,164.4,60,59.6,49,8005,19
42,91.9,186.8,124,56.3,49,7870,44
58,50.6,172.7,81,40.2,62,5904,40
46,85.2,199.5,74,46.3,61,17467,129
32,98.5,152.7,175,46.6,47,13973,88
18,71.9,167.8,143,50.6,52,16208,148
42,61.7,174.1,126,50.6,84,4261,18
24,85.2,175.2,73,53.7,67,15045,53
26,90.9,165.8,132,30.7,67,19804,125
41,77.3,186.5,78,58.3,46,16508,153
18,98.4,193.7,99,32.1,83,18862,129
25,52.6,196.9,157,44.3,65,8577,62
41,75.2,190.3,63,57.6,68,8785,74
28,85.9,192.5,92,44.6,82,10884,79
34,93.1,177.5,102,31.9,64,5038,55
25,59,191.3,96,36.9,83,2193,130
52,90,165.2,125,47.4,71,18442,130
52,77.6,169.9,86,32.6,83,13801,42
50,69.8,165.8,104,42.7,51,4580,90
22,56.6,173.4,140,39.9,77,14879,64
59,93.3,164.3,172,54.5,73,14245,107
56,57.9,198.1,109,33.3,54,15633,119
58,65.5,165.6,176,50.5,54,13277,177
45,64.5,154.9,154,42.2,56,9623,162
24,93.6,176.3,122,47.6,47,2220,159
26,83.6,152.9,164,36.2,47,2875,134
25,89.8,155.5,65,48.3,57,13654,100
29,62.5,161,175,50.2,75,3196,47
51,81.2,173.2,154,32.1,71,18719,146
50,78.6,171.7,126,54.7,50,10416,46
40,91.6,190,163,55.8,71,16370,14
41,95.3,187,126,31.9,79,3247,91
54,50.6,171.3,156,48.1,53,15250,159
52,83.7,166.7,175,47.8,50,9111,119
57,52.6,165.8,118,30.4,50,3886,149
39,77.4,188.7,72,40.3,84,2310,69
44,64.4,152.6,80,59.1,70,12760,159
52,65.3,150.6,123,46.7,63,19988,15
18,67.6,189.8,96,58,60,5546,36
52,81.1,173.9,139,50.3,67,7351,64
54,66.7,156.5,144,30.9,55,19381,152
31,86.6,161.8,179,32.3,60,2496,73
20,70.2,196.6,107,51.7,73,19347,26
18,53.4,193,115,46.6,82,12196,12
22,89.2,185.5,103,33.8,64,3198,19
43,64.3,174.1,72,48.4,65,12537,72
31,71.6,176,63,54.3,72,7910,98
56,84.3,198.8,154,52.6,77,7484,94
44,66.6,198.3,132,37.4,84,15397,113
26,52.8,160.8,171,37.7,70,2576,146
32,68.7,190.6,92,59,54,2053,161
32,97.2,159.9,96,56.6,78,17989,41
43,82.1,160.7,112,39.6,53,13624,12
59,83.6,183.8,160,54.7,80,17835,170
30,81.6,170.3,83,34.9,55,2228,118
49,59.9,196.6,148,35.9,54,18190,149
56,70.9,154.5,110,35.4,51,14022,102
49,87.5,175.6,100,32.6,82,2984,112
21,55.1,195.9,88,55.6,60,14660,106
47,63.9,195.2,118,47.4,70,12041,169
54,63.8,157.8,99,37.8,76,2531,157
40,71.6,168.3,110,55.5,75,15711,77
56,99,181,109,54.1,76,13227,154
32,53.4,158,170,33,56,10028,156
46,75.9,198.4,95,49.3,71,18945,141
53,59,195.7,138,51.7,66,2089,102
30,98.5,158.3,168,51.5,59,7735,26
49,55.7,156.1,119,51.7,52,5145,31
24,70.2,154.3,77,35.1,48,3292,179
39,86.9,195.5,79,39.5,52,9559,20
45,85.2,159.7,64,55.3,67,5781,38
19,71.1,170.8,77,57,60,4391,29
59,67.3,172.4,99,38.4,78,19602,14
23,69.9,180,60,30.7,66,15204,162
45,63.2,153.6,78,55.8,67,4252,43
45,60.3,161.3,146,41.3,49,5891,149
37,74.2,196.6,85,39.9,81,11866,37
47,63.4,195.4,172,40.4,51,19159,107
28,64.4,189.1,88,42.5,81,7229,15
45,82.8,151,118,41.3,70,9553,28
42,98.4,166.4,122,47,72,2063,21
56,80.2,181.4,157,32.4,48,3787,34
50,53.8,163.8,142,59.1,76,14042,22
18,53.8,195.5,121,58.1,82,10069,85
44,97.6,181.7,107,58,53,13726,12
30,64.9,153.6,121,56.4,80,5915,33
58,54.6,195.5,77,49.8,70,16655,17
20,80,197.9,125,36.6,55,14644,121
56,81.2,153.9,86,31.5,64,2092,129
23,82.4,176.6,65,33,82,12934,132
25,63.4,165.2,162,39.7,59,3677,99
44,50.8,169.6,129,45.1,79,5864,54
26,98.3,159,118,59.8,53,19785,10
54,62.5,178.9,65,43.1,77,19990,12
50,83.8,197.9,90,45.7,55,14148,74
59,85.3,175.2,164,50.9,66,13263,24
41,80.5,154.1,163,35.4,50,19281,59
32,65.6,181,153,58,81,17113,157
49,63.6,167,115,45.9,65,6587,140
49,79.9,192.8,113,38.3,56,19916,152
41,93.3,171.7,144,58.1,51,12169,133
58,97.3,159.6,100,48.8,46,3798,46
29,55.3,159.6,167,44.5,83,15782,158
56,57.7,188.4,77,47.4,68,19735,115
19,97.2,163.3,146,52.4,70,15408,112
20,86.8,188.4,161,34.6,69,12030,160
54,94.1,160.3,82,55.9,64,12752,130
34,60.1,166.1,151,58.8,84,9051,108
19,79.4,173.3,95,47,46,11855,155
19,85.1,197.2,84,50.5,79,12589,26
45,84,196.6,66,55.8,77,13395,168
40,70.4,160.3,141,41.2,61,14833,57
54,50.8,167.9,79,59.8,66,2598,35
49,79.1,157.5,64,50.4,45,16367,31
50,62.7,175.5,77,42.7,81,18642,134
18,72.5,173,165,50.3,74,10003,173
36,97.9,195,163,45.7,50,12097,73
19,70,196.5,92,33.3,58,15207,172
43,92,169.2,138,53.9,80,13824,91
49,59.4,174.6,94,46.9,77,2797,164
23,83.6,194.8,170,53.9,82,12695,77
49,98.9,190.3,169,34.6,83,7713,154
21,55.1,150.2,124,46.2,50,9311,148
28,50.4,166,122,53,70,7911,14
34,71.7,171.1,144,59.6,68,5954,130
55,54.6,161.5,131,56.5,77,11819,66
41,87.4,160,130,55.9,52,6312,83
22,95.7,151.9,100,37.4,78,10980,94
51,71.7,182.2,109,55.1,78,17828,129
23,62.9,163.1,167,35.1,68,15952,23
39,71.7,152.6,163,35.9,46,9102,81
28,86.2,161.5,163,33.3,52,14660,138
33,50.5,190.1,89,55.7,69,17427,153
50,79.5,192.6,97,33.2,74,3447,35
26,80.7,174.2,94,34.1,76,18898,58
23,81.9,170.8,125,37.4,74,14651,179
33,62.1,198.9,105,47.2,51,17112,112
46,85.7,160,67,56.4,68,3951,75
20,54.6,160.8,161,42.5,53,15827,62
37,60,164.6,127,46.4,60,10965,18
53,93.9,158.6,96,35,46,2328,78
36,86.9,169,144,38,79,10985,49
43,50.7,195.5,72,34,78,14884,142
20,62.4,180.8,132,42.3,66,7973,65
36,60.7,170.6,104,47.7,63,19794,120
37,63.5,196.7,88,38.5,65,9714,14
49,62.4,152.4,100,55.4,56,3137,78
24,53.1,160.5,115,59.4,55,19952,61
58,72.9,178.3,147,33.6,63,6472,82
50,86.6,180.8,75,30.5,50,5274,107
57,80.3,152,71,53.7,58,5273,170
56,83.6,170.2,125,35.7,77,17151,159
35,54.1,182.5,121,40.6,82,12155,24
57,97.6,184.9,78,41.8,57,7362,74
18,91.9,181.9,89,57.5,70,6636,80
28,90.3,166,75,49.8,58,7346,160
45,91.1,154.7,147,31.2,68,19620,120
42,96.6,171.4,72,30.4,45,12938,15
40,77.2,156.4,128,36,74,6208,163
48,60,197.4,82,39.5,54,6468,149
47,80.8,173.8,121,44.5,54,4346,86
59,87.1,165.9,179,55.1,72,15984,124
52,86.9,188.3,161,39.4,48,3042,122
24,76.1,174.9,90,41.3,58,15063,86
33,53.4,165.5,112,39.9,56,10199,139
43,68.6,190.6,179,30.3,82,5731,169
19,96,193.4,76,58.7,81,11765,104
18,79.2,183.7,108,34.2,54,9302,70
29,76.9,152.3,108,38.6,71,18844,148
22,63.4,178.3,126,33.9,56,18294,110
54,68.4,188.2,85,44.7,66,4302,43
49,94.8,156.8,72,58,48,11543,104
26,83.3,161.4,167,33,73,2361,112
58,89.4,194.1,97,43.2,80,7493,17
52,72.7,151,81,30.7,58,19171,145
36,81.5,187.6,144,53.1,56,18592,107
33,62.4,173.7,88,49.2,64,10458,152
20,85.3,172.3,104,51,67,7092,14
37,71.4,150.4,105,44.2,66,18937,156
41,72.1,191,98,57.2,78,10025,146
50,82.5,168,128,42.3,65,15817,166
41,96.8,177,137,45.4,53,11779,110
28,53.2,183.9,141,50.9,54,6516,156
25,91.2,185.1,127,45.6,54,8451,55
53,64.6,197.8,156,35.7,74,16530,113
55,72.2,176.6,98,39.5,77,11310,89
57,51.1,170,79,32.8,46,3513,127
37,65.1,197.7,136,43,76,15336,14
52,75.1,182.1,159,48.3,61,13595,170
42,52.8,164.9,168,33.6,72,8749,64
52,74.6,156.3,127,48.9,61,9005,28
42,96.4,192.1,94,56.8,58,6438,154
46,55.3,168.1,67,40.1,54,14880,97
35,88.2,183,111,36.7,78,14256,126
35,70.5,173.5,99,56.8,58,12176,179
19,82.8,159.9,172,50.8,61,18359,159
52,63,180.1,170,33.2,81,16412,48
33,58,153,95,42.2,66,16287,134
58,58,170.7,65,50.2,62,19589,36
53,53.5,177.3,179,47.2,79,15044,85
50,59.3,171.8,145,48.6,62,4435,136
21,83.2,187.4,129,47,74,13166,165
50,94.1,191.4,165,53.9,81,5098,176
31,90.7,188.6,159,39.6,84,5386,131
38,84.3,151.9,132,51.3,50,7440,155
37,55.5,159.7,75,59.7,59,14735,96
25,64.5,176.8,162,41.7,79,12008,159
24,65.5,196.7,105,53.7,70,8436,77
20,62.5,191.7,118,37.4,71,9403,20
34,75.8,192.1,97,38.5,74,12696,91
50,76.8,165.2,156,58,55,4939,73
29,67.8,171.5,77,30.8,68,19222,128
39,67.7,173.5,71,36.5,58,5138,94
39,91.4,157.9,113,44.5,67,18559,66
47,89.5,151.6,150,42.1,53,5162,172
55,65.4,197.3,106,48.9,62,4752,46
55,95.7,162,60,35.8,83,14889,130
25,97.6,162,74,32.1,63,2837,39
44,66.3,154.2,170,41.1,49,14043,154
44,67.7,196.4,150,45.7,62,17797,170
51,75.3,179,139,46.9,77,16386,153
38,97.1,183.4,80,48,82,4733,152
47,93.8,195.6,60,46.5,57,14002,150
50,55.1,167.3,152,37.4,53,16601,12
45,69.6,181.1,126,52.9,70,7206,33
50,77.7,151.9,71,32.6,45,4653,160
22,75.2,159.3,87,36,56,5310,68
36,59.7,191.6,98,52.2,68,6680,64
21,92.9,188.3,96,38.4,45,7191,74
52,83.8,167.5,154,44.8,48,18757,169
34,91.9,168.8,119,39.8,51,6675,69
45,92.9,176.7,90,45.2,72,14804,167
47,87.4,150,117,40.4,81,18210,75
46,72,162.1,156,59.8,49,3261,155
23,80.5,160.4,156,40.7,83,9633,68
52,58,162.5,170,48.8,76,10312,62
58,83.7,190.3,163,56.7,75,7532,73
54,59,164,70,49.1,59,4884,130
41,84.7,159.6,169,47,47,12809,128
46,61.5,175.2,88,47.1,59,7623,39
48,55.9,193.3,148,44.9,62,13460,27
52,58.3,162.1,178,54.2,65,12234,14
50,50.1,153.9,72,31.5,54,18874,78
38,85.9,167.8,110,56.6,65,16137,145
49,86.6,187.4,167,47.6,70,5045,146
40,75.7,177.5,113,55.5,47,2382,169
50,58.1,190.8,78,30.3,45,19188,129
20,54.2,198,117,56.1,65,7585,151
35,51,189.6,95,33.6,55,11369,150
42,58.3,180.2,87,51.6,60,4217,27
59,94.5,174.7,127,42.5,79,11487,77
48,62.1,152,62,50.4,65,14718,123
20,67.7,199.2,161,48.8,55,17115,31
57,55.3,169.2,160,34.9,75,2650,29
41,61.1,157.6,166,45.4,45,10169,152
49,76,183.3,148,38.3,76,18312,16
39,80.4,164.2,100,46.8,47,12943,107
40,62.3,179.3,94,52.1,76,5198,114
19,52.9,179.3,152,32.4,49,19325,39
44,69.6,172.3,164,45.5,81,10732,14
59,61.7,191.8,152,48.5,56,7805,138
19,61,163.2,135,38.9,58,3202,168
43,98,172.4,158,58.6,53,19034,29
34,80.8,176.9,143,45.6,51,5006,92
57,77.8,183.2,140,35.5,60,10505,73
50,70.8,189.2,176,33.2,72,11375,127
26,71.4,169.7,135,46.2,51,15105,38
56,77,182.3,109,41.3,58,18505,111
46,84.8,157.5,159,35.8,76,8603,147
59,85.1,196.6,133,30.9,52,5682,166
43,58.6,169.2,141,47,71,15460,40
52,75,186.5,89,48,47,15559,84
42,70.6,151,131,34.3,71,8864,39
41,93.5,160.3,164,48.1,74,16234,162
30,81.6,174.4,174,58.6,78,13889,89
24,76.6,193.9,136,59.3,70,3729,67
53,55.8,176.4,154,56.7,81,13747,66
37,80.3,196.5,129,54.2,84,19502,96
18,55.9,174.2,113,36.3,66,4168,132
25,66.9,174.5,130,34.7,76,14413,106
33,57.1,156,144,43.3,46,16884,124
31,84.6,190.1,161,48.6,52,14973,46
29,60.3,162.3,166,55.5,51,9668,67
40,69.6,195,172,37,63,15260,37
32,94.8,195.5,110,44.4,77,13308,164
45,60.2,197.2,87,49.4,46,19434,46
51,75.4,176,123,43.4,47,10896,15
19,71,183.9,167,43.6,72,8640,71
49,50.9,188.9,144,36.8,58,15919,42
40,89.6,156.6,80,59.6,59,9674,98
39,53.5,180,147,44.3,65,6721,87
42,73.7,151.7,86,46,58,3066,49
39,78,174.9,86,36.6,84,12138,178
39,81.4,157.7,136,45.4,62,3918,128
59,84.4,159.1,109,37.7,83,11457,51
23,62.7,168.3,88,36.1,64,12726,146
32,50.5,171.6,98,38.3,45,16282,27
54,86.2,181.2,116,30.1,53,19711,24
50,76.8,153.7,178,47.1,53,9448,141
25,91.8,175.2,151,41.6,82,3142,43
22,91.1,159.1,96,57,83,3415,71
56,92.2,178.7,152,31.2,73,8374,47
21,74.3,181.9,123,31.3,59,2760,80
23,66.7,177.8,107,56.6,64,5642,32
49,89.6,186.9,81,33.8,82,19936,135
47,72.6,166.8,159,30.1,74,19246,29
52,59.2,188.3,89,35.4,70,11347,62
57,92.7,171.6,87,54.7,50,3328,139
33,94.1,174.2,82,54.1,83,19413,30
30,73.3,182.4,156,40.2,61,14063,85
59,53.8,150.9,63,50,50,5140,51
47,69.4,182.7,62,45.2,72,19265,66
36,90.2,180.9,120,57.1,53,10730,131
34,95.1,165.5,155,31.7,71,16057,100
36,60.2,154.3,63,54.4,79,5557,121
45,53.3,154.5,124,35.1,50,15211,19
43,93.9,196.2,71,41.7,48,16386,81
54,69.5,184.5,72,35.8,60,11802,70
43,77.1,156.4,93,51.1,67,5163,30
40,98.4,167.8,118,50.3,67,6463,130
26,53.3,179.6,152,46.4,73,6007,95
29,82.4,191.8,132,50.9,48,6675,150
18,53.7,152.2,90,49.2,84,16058,57
18,68.8,161.8,130,53.3,84,18233,177
51,90.2,194.5,72,37.2,68,6751,18
49,71.7,150.5,113,42.9,50,8219,122
42,99.9,160.1,61,34.5,84,17445,129
57,78,198,92,42.9,50,10418,49
18,66.1,180.7,109,51.1,58,9735,85
33,61,163.1,66,50.7,58,10783,73
56,67.5,153.3,77,51.3,79,16456,103
22,68.6,151.4,110,39.3,50,15140,79
39,53.4,162.2,67,49.9,67,12863,73
46,68.5,194.1,114,41,64,17225,34
20,73.2,170.8,135,58.3,61,4078,165
29,86.1,186,102,40.3,64,14142,147
43,82.8,195.9,118,48.1,50,14073,165
33,85.4,170.4,89,52.5,84,5321,45
54,50.4,159.6,118,57.2,72,14337,148
39,60.9,175.9,68,43.1,57,17061,30
46,83.1,195.4,151,40.8,73,8011,163
31,74.2,190.2,127,42.9,64,9087,155
45,50.3,153.3,98,39.7,61,11996,77
22,90.2,184.6,140,49.6,79,3730,50
47,88.6,178.6,70,58,83,16077,24
22,77.4,195.4,61,33.8,81,8618,32
29,53.3,156.1,82,46.8,67,8899,178
33,88.3,176.7,122,56.9,62,3029,143
43,79.2,194,173,33,80,17128,121
43,89.1,170.5,81,44.8,64,2411,61
38,87.6,174.1,120,56,51,3981,146
56,90.2,153.5,85,57,80,11539,124
53,75.9,163.9,71,45.4,45,3305,167
50,57,166.2,91,30.7,81,14478,53
47,83.6,197.3,68,33.2,79,15246,165
54,81,164.1,166,47.6,47,6595,17
40,87.1,173,128,33.7,79,19199,108
27,58.5,183.6,149,34.5,73,13697,60
22,59.7,158.1,130,53.2,53,17422,108
53,94.5,174.3,152,52.5,81,11668,130
51,87.5,186.9,92,55.3,69,7612,99
48,95.4,193.3,83,33.2,56,4037,39
27,87.9,181.3,148,35.9,82,11522,148
36,79.9,183.5,154,55,51,13998,157
49,82.7,156.3,152,51.6,51,9086,40
18,94.5,197.3,128,54.2,48,3149,171
22,78.9,156.6,97,59.7,75,18390,149
21,81.6,188.7,168,55.9,83,3436,165
33,57.8,163.2,70,45.6,54,5250,76
41,73.7,196.7,91,39.3,67,19078,126
33,85.8,186,123,47.1,70,16263,179
19,63.5,187.7,131,49.2,67,6843,14
45,60.1,161,79,40.1,73,14433,86
49,65.7,172.2,93,53.1,52,13559,21
44,62.1,180.9,170,32.8,63,6952,68
37,60.7,188.5,101,53.4,73,9842,74
41,71.2,155.2,67,31,50,2025,61
29,95.4,198.1,125,44.9,73,4153,52
52,75.4,194.5,80,55.8,68,10019,92
50,59.4,163.5,138,32.6,54,10523,102
50,53.8,191.1,129,45.5,58,7161,72
54,84.8,175.9,64,34.8,50,19028,120
29,69.1,173.1,177,56.8,48,3852,59
20,91.1,165.7,177,55,59,9723,121
18,83,179,126,58,81,17706,48
50,89.8,186.5,166,56.2,83,12623,179
57,63.6,170.5,102,52.1,72,5809,89
27,84.6,181.5,75,35.5,46,3311,26
46,63.2,185,158,39.1,57,13198,52
30,97,185.6,132,44.9,46,8238,58
29,81.8,152.6,94,47.7,76,9788,14
48,66.2,193,142,53.5,49,8977,138
19,63.5,172.9,102,36.8,47,8409,76
52,59.5,163.1,169,33.8,46,4070,121
40,84.7,162.1,157,44.5,58,4656,33
34,60.9,174.2,98,34.7,84,6134,38
43,79.8,194.3,69,50.8,73,5484,152
25,63.2,168.9,133,47.3,82,18797,141
46,83.1,187.5,79,52.2,50,12854,53
43,90.7,154.8,60,31.9,78,16544,74
27,88.9,173.8,65,58.9,52,14309,129
43,88,199.6,112,30,46,8148,135
51,59.4,188.5,105,39.8,70,7791,40
58,54.4,160.5,125,50.4,61,19303,157
24,84.9,175.1,97,31.4,68,19290,19
21,68.4,161.7,92,32.5,75,13858,20
28,71.6,170.5,126,32.3,60,17002,91
46,51.6,189,159,47.4,65,6895,165
53,63,188.6,136,56.9,82,12556,175
42,51.7,161.4,94,46.7,70,19176,33
38,94,196.1,138,48.1,61,11919,48
53,62.2,179.6,104,40.4,48,13419,128
27,77.9,169,81,30.6,48,14378,85
54,51.9,175.1,166,30.6,63,5725,59
26,83.3,180.3,127,56.6,82,13558,16
41,66.2,178,76,33.1,69,15057,109
52,94.9,174.3,64,60,52,3360,90
52,94.4,175.2,144,34.9,62,4048,77
53,66.3,158.8,116,50.2,62,8252,46
35,95,190.6,147,58.5,51,13167,92
56,99.8,177.1,154,40.9,61,2205,63
49,91.3,156.6,99,52,47,13678,99
41,92.2,188.3,176,40.5,66,17185,40
40,62.5,196.6,179,39.1,59,10814,109
49,78.8,197.4,89,36.1,75,13479,102
54,53.4,168.5,101,54.6,80,13204,98
29,54.7,156.8,66,37.7,70,15839,132
30,99.9,175.9,172,38.5,58,13829,127
40,66.3,155.6,130,60,61,12892,56
42,87.4,196.7,150,39.8,53,3871,155
52,90.3,159.2,147,42.7,51,8934,12
58,92.9,162.6,78,59.7,71,4335,27
47,99.9,170.3,100,41.1,72,3725,67
34,62.1,169.2,179,41,56,11306,80
37,52,189.7,93,54.8,61,7985,90
42,70.6,172.8,81,39.4,53,9216,162
39,56.5,158.5,111,37,52,18544,155
30,51.1,163.4,174,42.7,71,3425,61
36,68,175.5,150,51,56,3733,52
53,89.2,157.4,65,31.3,81,14607,76
29,78.3,180.6,133,41.2,64,12603,98
58,65.6,178.3,168,40.4,45,14152,144
36,82.7,185.7,154,37.3,53,17801,120
29,61.6,196.9,84,49.6,68,18985,92
26,50.7,195.6,125,38.7,78,11747,88
24,88.2,197.3,69,48.2,80,15531,94
45,81.2,162.2,133,45.1,48,15985,30
31,88.1,156.6,85,36.5,73,3520,131
48,51.9,165.1,64,38,67,4390,174
36,91.9,194.8,145,35.1,79,3117,37
33,81,198.6,127,31.7,60,9300,41
22,78.2,193,178,48.6,52,11716,178
52,81.2,155.5,157,50.2,71,14459,63
29,93.2,197.4,130,35,83,8141,164
42,79.3,171.2,109,48.5,56,9939,132
38,79,150.5,76,59.5,48,6777,96
53,99.5,172.1,70,32.2,69,13432,49
40,87.8,152.3,112,44.7,50,16271,178
33,72.1,177.2,109,52,47,5801,79
56,85.4,166.9,67,31.4,83,9057,33
59,69.5,173.7,151,53.3,68,9510,155
56,61.4,180.7,167,59.4,65,10099,83
31,79.8,193.4,179,32.7,50,17193,152
48,96.4,183.1,156,54.7,77,18132,107
22,96.5,171.7,175,41.4,52,6450,81
52,67.1,191,121,34.3,77,16549,172
40,76.4,195.3,148,44.8,47,8960,36
46,60.6,156,144,32.1,46,18583,98
28,99.8,176.6,135,45.7,82,8996,140
35,99.1,164.2,149,30.6,84,16201,30
29,82.5,152.4,88,51.9,83,7043,130
26,90.2,183.4,161,44.6,83,9834,48
27,85.8,193.1,158,43.8,68,11556,41
34,79.7,158.1,160,35.9,65,3852,94
55,52.7,190.6,169,40.8,62,18263,18
24,72.7,192.7,103,35.5,79,14629,59
30,83.7,195.7,168,52.1,55,3662,10
57,83.9,163.3,104,36,55,16734,13
59,68.7,195.2,88,48.5,47,9589,13
26,97.1,166,172,38.4,67,12650,99
44,58.4,177.6,147,49.7,45,18596,171
19,75,152.5,118,46.2,67,6655,164
22,84.5,152.2,74,42.7,66,10749,24
46,84.9,186,129,50.2,74,12797,118
54,82.4,172.2,155,42.5,46,8645,41
55,63.8,162.8,103,54.6,61,13895,178
36,57.8,159.5,157,51.9,64,3994,72
25,81.8,183.5,95,46.2,53,16866,117
18,80,150,143,56.3,55,17122,117
39,59,190.3,116,54.9,61,18858,23
34,85.3,154,176,46,58,10233,32
24,72.8,159.6,123,32.1,62,12843,120
42,83.4,169.3,135,47,62,5992,74
21,91.9,174.2,158,40.7,52,6823,169
53,58.5,167.7,172,46.2,73,5517,50
23,51,166,97,49.4,52,4268,35
48,89,198.2,179,49.3,70,18006,57
36,80.5,182.1,76,50.2,72,19323,153
56,85,151.2,86,50.4,52,6438,168
44,91.9,171.5,76,33.3,64,13501,41
27,90.1,193.8,122,35.8,52,8298,147
43,98,165.1,70,48.9,58,15128,162
36,76.8,154.7,123,42.2,57,13319,91
56,74.4,187.9,178,52.9,84,16722,118
20,70.1,180.3,98,33.7,61,6989,161
30,57.7,178.5,61,35.7,70,8028,12
45,78.6,152.7,174,46.8,50,15626,71
37,63.9,157,125,45,61,14325,88
45,96.1,181.1,113,38,48,10422,19
25,79.2,160.4,88,42.3,69,12673,159
58,79.6,175.2,104,31,51,15512,151
56,67.7,177.2,147,31.1,61,16472,145
18,52.6,164.2,147,32.8,66,16900,132
20,51.6,197.4,139,47.3,72,4903,111
30,71.2,192.1,90,55.9,50,9763,152
45,54.2,186.1,108,37.8,74,12960,119
42,80.3,153.9,166,31,54,13084,152
50,94,155.3,68,51.3,83,12275,79
55,94.1,174.6,86,55.7,58,4074,63
23,83,158,115,34.1,66,9825,85
49,60.6,198.9,164,41.6,70,4065,179
38,93.1,157.9,137,34.8,54,5208,156
33,94.3,174.4,104,33.2,46,6674,49
38,59.8,168.2,148,49.4,47,11094,36
28,86.9,182,102,59,55,16137,83
54,64.3,156.5,167,50.3,54,17310,52
53,90.1,171.5,81,59.5,56,11245,55
52,99.9,163.7,158,43,58,2122,151
36,51.5,194.4,92,56.9,74,19340,73
37,94.9,152,86,36.2,57,19370,107
35,81.1,195.7,99,33.5,74,11443,135
58,98.7,191.6,85,51.1,82,6433,67
31,73.3,164.9,142,41.1,55,2990,38
32,92.4,189.5,104,39.5,45,7556,163
48,53.1,151.6,162,50.1,71,16650,36
18,66.8,198.3,104,40,83,6709,76
20,53.4,176.3,85,47.2,81,5580,172
33,98.8,165.2,129,39,53,2871,123
40,90.8,168.1,126,53.5,70,16592,87
28,92.6,153.3,65,39.4,69,14922,99
29,96.9,199.5,87,46,61,12383,140
27,54.3,152,126,30.7,50,7550,170
49,69.3,182.7,72,53.8,59,14774,51
33,53.6,172.1,122,48.6,47,5207,22
25,60.5,197.4,72,35.8,75,5097,38
55,61.5,162.3,136,36.5,72,13278,18
29,73.5,176.6,60,37.9,53,3624,41
41,63.4,174.1,99,47.3,62,17968,159
45,55,185.1,96,46.4,84,13149,95
25,58.4,153.4,90,38.2,76,11717,67
45,57.4,159.7,175,50.8,63,19866,66
53,98.7,160.7,76,56.7,49,18642,147
43,88,186.9,68,31.3,50,15640,34
25,98.4,159.5,168,42.5,56,18837,85
45,72,178.7,123,47.8,61,10990,124
45,63.9,160.8,116,47.6,83,6170,140
54,89.9,193.1,72,30.6,51,7136,92
58,66.3,197.1,96,36.3,55,3712,163
53,65,175.9,73,31.9,78,4002,22
44,61.6,167.6,134,47.1,46,10151,144
34,56.5,161.7,84,49.4,58,17670,171
26,62.8,152.5,154,34.8,62,8254,31
50,67.8,163.4,137,40,53,12473,93
37,83.7,182.7,116,39.9,83,17303,116
30,53.1,176.7,130,54.6,48,15761,32
45,60.5,197.2,147,35.8,58,10918,23
46,90.5,169.8,172,46.4,55,3831,103
30,57.3,184.7,159,53.5,74,3821,96
52,67.1,174.5,101,54.9,84,3816,120
23,93.2,175.6,101,50,71,17878,61
35,57.7,163.4,106,39,73,18475,92
22,54.1,172.7,175,54.7,76,5432,176
42,74.2,173.5,103,52.3,74,17482,50
19,65.1,185.3,100,51.1,70,5679,173
27,78.2,197,62,32,74,18986,15
47,90.2,166.5,170,31.3,54,18811,160
22,56.9,152.1,167,50.9,56,10198,147
50,79,174.8,149,58.3,77,8263,108
18,75.3,177.2,170,53.2,78,19757,94
35,57.2,158.4,149,54.9,62,10832,69
49,81.2,188,60,46.3,83,13954,39
28,63.7,199.2,138,39.1,60,7162,79
38,74.4,197.3,70,50.3,48,5811,14
43,54.1,159.9,160,51.4,54,5306,88
42,73,193.8,66,50.3,72,10637,52
39,65.3,185.2,71,58.4,62,14133,86
44,91.1,172.7,175,41,53,16218,15
30,52.8,177,97,31.2,66,10704,11
50,70.9,192.5,113,57.3,54,17885,26
51,72.9,174,126,34.8,84,3401,97
58,86.3,168.7,165,50.9,67,12004,21
52,78.7,174.7,112,56.2,57,2545,87
18,83.4,179,149,39.3,68,4533,16
38,88.9,159.5,177,54.9,57,4009,169
23,93.1,195,153,40,69,7901,166
45,65.7,183.7,91,53.8,73,6085,82
34,76.9,181.7,159,32.1,60,4215,87
22,92,155,104,49.7,84,18041,34
48,99.5,180.2,110,50.3,50,17763,62
22,94.5,156,96,44.7,52,4184,166
55,68.6,153.9,178,50.6,78,12354,91
20,59.8,176.4,118,57.7,62,3275,90
40,74.5,170.1,113,52,76,11504,143
54,87.1,179.4,77,58.8,54,5523,85
54,74.6,154.5,60,43.5,78,10707,175
27,74.2,171.5,176,45.8,67,3019,12
27,91.9,158.7,80,37.9,63,3049,44
36,68.1,199.4,87,59.6,64,15381,56
34,93,178.1,171,31.7,78,4340,170
38,70.3,184.4,75,40.8,82,11449,102
31,66.4,166.3,107,38.9,61,17622,140
26,72.7,154.7,87,41.6,49,4985,68
18,88.1,198.8,81,57.5,46,14061,105
30,56.3,164.3,142,41,78,7705,27
21,59.8,171.2,171,57.5,64,19528,135
18,97.6,182.5,60,42.7,46,2705,86
57,58.8,151.2,154,55.6,72,4484,75
49,78.4,190.5,175,45.7,62,3745,162
51,79,176.8,175,39.3,83,18216,29
45,74.5,163.9,101,43.5,79,11161,166
48,82.2,153.1,157,42.7,59,15974,27
25,61.5,158.1,169,37.8,83,2777,81
56,77.6,194.8,163,38.7,84,11525,164
43,68.6,184.3,129,35.6,83,12309,131
51,83.1,162.5,151,40.1,47,12580,179
20,57.1,153.3,62,48.7,63,5114,75
29,78.5,184.5,154,41.6,67,14405,108
18,59.3,178.6,139,51.4,63,4936,35
22,63.9,170.2,140,59.6,62,3345,160
47,60.9,168.2,103,41.3,74,4041,14
47,59.1,160.8,86,43.9,83,16330,89
34,91.3,183.5,110,34.9,63,15198,115
40,64.3,198.5,83,41.8,49,9504,20
32,96.4,158.8,79,51.8,57,11747,156
54,98.5,179.9,91,36.5,78,19073,149
38,78.6,171.2,158,35.5,68,2119,139
31,57.2,172.3,72,41.3,62,8169,159
19,68.7,162.7,171,54.6,48,7832,163
28,89.9,191.3,102,48.7,80,16649,42
56,68.4,174.3,79,58.7,52,14246,33
55,54.4,177.2,171,57.1,45,3613,158
51,77.8,165.2,175,34.5,82,17575,55
55,92.3,159.1,61,31.3,80,9623,27
51,89.8,154.3,127,42,82,5033,142
35,58.8,185.7,150,45.7,57,7659,17
47,83.6,159.8,119,45.5,66,14255,94
32,61,184.5,148,34,73,14080,120
44,60.9,169.5,63,33.7,53,13976,66
51,93.7,170.8,155,31.4,71,12818,14
55,62.5,173.5,76,55.5,48,17718,22
50,63.2,168.4,60,58.4,84,11341,92
41,50,155,92,33.5,61,17196,174
32,93.5,165.5,89,36.4,81,18296,99
47,89.6,183.2,64,32.7,47,16134,166
59,81.4,183.3,177,56.3,48,14241,78
34,87.5,164.3,71,58.8,84,2455,41
22,57.6,173,161,37.9,60,9643,111
46,72.9,159.7,91,39.1,55,6620,139
21,67.6,160.5,97,40.9,71,10867,78
27,54.7,151.2,76,45.1,70,18126,172
34,74.3,194.8,117,50.5,75,7099,152
27,96,160.5,177,45.1,78,15887,81
34,52,161.4,168,58.5,52,12546,120
37,64.6,164,99,33,83,17435,74
41,60.4,156.4,155,54,45,2059,175
22,61.9,182,83,40,46,14673,26
51,95.4,153.8,71,41.3,71,7531,89
23,73.4,156.7,170,51.3,47,4764,138
19,73.3,182.2,154,57.9,78,3794,12
30,88,167,78,51.5,60,12721,136
28,57.7,185.4,88,53.3,45,7686,137
40,74.4,177.9,144,52.5,51,16675,79
33,71.5,162.8,149,39.6,79,6987,61
48,79.8,182.5,111,52.7,66,14888,131
28,100,155.8,151,53.5,76,8580,12
33,88.5,176.8,76,46,70,15533,103
25,69.9,171.9,132,46.1,50,19757,56
21,91.4,163.4,80,52.8,55,5553,84
57,58.5,180.2,173,54.5,75,10144,100
21,51.5,193.6,119,40.1,65,11274,95
42,60.2,199.9,157,54,66,14439,15
20,67,180.4,134,54.4,45,7437,104
49,75.5,170.2,178,37,65,14277,70
20,80.8,161.3,79,51.5,64,10749,52
44,95.5,162.9,172,35.6,53,15785,65
46,75.5,174,112,32.8,71,7915,123
49,75.1,168.4,173,47.2,73,11734,157
36,52.5,195.7,170,57.3,77,16703,56
38,51.7,168.4,162,31.1,45,4382,178
22,77.6,168.7,139,54.8,47,11473,40
35,71.9,169.2,122,45.2,76,6358,111
45,92,191.8,116,55.8,64,10312,73
59,58,182.5,88,55.3,61,16031,99
39,51.2,180.7,60,56.3,81,2139,100
38,72.5,166.7,141,53.1,82,9644,55
23,61.9,190.9,118,55.3,54,3815,119
18,52.5,151.9,123,35.3,73,6301,104
22,86.2,193.5,145,39.1,76,14330,33
58,55.6,175.6,131,37.3,57,17185,98
29,80.4,169.9,130,52.3,75,9285,46
43,64.1,174.9,148,34.6,48,11220,178
51,58.7,183.4,153,35.5,62,12446,162
31,69,150.6,157,56.4,55,16150,38
43,90.1,193.6,103,51.2,62,10536,168
44,69.6,172.3,107,56.3,81,5235,116
26,87.5,167.1,164,34.2,77,3387,139
43,56.3,156.9,175,42,81,14209,149
39,88.6,172,134,38.5,47,2983,142
47,61.8,174.8,74,30.3,45,16346,100
34,83.9,170.2,94,38.5,63,9548,65
43,78.3,183.9,82,41.4,50,8853,87
53,96.5,171,112,32.8,54,2775,80
18,69.4,198.1,104,47,81,19119,174
25,53.3,180,144,41.5,56,19870,45
52,51,190.4,151,31.4,61,18779,83
32,91.3,155.5,72,51.1,71,14970,38
39,76.2,169.9,93,51.9,46,4001,89
31,88.8,166.8,97,55,69,13639,175
43,61.7,178.5,129,44.6,72,16756,111
45,67.3,193.1,167,59.1,81,10062,178
40,51.5,153.9,127,57.4,81,12046,42
31,98.1,153.6,64,46.5,61,6188,102
41,83.4,192.5,178,43.3,49,15886,121
19,96.7,160.6,99,30.1,63,8349,132
43,63.3,183.4,129,51.3,48,8180,150
31,80.6,177.1,80,46.9,83,15322,143
24,83.9,191.6,87,58.1,82,9794,17
20,65.9,156.3,62,47.8,74,15401,127
40,92.4,156.5,82,59.8,76,19127,18
35,97.4,177.8,131,55.6,81,8162,160
55,94.2,197.3,78,58.6,71,17923,30
52,87,170.7,176,39.8,76,18757,138
32,63.9,166.3,134,34.5,55,7905,55
42,64.1,180.3,109,53.9,57,14276,71
54,98.2,196.5,133,53.6,79,7689,11
45,50.5,191.8,117,36.3,61,17380,113
27,85.8,199.8,151,52.9,74,17508,84
56,85.3,151.1,79,47.5,62,8897,110
34,81.1,155.6,167,33.3,81,3564,97
56,99.5,180.5,175,45.1,74,18334,137
39,65.6,191,151,57.9,70,15870,92
43,67,164.3,152,45.2,60,16219,14
42,53.9,162,131,53.7,55,18441,102
34,72.1,189.3,142,30.9,48,12379,48
30,63.1,152.8,112,51.8,59,4948,137
37,67.2,168.5,171,58.4,56,5134,75
42,91.7,175.3,144,45,71,19971,54
21,96.8,178,141,40.1,48,10969,84
27,59.3,186.4,68,49.4,79,5678,110
20,68.6,167.7,63,57.5,65,12740,150
58,96.4,180.6,100,35.3,80,19382,102
35,53.1,179.3,84,42.1,46,5343,128
53,54.6,177.4,93,34.7,83,6014,41
39,58.1,182,132,44.9,72,7107,118
51,79.8,163,68,46.2,78,13870,52
25,57.5,154.2,141,58.3,77,6328,145
57,98.4,156,134,42.4,52,6655,83
36,72.3,161.2,72,47,52,7858,148
59,75.1,175,161,56.6,66,7620,165
58,62.3,192,68,39.6,71,11112,48
54,73.5,185.1,139,50.2,72,9004,35
23,83.1,189.5,63,52.7,55,3242,81
43,87.6,167.5,93,39.9,71,18464,111
51,87.7,170.2,66,34.9,45,4661,35
23,78.9,169.7,74,45.1,83,6798,41
54,95.2,159.6,97,40.7,72,2540,55
50,90.9,153.1,134,38,71,5157,165
39,87.9,179.5,155,59.2,52,6717,144
38,52.8,199.5,150,45.1,68,7336,44
23,50.3,158.3,153,55.7,84,9165,31
23,60.6,152.3,111,35.9,80,11512,159
21,83.2,189,140,58.2,68,16728,131
47,70.6,162.6,159,53.8,66,15754,12
28,70.1,191.5,142,54.3,54,7209,55
47,94.2,185.2,66,41.7,48,16490,17
48,94.8,197.3,166,44.6,52,9645,13
41,95.5,170.4,104,47.8,83,7740,24
26,65.7,183.1,118,53.7,59,6154,53
20,84.6,173.2,80,55.5,52,4665,176
48,63.6,181.5,87,32.3,73,8018,129
57,59.5,172.5,62,57.1,83,7713,85
54,59.2,159.4,73,58.1,79,15071,166
53,67.1,175.4,61,47.8,58,17327,171
41,71.5,176.4,88,35.6,76,3026,163
48,91.5,190.5,77,54.6,51,6473,121
23,56,186.8,96,46.5,77,6667,96
19,86.7,183.2,104,54.5,79,18970,27
37,76.6,155.7,104,54.4,71,17941,61
45,64.4,186,83,32.6,45,2684,63
28,74.6,175,179,48.2,50,5268,51
21,65,194.7,105,44.5,46,17193,102
32,79.8,196,71,58.4,51,2658,150
23,71.7,152.8,112,38.9,52,3296,41
47,58.2,191,104,36.2,73,3525,92
55,55.8,151.9,91,56.9,60,12274,90
19,77.3,168.4,77,34.5,73,9150,75
32,95.1,177.1,72,50.6,75,9792,91
28,67.2,157.4,63,39,66,8604,176
25,86.7,187.3,82,47,54,17053,164
43,82.9,150.4,121,48.5,48,7789,87
22,96.6,158.4,113,42.5,69,9420,63
23,91,179,133,59.2,57,7753,82
43,78.3,185.7,114,34,61,17544,23
21,82.9,195.8,128,41.7,84,7108,145
36,94.9,185.3,173,42.9,52,7247,44
37,70,183.6,99,48.9,67,10401,155
50,66.3,169.7,73,42.2,51,19007,87
37,50.5,150.1,157,32.9,76,11997,61
29,91.3,156,87,58.4,68,7261,81
18,90,176.7,131,42.5,45,6268,145
43,55.2,183.8,139,40.3,80,7984,174
31,78.8,170.9,154,43.4,71,2010,75
55,73.2,186.5,130,36.5,50,19144,90
54,55.9,176.1,126,33,75,3177,86
28,99,153.7,88,34.5,56,11168,127
53,60.7,159.6,159,35,70,4389,178
30,53.4,192,120,35.9,69,8364,82
20,79.7,186.2,162,42.6,48,17777,36
50,86.9,194.7,127,48.7,50,13865,157
23,51.6,155.9,68,48.9,57,14327,47
27,82.9,199.5,178,30,69,19866,149
22,76.6,160.5,76,57.6,75,4310,179
40,55.2,150.6,108,54.7,66,5741,95
27,58.6,199.9,122,58.9,79,9285,110
19,78.4,164.1,143,40.8,65,5839,112
30,64.8,183.4,137,49.9,59,9581,40
57,96.9,158.8,105,35,47,16137,49
19,90.9,179,152,54.5,81,7237,82
37,99.2,195.2,72,34.8,70,14504,176
18,63,166,159,39.8,61,3740,147
54,98.5,183.5,104,44.7,82,7291,166
26,71.6,159.4,112,47.8,79,7247,177
34,67.4,181.2,76,46.8,52,10845,167
26,52.5,166.8,106,33.1,55,13733,139
28,52.6,160.6,121,42.7,68,8566,91
32,84.6,165.7,109,57.7,52,2852,165
41,72.9,158.9,102,56.2,74,11753,41
55,61.3,195.1,127,47.7,45,14137,97
52,80.7,169.9,143,47.2,78,12868,111
47,62.6,162.3,134,33.4,64,16905,98
48,78.9,172.4,165,36,80,19702,98
22,68,166,145,37.6,78,18505,41
31,91.2,187.2,168,44.6,78,6254,164
28,91,198.6,177,51.9,57,18239,63
26,73.9,171.9,131,43.8,50,10498,105
51,67.5,193.1,87,33.8,80,14174,168
29,68.1,178.3,104,43.2,69,3896,123
52,90.3,157.9,100,34.9,71,14878,33
52,66.4,184.5,153,52.5,75,7976,172
18,60.5,175.7,156,35,47,5911,39
57,54.2,182.5,156,44.5,72,18337,106
39,73.3,194.5,170,50.8,48,10340,64
46,74.1,172,177,36.8,61,19423,73
25,92,195.1,95,32.3,82,11582,42
28,61.1,187.5,150,46.9,78,5904,55
58,69,174.4,143,31.6,64,6876,42
54,90.4,180.2,92,47.6,57,10309,39
31,91.2,166.3,84,52.6,49,2703,88
47,69.2,199.2,167,39.9,68,7470,166
52,73,183.4,166,44.7,82,8440,101
38,65.2,152.2,78,57.9,61,4024,105
54,96.6,166.3,106,44.1,75,17751,39
22,55.9,181.2,144,59.9,72,14730,115
36,96.7,152.8,165,34.7,45,6345,111
31,84.2,151.2,92,51.3,46,12149,149
43,76.6,172.5,179,49.6,77,7634,76
21,51.6,166.6,126,56.2,84,19381,152
42,73.8,171.9,73,32.8,73,18789,19
59,70.4,163.1,138,38.4,48,13040,95
42,58.1,158.2,92,34,62,2243,70
35,82.8,184.5,101,58,68,4414,32
57,98.6,175.7,145,42.8,76,5856,20
25,78.1,160,124,57.3,53,8263,25
56,85.7,166,154,38.8,60,17185,58
57,53.4,179.6,106,33.8,65,17799,119
31,70.9,153.6,94,38.9,74,10624,89
49,55.8,157.4,176,47.9,47,14470,151
55,80.6,153.7,143,55.4,77,15772,143
50,96.9,190.6,91,41.6,75,3141,179
40,83.1,187.6,114,57.4,58,6126,154
32,53.8,187.7,113,37.3,50,16863,128
50,67.7,185.8,135,50.8,49,15584,51
42,77.5,183.5,110,52.1,73,6197,19
34,70.2,173.8,139,38.2,81,7824,58
50,91.7,182.1,118,30.8,80,14097,18
19,90.7,151.9,131,41,65,14115,176
31,80.6,181.1,179,31.4,56,19774,11
57,68.7,188.9,73,57,67,6925,77
57,62.8,175,77,58.6,58,19001,61
56,55.3,167.9,114,52.1,54,4469,148
23,67.7,163.9,153,51.8,71,14468,46
23,70.7,182.1,156,37.2,46,4702,31
20,83.8,184.6,157,32.2,58,8257,14
24,82.9,193.5,115,54.1,51,10105,139
25,53.5,167.1,167,46.8,61,5165,142
59,69.8,188.5,108,50.4,64,13370,108
32,59.1,178.1,157,53.4,52,12483,169
46,57.8,194.1,119,42.3,64,16758,156
50,91.4,176.4,172,34.3,80,6430,112
47,52.1,175.9,112,53.9,49,11238,124
56,71,178.9,130,43.6,57,7992,13
44,58.4,187.5,65,54.8,83,14249,96
53,94,198.2,129,43.1,82,8597,55
46,77.9,153.7,145,36.5,61,3407,92
55,61.6,152.7,67,35.1,50,11201,163
50,75.1,196.9,160,52.3,63,7557,59
54,86.6,176.5,74,47.2,69,17515,35
44,97.9,180.7,85,42.1,47,5406,80
50,61,174.1,98,44.8,72,13794,41
21,94.3,154.7,62,46.5,70,7700,120
39,96.7,188.4,116,37.2,52,10127,126
19,95.8,187.4,69,41.3,59,12740,106
27,81.8,165.6,62,38.8,45,3545,35
22,81.5,165.3,153,41.7,84,18518,97
27,70.2,191.9,105,45,67,4859,60
50,87.6,153.6,81,35.2,80,15057,96
55,76.6,194.1,126,41.8,60,8003,175
30,83.9,162.8,124,41.6,48,3264,35
48,71.4,179.6,156,38.6,52,18548,133
53,86.6,196.8,78,60,80,14612,40
41,91.2,183.9,159,32.2,54,18019,135
32,57.3,170.7,121,49.3,74,17577,54
46,91.6,184.5,157,35.2,80,10811,40
25,77,167.2,116,55.2,60,8725,120
22,92.2,163.9,154,57.4,74,8814,70
46,71.6,199.8,166,42,54,18185,54
21,69,187.5,147,54.7,55,5972,69
29,95.8,182.2,135,37.5,78,9594,61
19,62.6,167.8,72,34.2,60,18786,61
44,92.2,152.5,75,39.5,63,9199,85
48,74.2,151.6,75,40.3,48,8264,71
53,75.7,177.7,174,41.9,75,17874,163
53,65.4,188.1,178,41.2,79,6480,76
43,78.7,176.9,111,42.3,78,8619,88
44,66.3,192,176,51.3,70,4607,58
22,52,151.7,143,37.4,83,11382,97
37,63.6,168.3,100,30.6,50,10580,124
28,50.3,161.9,107,44.7,77,19173,53
27,98.9,172.4,150,43.4,71,3494,45
57,98.3,153.6,98,31.8,56,16388,31
55,69.8,197.7,72,34,52,8710,139
23,86.4,161.2,63,45.3,53,2820,16
25,67.3,196.1,155,37,45,14228,25
40,83.6,171.3,168,56.3,49,19847,103
43,90.3,199.3,163,35.2,51,13257,53
29,97.3,177.7,157,30.6,62,13837,119
43,70,196.5,162,43.4,84,14220,74
30,89.2,150.3,102,59.6,68,5965,82
57,63.3,187.4,140,49,70,15038,80
35,99.5,195.2,147,40.6,54,11508,167
42,51.3,157,152,30.5,84,18565,179
50,80.2,154.8,105,44.5,56,8000,83
57,83,171.2,151,36.2,66,11152,34
29,84.4,196.7,168,49.4,71,19373,91
53,56,177.1,106,47.5,47,11917,80
21,96.9,176.4,145,38,62,16654,66
22,59.1,157.1,151,32.1,49,2706,169
54,81.1,150,112,52.7,58,6847,59
25,61.1,190.5,84,47.6,69,14893,84
59,65.4,154.4,100,55.3,75,6649,147
45,77.3,181.7,62,37.8,65,13613,159
48,70.9,195.7,136,49.6,82,8596,50
26,58,160.4,154,33.6,64,15938,56
46,58.5,183.3,72,38.8,58,10614,151
31,70.9,153.9,164,49.7,64,12106,140
57,87.9,180.2,77,54.8,81,14277,87
58,94.9,158.2,96,39.6,74,17448,62
39,54.2,186.8,102,54,64,15133,25
28,69.7,165.1,93,50.3,51,13374,128
40,55,173.2,140,40.5,49,6646,37
18,50.8,180,114,56.3,75,15708,172
54,83.1,158.6,111,45.3,73,8090,139
38,80.1,187.1,144,49.4,59,14784,70
43,58.2,165.1,95,44.9,69,13279,64
53,61.7,183.1,113,43.6,57,17392,27
40,51.2,157.9,118,55.4,68,12984,58
18,91.7,184.4,173,38.8,59,4536,111
57,98.7,156.4,179,31.1,68,8879,51
32,56.8,171.3,111,56.4,70,16793,16
38,61.6,162.4,163,54.8,63,9438,141
26,93.4,187.4,78,41,68,6634,68
26,96.3,163.1,71,35.6,63,18951,58
27,71,194.1,151,50.3,61,18504,69
43,52.5,194.6,70,32.4,49,8768,15
58,52,159.8,107,42.7,48,10507,157
52,78.7,180.7,160,32.6,66,17357,40
42,69.6,154.4,151,47.9,54,2620,125
43,51.4,169.6,158,30.8,65,2453,159
28,79.2,185.7,167,48.9,69,15831,94
55,50.6,183,138,50.2,50,2958,169
19,89.4,181.2,75,44.6,74,12200,56
24,65.3,164.1,168,35.3,73,2762,171
35,52,168.9,130,33,55,17069,164
44,79.4,155.1,106,39.4,55,15697,53
51,69.9,186,126,44,71,17129,167
44,98.7,175.2,90,49.3,63,10388,170
34,77.2,185.4,135,30,66,18644,164
41,63.8,162.4,67,51.3,72,8746,65
42,85.5,166.2,148,51.4,48,7890,160
24,63.6,166.7,120,43.3,81,8053,52
23,95.2,151.3,103,40.3,63,3280,63
41,68.7,167.1,109,55.3,61,18519,77
50,77.5,190.2,94,53.5,84,9877,62
46,52.5,194.9,135,59.5,80,4545,49
39,71.3,175.9,120,41.2,67,16447,95
43,91.6,172.8,178,57.2,72,13677,146
45,90.3,151.5,144,32.6,55,10560,104
38,61.2,194,149,42.3,58,5662,147
24,61.3,150.7,114,44,57,17737,19
34,90.9,197.2,125,43.2,68,15055,167
37,96.5,174.5,73,48.8,60,8729,147
58,54.8,167.1,169,35.1,72,14798,45
37,72.5,196.2,63,56,74,6808,52
39,66.9,151.2,76,46.6,83,10048,116
45,93.5,179.1,170,57.1,71,15107,160
57,54.2,177.4,171,30.1,61,8520,141
24,60.6,161,128,48.9,70,18928,149
18,87.6,171.4,83,42.4,51,5423,133
49,52.6,182.6,108,45.2,79,6483,58
30,74.6,186.4,114,52.3,59,14527,161
47,72.1,150,130,36.8,60,9119,150
40,66.7,196.8,82,36.1,65,19481,133
36,69.7,158.2,170,51.1,61,12718,77
49,76.5,161.7,140,45.6,70,17373,111
47,58.1,163.2,71,37,79,7435,99
46,78.6,151.9,70,44.5,64,14355,171
46,90.3,156.2,174,43.8,64,3719,18
47,88,199.3,134,50.7,67,7768,19
33,57.7,165.8,157,30.1,49,13881,134
57,57.5,155.8,170,47.6,53,11166,124
36,63.4,155.3,160,48.2,67,18798,74
35,68.1,186,173,52.4,62,11042,121
18,70.4,192.7,88,56.7,73,13969,81
31,84,162.8,121,43.2,55,9203,83
19,52.8,151,112,40.3,52,6641,63
45,51.7,161.2,176,33.1,71,16374,98
47,69.6,152.8,107,40.1,46,16546,104
55,84.9,155.2,159,32.1,67,19125,112
21,59.7,171.6,150,54.1,65,16102,70
18,82.1,161.5,178,54.2,54,2591,175
25,63,175.8,165,42.5,82,2749,145
46,94.3,162.7,145,37.8,48,4219,137
56,94.8,197,125,33.5,65,11029,74
20,64.9,195.3,170,55.5,81,16777,14
49,61.5,178.3,159,56.3,56,13322,129
27,70.6,167.7,107,38,58,13673,124
27,62,169.1,153,48.7,64,10725,118
36,83.6,170.6,118,37.8,52,14654,52
51,91.3,186.4,130,36.8,71,11965,35
50,83.7,172.6,116,30.6,81,9508,20
40,91.2,192.8,135,47.3,65,17091,171
45,69.8,197.2,62,34.5,79,4570,139
49,57.8,166.8,140,30.4,83,2264,30
24,86.9,178,164,33.1,59,18025,124
46,68,154.8,91,39.4,56,15349,163
25,83.6,160,67,50.1,78,10573,137
18,63.5,170.7,146,36.1,52,13488,85
20,54.1,160.3,161,56.6,81,11358,82
41,99.6,193.8,89,38.7,74,12670,96
40,57.8,157.9,74,39.9,47,2388,115
25,99.4,172.8,133,36.5,74,4071,142
54,98.9,180.3,114,37.6,73,16968,18
20,89.7,184.6,97,32.2,45,16454,128
50,83,169.2,74,38.8,60,9840,59
45,78.9,193.5,89,55.8,75,13849,19
25,93.3,178.4,105,50.7,54,12431,122
51,64.5,172,123,56.3,74,8630,19
52,73.4,153.4,85,33.1,70,16968,87
49,81,173.2,174,43.7,56,15008,45
41,70.6,191,168,36.9,84,16719,65
31,71.4,180.7,137,51.6,49,4859,127
49,66.5,191.6,126,59.1,53,4393,46
33,78.2,174.7,95,54.5,55,16091,178
21,92.5,155.9,149,31.1,67,4050,57
54,60.1,150.7,137,39.5,61,5121,159
38,96.7,165.2,90,30.9,57,11116,96
31,84.5,184.9,137,31.2,61,6971,70
48,91.2,189.5,99,32.4,67,13767,84
35,77.8,164.8,133,38.3,83,5354,126
24,89,174.8,132,39.1,53,6474,124
27,50.8,171.1,105,42,62,5397,108
24,90.9,170.5,163,42.1,62,8281,57
50,52,161.6,166,53.1,74,14412,46
40,94.5,156.8,101,34.2,70,17751,178
38,99.6,159.8,77,34.7,62,7521,14
36,64.7,152.8,159,48.8,65,5472,109
36,60.5,159.9,95,47.2,77,7481,26
53,88.3,150.5,135,34.6,58,8209,99
46,62.7,181.4,109,55.6,54,10623,117
35,93.3,165.8,120,39.9,72,11304,29
19,55.1,198.7,99,41,58,15143,112
18,56.3,159.7,62,42.6,63,12245,106
22,99,167.3,141,39.7,70,14445,153
37,83.7,167.9,66,46.7,54,9546,16
28,92.3,150.4,90,41.7,61,7802,103
59,66.2,192,124,37.8,78,2544,75
19,83.8,151.6,154,57.1,58,8652,21
20,79.7,197,123,39.3,70,18052,49
40,80.2,194.6,177,51,78,4628,10
29,84.1,176.8,136,40.4,63,5451,67
37,78.8,177.2,152,43.1,68,10729,140
22,71.5,182.7,62,37.1,75,3436,17
54,63.8,169.4,152,52.6,84,13007,99
55,88.4,182.4,94,52.1,50,5062,84
47,61.3,152.2,74,30.7,64,18643,94
26,84.6,152.7,80,31.8,83,9551,14
51,61.7,172.9,121,57.7,78,15113,35
52,81.3,177.5,142,56.7,66,17663,94
39,87.4,194.4,87,45.2,51,6411,82
41,60.9,155.2,63,44.8,77,6841,154
34,53,191.1,168,54.4,50,9961,110
27,56.5,160.5,72,34.2,60,19102,75
47,80.3,169.7,138,49.6,52,7196,128
40,92.5,165.8,110,44.3,67,13093,56
49,52.2,170,107,52.3,62,9546,177
34,86.7,157.5,98,30.9,58,16484,101
34,67.1,175.2,155,47.8,80,17103,36
31,73.9,190.1,126,46.7,59,16680,49
26,96.4,172.1,153,55.2,49,16101,10
57,66.6,174.5,117,50.3,59,12006,148
19,73.3,192.4,143,56.4,55,5480,176
42,50.7,185.3,61,56.6,46,11933,27
56,54.1,174.5,173,42.2,67,15261,100
26,62.9,162.9,84,34.1,68,15209,56
39,51.4,194.2,70,48.9,62,10221,30
21,81.6,178.9,60,56.2,48,17065,165
43,71.3,161.1,107,32.2,59,2230,138
46,77.4,163.5,172,46.7,56,9526,23
51,58.7,190.2,107,33.4,47,7281,29
40,64.8,152.2,69,30.8,76,3251,130
54,83.2,199.6,140,50.4,80,8889,164
28,98.3,156.5,89,50.5,65,15384,131
23,52.5,189.8,94,48,50,14686,61
35,94.5,169.7,173,55.8,46,3778,77
38,78.8,174.6,78,32.4,53,10052,46
59,78.2,194,169,33.2,56,6870,91
53,75,170.6,112,55.9,68,3147,168
58,53.5,176.9,93,45.1,58,4847,58
55,54.5,152.5,91,38.2,56,2620,48
51,80,150.1,135,52.1,71,2963,147
34,67,162.2,166,56.8,54,9215,146
54,95.9,184,140,50.7,46,13052,101
42,70.3,156.1,65,53.8,75,18003,150
55,57.2,155.7,174,38.5,72,9418,27
29,85.7,170.5,72,38.7,60,19710,149
40,64.7,182.4,162,55.9,45,2121,81
59,76.3,185.6,145,48.4,66,6313,14
39,84.9,158.9,134,37,45,19460,16
38,95,154,123,45.7,75,19566,152
44,89.6,197,66,50.6,66,15982,155
48,83.8,163,104,36.6,78,2794,47
23,84,192.7,104,49.6,56,11816,35
44,97.3,193.2,144,31.3,67,10483,175
57,64.8,188.6,124,39.1,72,9326,68
51,50.1,158.4,153,50.2,56,10682,61
29,63.6,191.1,78,34.5,71,15548,170
24,60.9,188.5,174,36.7,67,17638,158
27,83.1,179.8,178,56.4,45,7986,154
34,81.7,166.9,106,50.2,46,5907,116
43,79.7,163.1,105,45,75,9081,71
38,50.8,156.1,88,36.3,46,15353,68
45,86.4,175.5,158,40.2,69,7760,11
19,66.2,179.3,176,47.2,82,15771,34
18,83.3,168,143,34.7,63,2490,178
53,77.8,173.8,159,44.5,72,6263,28
43,67.1,168.2,120,42.3,50,9769,175
46,56.7,182.1,162,44.3,83,19581,34
38,54.7,195.1,124,33.2,63,13635,176
28,91.6,158.2,82,33.2,61,3904,13
57,95.9,169.1,154,58.9,50,7269,12
28,82.5,157,179,59.4,59,3650,171
53,55.2,181.2,110,42.8,66,14467,115
56,70.1,186.4,122,53.7,78,5191,147
57,86.4,196.6,158,49.7,49,2027,122
52,89,163.9,175,33.5,67,16132,36
51,55.9,197.5,170,38.9,49,4750,121
41,50,153.2,168,39.4,54,4879,99
39,85.6,180.2,81,47.9,48,6357,138
22,67.8,152.9,169,47.4,56,12865,53
50,62.7,194.7,130,57.7,54,18255,61
53,50.6,176.5,92,53.7,74,4832,162
37,77,183.5,168,55.7,68,5109,74
36,92.6,191.6,159,56.7,49,11652,20
52,97.9,157.5,103,54,57,7758,77
34,78.3,151.9,66,40,80,4921,130
51,75.7,193.9,150,36.5,53,3433,86
26,54.3,165.7,61,47.2,62,6428,24
43,77.4,156.4,76,50.7,79,9698,66
19,69,173.4,124,41.6,75,10111,83
26,80.4,179.9,117,55.5,68,19565,73
26,69.4,151.5,169,58.8,48,17519,20
57,62,163.7,89,47.1,70,17735,130
34,54.7,151.6,145,43.7,54,14366,134
18,65.7,171,151,55.3,53,16155,157
42,54.8,194.8,176,30.7,45,14484,39
57,58.8,199.1,156,33.9,60,11975,19
59,99.4,181.9,85,55.4,57,14513,63
42,72.2,158.1,94,52,82,4642,166
56,76.6,195.3,122,42.5,58,9577,138
52,93.7,175.8,134,56.7,84,15849,67
20,99.8,157.7,130,40.5,67,5711,158
54,79.1,196.1,87,49,62,7458,152
47,90.6,187.9,84,49,72,8680,170
55,66.3,186.6,120,35.5,64,14507,175
51,65.3,185.5,164,38.5,45,11419,156
29,70.1,160,90,57.5,56,18239,141
36,83.6,160.6,113,35.5,71,18585,85
54,84.1,184.4,126,35.2,57,7985,98
34,65.8,161,156,44.4,48,5160,107
27,56.7,171.9,110,32.8,69,13465,90
29,81.6,189.1,117,56.8,50,9872,79
33,56.4,189.2,93,33,66,9839,21
41,78.9,172.7,118,48.5,82,17652,136
36,84.7,189.6,80,40.2,80,8859,88
25,85,191.9,115,54.1,47,2752,154
48,87.7,182.7,96,47.7,59,15304,138
38,93.6,161.4,123,41.6,55,18498,23
34,75,163.7,172,59.5,78,17057,128
40,86.5,165.7,78,32,71,5980,11
54,81,155.8,160,47.3,67,8325,13
33,59.3,163.7,178,59.7,61,18852,75
23,51.3,160.5,144,50.7,67,2425,99
25,64.2,172.8,137,52.2,78,10141,69
42,72.2,195.4,133,31,65,19959,106
35,80.9,155.2,112,30.6,77,12057,176
42,92.5,186,130,31.1,49,19217,136
29,59.8,184.4,152,59.8,61,16316,69
32,56.3,154.8,122,59.4,45,16820,167
43,98.2,196.1,163,40,51,6106,164
58,55.4,178.4,121,38.7,47,3408,92
43,73.9,168.2,131,34.4,70,7821,83
49,79.3,187.8,162,39.9,60,12362,64
27,77.1,162.9,136,41.1,60,8844,35
33,54.3,184.7,169,52.4,58,8395,179
24,52.9,152,78,56,70,10795,130
34,55.3,192,134,52.4,71,17843,76
40,79.3,172.4,61,49.4,61,18596,125
43,77.2,181.8,172,53,48,17341,76
38,61.7,161.1,65,52.2,61,6801,15
39,81.9,183.9,88,44.3,77,17346,123
24,91,188.6,100,40.1,74,3758,19
31,52.1,173.7,110,38.5,65,7780,47
32,74.9,180.9,64,50.4,61,13260,133
24,84.5,172.8,100,58.8,55,10973,86
26,62.6,194.7,121,47.4,74,14413,111
25,65.4,174.9,89,57.4,62,19910,21
40,80.7,192.1,162,30.4,64,2840,55
46,94.9,190.1,121,53.8,78,19725,58
35,90.5,170.5,159,55.6,72,14299,100
48,79.2,161.5,86,48.9,53,19884,133
47,86.5,170.3,109,58,75,7559,81
56,68.2,191.3,141,47.7,60,7926,111
52,82,161.4,111,37.2,75,10707,52
35,73.3,176.2,108,36.5,73,18175,69
59,59.5,190.3,121,46.7,57,13654,110
56,85.1,167.7,159,57.2,67,15991,166
34,77.8,182.1,119,32.2,58,13271,95
31,67.9,162.3,177,48.1,83,9675,135
48,95.6,155.5,139,53.1,46,11339,20
41,51,189.7,113,33.5,56,4594,44
52,65.8,154.9,178,33.5,72,5656,32
51,52.8,163.6,64,41,76,11740,158
20,88.3,192.8,68,38.2,68,5155,174
54,85.1,167.3,93,35.9,81,2978,37
57,66.6,198.7,157,36,73,12497,125
43,83.8,199,95,33.9,62,14075,104
40,69.8,163.4,154,48.3,47,4589,67
56,87.8,152,175,50.6,57,7942,62
32,72.7,185.3,79,51.1,57,4508,37
21,70.6,172.5,140,46,73,14511,51
46,96.7,155,143,58.6,46,19577,94
39,62.5,185.4,151,56.4,72,7915,102
42,56,151.6,144,58.7,48,4045,133
30,79.2,193.5,142,41.7,49,10439,170
35,98.5,156.9,122,56.3,83,11576,174
50,68.9,156.4,126,52.9,49,11564,56
33,53.1,158.8,89,40.2,52,13105,173
59,67,198,128,33.2,78,17765,124
19,75.3,184.7,165,50.5,69,16793,165
52,58.1,190.1,129,34.1,71,16921,19
59,82.9,169.9,62,38.8,51,9181,32
51,99.9,166.8,108,45,80,2044,14
47,72.6,161.7,101,50.4,76,6511,91
30,67.7,174,83,57.8,65,17421,128
30,70,177.6,103,47.8,62,9775,15
35,55.8,181.6,60,50.1,46,12707,134
49,94.2,162.9,173,39.3,49,15372,179
49,70.7,197.4,174,50.6,82,9948,56
52,69.4,158.5,113,43.1,72,13079,37
56,83,198.3,111,55.7,75,10216,22
46,72.1,150.7,95,41.8,68,12006,34
46,82.4,174.1,138,44,77,3225,16
33,53.1,166.7,164,43,83,3248,89
27,90.7,172.5,97,54.3,56,17869,75
47,97,178.5,103,58.6,83,7698,45
42,82.4,171.8,141,39.8,53,19966,11
56,97.7,170.7,146,44.3,59,6848,122
37,57.6,186.6,106,51.2,67,11905,47
22,73.9,184.3,88,56.9,66,13783,23
18,80.1,191.7,110,44.8,80,15388,164
47,79.1,162.5,100,33.3,54,5138,152
20,70.1,180.5,145,41.1,72,19901,94
31,66.9,179.3,123,46.5,79,12924,149
47,56.3,168.5,147,42.5,73,6642,124
21,69.6,174.3,168,35.6,49,7196,106
35,58.1,165.7,107,31.1,48,13155,95
54,86.7,157.1,136,50.6,59,14055,111
42,60.4,160.7,156,59.8,74,8198,91
18,52.9,155.3,173,57.6,70,10072,53
32,77.6,184.2,81,50.5,67,17965,139
26,79.8,183,158,55.2,83,11688,102
32,93.6,197.5,76,37.7,73,13919,168
41,78.8,186.5,145,48.7,66,11927,114
21,67.3,152.6,64,31.8,79,16059,134
29,90.2,194.2,120,51.2,62,16649,82
54,77,193.1,148,59.1,79,19727,81
54,54,172.2,65,55.8,77,7490,170
23,78.3,179.3,112,46,51,18432,142
56,95.4,198.8,140,53.7,78,7916,87
41,69.8,176.6,154,58.3,54,13526,67
28,64.8,195.3,76,36.5,68,3746,134
30,57.2,154.2,118,53.8,69,10170,20
51,57.6,159.6,156,38.1,71,2633,160
42,71.6,172,98,56.3,50,14889,36
24,79.8,179.2,113,33,52,18559,65
21,54,190.8,107,35.3,65,17140,135
25,97,199.4,96,51.6,63,10152,68
37,87.8,169.4,107,35.2,78,17718,118
46,79.3,152.4,127,34.7,83,6392,49
27,91.4,190.1,166,46.7,67,7379,155
51,54,180.2,137,55,57,10666,70
43,73.8,159.9,136,38.1,83,11838,131
58,81.5,174.7,86,55.2,72,3958,115
20,91.4,187.1,147,54.2,50,8679,32
23,89.2,188.5,86,47.4,56,17921,45
22,63.9,175,131,49.4,47,15348,47
22,97,165.3,176,31.2,64,9348,81
40,56.2,198.7,122,41,52,7884,65
26,93.8,183.2,111,37.9,70,14312,176
52,98.5,170.4,106,34.5,82,10828,85
37,58.9,164,173,41.7,72,5820,165
59,86.1,186.6,162,40.6,79,6322,116
52,52,162.1,80,51.9,82,7467,158
35,70.3,158.6,174,47.9,46,14325,71
34,75.8,176.5,116,57.4,51,7502,32
41,79,164.5,164,34.4,69,19588,158
20,96.8,181.4,134,31.8,76,8449,129
49,83.6,155.9,154,46,56,19587,153
52,74.1,182.7,150,30,55,2982,74
55,90.5,164.2,101,53.6,54,10923,117
30,97.5,150,169,45.2,79,16989,89
42,51.1,156.3,107,44.6,48,15429,142
26,99.1,196.7,86,40.9,46,16396,73
21,54.3,193.4,131,41.2,72,12792,50
31,90.7,161.7,92,42.9,58,7905,107
54,64,188.9,135,30.5,73,6073,98
51,56.6,180.4,94,32.5,46,4234,115
28,72,198.5,157,45.2,78,17273,152
58,82.2,168.7,75,34.5,77,9631,63
20,69,184.1,95,53.4,64,19831,86
45,52.7,153.2,125,38.2,74,14061,51
46,80,169.8,135,32.9,70,18485,34
26,95.1,198.2,150,37.1,64,13899,76
20,69.2,176.9,115,40.7,45,15738,172
42,60.8,164.4,76,31.1,45,12850,121
51,72.1,156,79,34.3,69,18919,82
29,52.4,185.2,144,39.7,77,9039,159
59,91,182.2,153,39.3,67,9114,121
26,91.3,168.7,165,54,55,14411,146
32,79.4,197.5,143,55.3,59,9469,161
57,67.7,151.1,67,35.8,58,17003,32
42,90,165.2,77,33.7,45,8492,174
22,77.7,196.1,77,49,77,6344,24
28,91.3,166,77,54.1,50,3971,136
51,81.6,162.6,61,58.9,67,15582,23
41,89.2,176.7,135,30.2,70,11644,61
32,79.9,191.2,155,42.4,47,19096,93
55,70.7,155.2,165,52,50,5655,45
25,97.9,197.2,131,54.9,84,17342,164
22,77.1,189.8,110,31.9,69,14534,154
43,80.3,159.1,69,50.4,61,14768,178
35,61,185.6,134,38.7,72,8472,13
23,81.3,169.2,73,32.2,76,11640,140
54,78.6,170.1,85,44.7,73,7124,28
30,59.2,189.2,106,34.7,67,10650,178
45,53,198.1,89,52.1,60,4843,177
22,80.2,156.3,115,52.2,76,18976,67
30,88.2,171,178,55.3,70,2497,176
34,76.2,174,101,41.3,77,4134,16
57,61.3,168.8,63,30.4,63,7412,45
49,83.3,168.2,162,37.8,61,6292,85
46,54,152.6,70,44,82,2026,157
20,72.1,184.3,83,50.8,58,14108,111
57,58.2,171.8,177,41.5,62,16470,85
51,59.2,159.7,145,46.1,65,4253,166
57,60.1,190.8,126,45.7,83,13490,77
44,69.3,190.1,96,34.9,83,15379,75
30,52.6,174.3,61,48.7,72,14649,56
50,69.9,164.9,71,43.2,64,11475,160
23,75.6,181.9,80,54.2,50,16993,143
41,74.2,164.4,128,50.7,70,3086,27
36,69.1,161.8,130,33.3,50,4015,31
33,92,186.5,123,44.7,83,11907,77
57,57.3,152,127,51.1,70,9123,172
45,75.3,154.7,102,32.6,61,15934,107
50,53.1,150.3,113,53.8,84,9084,18
58,53.6,157.6,164,36.7,46,16248,168
30,78.7,153.4,159,45.1,65,6467,84
42,78.3,199.8,121,58.2,51,4896,26
59,93.9,164.4,145,47.1,64,12362,60
53,77.9,157.5,152,42.7,47,11342,33
44,98,162,132,30.2,80,19718,134
55,52.4,196.8,149,34,63,19672,24
24,54.9,176,71,47.4,74,10937,165
22,52.2,168.2,171,44.8,55,16623,140
48,59.3,193.7,60,40.9,57,14707,166
40,77.1,169.7,131,57.7,77,7928,61
59,82.3,166.8,92,40,82,19081,63
27,52.3,160.4,123,46.1,46,13226,67
49,97.3,168.9,175,47.1,67,18858,54
47,92.1,165.8,174,45.8,64,14168,127
56,64.8,183.9,127,44.3,74,16189,86
48,53.9,164.5,73,40.1,59,8532,59
35,58.5,178.9,178,57.3,46,10702,31
53,56.3,153.3,152,43.5,74,12452,61
19,56.2,159.6,73,45.9,69,7384,40
31,75.9,170.4,68,49.7,48,19750,80
30,62.3,196.8,132,32,45,19445,99
46,67.9,168.9,85,53.4,52,4307,40
29,99.5,183.2,108,45.4,58,18691,111
56,84.2,162.8,170,49.7,55,11188,141
19,97.4,156.4,165,53.2,68,11321,172
49,57.1,152.9,76,56.2,68,2303,106
30,69.1,165.3,164,41.8,76,8486,76
44,77.7,157.9,127,54.3,69,7566,146
58,53.8,158.7,119,37.8,72,5891,92
34,50.2,188,169,49.8,60,11046,65
57,83.5,150.8,62,33.1,83,7724,35
48,82.1,177.9,152,30.6,60,17579,69
51,70.5,169,84,32.9,80,7350,137
41,74.5,175.3,80,39.6,56,11009,136
52,70.8,178.1,71,30.9,56,16025,81
23,51.2,165.7,113,48.9,78,11164,99
36,66.8,164.8,60,39.5,82,6133,67
47,58.9,186.7,60,52.1,64,11370,72
24,54.9,193.6,104,31.4,59,17862,129
27,97.8,159.6,105,36.5,66,2104,140
58,80,154.9,107,42.2,60,16269,144
49,86.4,194.9,66,41.5,68,10561,123
51,65.8,167.5,69,33.9,47,14389,11
45,69.7,177.6,74,59.8,45,10855,170
32,61.8,168,99,38.5,82,18360,149
47,54.8,156.3,70,51.6,61,19073,57
54,59,179.5,115,36.6,65,16214,62
46,89.9,176.3,105,56.3,57,8743,134
39,83.9,160.1,104,41.6,46,4588,178
21,77.3,172.6,146,57,46,3535,126
37,73.8,189.8,72,40.3,69,16698,100
49,96.1,179.5,86,30.3,72,4028,91
53,53.6,154.8,164,45.5,70,16947,77
21,64,177.4,140,45.7,79,4769,160
44,67.5,185.1,109,33.6,72,8486,173
34,89.1,189.6,120,37,77,9241,103
29,99.6,181.5,174,53.5,62,10135,158
39,62,157.6,72,31.1,58,16173,81
34,93.7,185.5,71,44.7,53,14667,112
27,91.5,183.9,88,45.9,74,15801,22
18,61.2,151.2,144,50.7,47,11340,133
39,70,170.6,143,31.1,78,16373,159
43,70.5,166.6,79,47.6,77,19164,16
35,98.9,183.5,90,30.1,71,6405,33
31,59,160.8,67,38,53,4153,142
46,90,179.5,83,45,57,8296,59
29,66.7,195.7,134,57.3,74,4583,35
53,86.5,189.9,98,33.8,60,5043,147
52,71,196.1,92,35.1,70,14036,20
29,78.9,198.9,101,50.1,49,19553,49
24,91.6,150.5,74,41.2,71,9036,111
46,90.2,181.1,127,48.7,59,18036,20
28,93.3,170.6,124,59.9,72,8726,121
50,53,193,91,59.6,47,6022,103
23,84.6,162.6,70,40.6,45,10392,13
32,57,199.1,153,45.1,45,12168,11
49,70.8,180.7,96,57.1,50,17103,176
28,77.4,189.7,78,32.8,55,14262,160
40,70.1,154.3,110,43.6,60,15207,54
43,76,159.2,159,41.3,77,8664,83
51,99.8,187.9,93,38.8,68,5556,179
51,56.8,151.1,130,59.8,76,9304,112
46,83.8,190.8,119,52,54,2365,51
21,69.8,150.7,168,41.7,69,17893,38
34,56.7,182.9,143,54.9,54,17866,153
52,57.9,168.3,112,44.7,57,2656,109
30,97.5,180.6,71,56.2,45,10352,141
58,94,184.8,121,38,79,17096,109
56,95.4,167.1,155,36.7,58,17447,25
32,99.6,155.4,125,37.4,65,18928,178
46,60.4,153.5,145,46.2,82,14046,15
46,67.8,179.4,164,38.7,45,8426,51
28,83.5,176,107,34.4,64,3761,137
49,74.2,187.1,99,59.8,49,2956,165
19,70.9,175.5,83,57,84,10273,109
31,67.9,171.1,109,49.1,76,19620,160
37,79.7,169.9,154,56.7,45,16855,85
39,78.8,151.3,127,58.1,84,18830,51
28,58.1,166.8,147,50.3,46,15036,104
44,73.6,198.8,102,45.6,75,11365,21
20,77.7,193.7,76,56.5,70,8005,133
34,78.5,166.5,163,47,53,15844,73
45,60.5,179.4,142,33.8,74,2645,38
46,87.1,192.4,163,41,52,2378,28
38,51.3,172.1,161,43.4,49,9109,106
33,67.7,150.9,114,58.1,83,13925,54
54,89,153.7,93,49.8,48,19524,63
37,78.2,175.5,170,56.3,84,16911,119
23,63.1,198.5,156,52.7,80,19045,89
36,84.7,184.7,129,39.3,65,15163,22
22,78.4,153.5,119,51.6,77,2387,149
20,89.8,159.5,110,35.9,70,12111,122
18,86.8,188.6,159,42.2,84,14683,80
55,80.5,192.1,136,54.2,83,16310,23
32,74.4,180.9,170,48.4,55,17209,51
51,56.7,182.2,132,54.8,65,4771,108
52,63.1,151.4,94,37.6,66,6169,85
42,71,191.4,93,52.5,81,12055,113
41,80,189.4,75,36.1,51,6019,130
29,75.7,163,141,46.4,57,7856,161
35,64.4,185.4,77,43,64,16650,74
32,50.3,160.7,97,46.7,59,17927,154
33,74.8,152,173,34.1,82,14715,47
44,64.3,160.1,102,40.8,78,18418,37
25,86.7,158.9,91,50,80,15682,42
42,51.2,166.9,66,46.8,69,17260,161
34,79.2,170.9,146,46.5,73,13831,120
46,97.1,175.4,146,45.3,72,14164,135
25,58.7,173.8,105,58.3,58,9618,137
32,73.6,163.5,120,58,48,5380,79
44,54.6,151.5,77,40.8,82,17163,94
24,81.3,180.3,130,40.6,51,16725,141
20,77.5,169.8,165,46.6,57,10367,170
46,70.4,164.9,99,32.9,61,6687,128
41,76.1,193.3,147,39.1,73,15474,19
20,94.8,187.3,137,36.9,61,15201,45
37,59.8,192.9,109,36.7,80,3586,82
32,51.1,174.7,64,49.2,63,10056,168
42,93.1,156.5,169,41.5,70,15590,141
47,78.9,184.8,113,35.1,53,7422,131
31,94.5,160.3,145,56.6,46,2952,145
24,79.8,172.1,117,56.2,64,7365,36
34,90.5,153.3,81,55.9,67,14521,173
37,71.5,191.3,133,41.7,62,12906,146
53,87.5,156.3,149,31.7,70,4978,161
26,95.7,195.2,138,33.2,69,15750,174
55,78.6,193.2,97,38.3,61,12001,50
39,59,173.2,164,36.6,83,12998,113
19,63.4,187.2,165,56.2,54,14343,35
41,59.9,181,178,59.6,69,13951,141
25,62.3,190.2,108,54.5,72,16691,125
28,65.3,171.6,60,51.9,70,13520,138
30,77.8,189.3,137,47.7,56,6908,157
34,79.4,173.1,95,53.1,63,13326,101
25,71.3,197,154,58.4,67,3959,105
38,80.8,174.3,87,48,58,7182,61
35,54.1,173.1,157,34.6,61,2805,103
47,54.4,189.3,94,34.9,59,5100,73
35,58.6,191.1,119,47.5,65,3575,30
48,75.9,177.7,162,40,82,13922,115
55,60.7,159,121,57.3,74,10791,89
49,64.2,173.4,146,48.3,63,4615,85
28,70,198.4,105,50.3,76,13563,105
42,90.6,187.6,167,30.2,73,17040,34
50,50.7,190.6,142,45,66,7626,35
55,82.5,151.6,141,42.9,64,12738,109
58,83.4,173.4,138,51.2,82,19010,90
25,89.9,182.3,120,41.5,82,8884,36
28,96.6,191.5,124,59.3,80,19994,72
39,51,152.5,148,50.1,45,13454,95
41,57.7,192.6,85,49.8,63,13974,127
58,94.3,177.4,94,57.6,70,10866,47
34,72.9,159.9,116,59.9,51,18432,172
29,78.2,165.9,138,35.9,78,19770,55
49,83.2,164.1,122,54.3,80,17015,136
32,84,176.5,63,34.9,50,6372,80
33,96.6,152.6,138,43.7,81,5842,140
39,99.8,157.9,101,33,66,9997,143
45,86,190.6,161,48.7,53,13684,22
37,64.4,156.6,104,44.1,73,10824,99
50,94,161.7,98,48.9,61,18267,121
27,52.5,172.7,177,50.3,57,10524,42
57,61.6,175.9,124,48.6,61,12071,71
49,94.9,188.2,81,38.8,54,8309,72
50,62.8,172.4,70,55.1,69,10698,65
19,61,189.5,169,46.6,62,19326,48
50,56.9,180.9,161,44.7,59,11781,69
50,93,155.7,96,59.6,71,19846,114
58,75,157.8,174,38.5,63,9471,136
30,83.7,171.9,149,45.8,59,16792,92
47,62,169.8,110,50.5,51,3991,161
50,87.9,187.2,150,33.8,84,15156,114
30,88,179,117,40.6,60,11926,170
43,65.6,169.4,136,54.1,68,18496,83
39,70.5,158.5,66,37.1,67,4263,144
56,60.5,161.3,67,44.8,55,7254,131
19,98.8,178.8,169,48.9,68,4811,71
55,82.3,171.2,110,50.1,49,14571,10
56,96.7,175.7,174,51.8,83,19217,88
43,65.2,158.5,82,56,74,17457,127
32,89.1,183.1,149,41.8,60,9227,74
51,88.3,192.6,167,51.2,64,10421,75
59,84.6,162.9,178,52,73,16207,76
57,98.3,174.6,150,39,61,15954,109
28,69.7,198.8,68,59,63,14672,63
20,56.5,166.7,105,56,70,11015,130
23,83.6,179.8,97,38.7,59,4518,109
26,86.5,154.5,170,50.3,69,12015,112
23,78.8,180.3,72,51.5,59,11296,174
26,60.3,154.5,66,42.9,64,19425,117
56,75.2,198,70,55.9,74,2707,21
48,65.6,185.8,133,50.7,65,19767,157
49,71.4,189.4,156,49.7,79,19686,96
58,82.3,185.2,162,36.6,50,9118,95
29,87.3,179.5,109,42.2,81,13213,41
25,61.6,172.5,178,43,55,17501,80
25,70.3,192.9,126,52,67,10868,53
45,63.5,197.8,100,48.6,83,11755,75
37,59.9,175,88,32.6,53,3260,87
24,89.2,196.6,96,39.2,62,12545,64
28,95.5,179.2,178,44.2,80,2357,25
37,68.5,176.9,115,52.1,84,7412,97
33,87.6,172.7,168,52.3,80,5234,80
21,94.8,160.5,139,44.7,72,18802,77
23,92.3,150.2,75,33.5,63,3593,133
39,59.1,162.1,103,38.8,74,6602,174
43,97.8,175.5,109,37.6,82,15969,178
20,68.8,169,166,53.4,59,11577,142
58,67,172.4,172,35.4,56,14599,14
59,53.1,199,130,43.9,46,12943,134
31,74.3,167.5,138,50.1,53,2244,140
28,55.5,172.6,161,58.9,79,6572,145
35,62.4,156.7,65,60,45,18998,163
29,65.8,152.4,77,58.6,75,18250,83
40,90.4,188.8,78,51.5,72,18633,134
29,93.8,178.5,175,52.4,81,13285,107
30,65.1,188,110,52.8,51,8620,132
42,92.9,157.5,125,55.9,60,7869,109
36,92.9,178.6,62,58.6,58,7971,62
53,88.2,162.7,169,43.4,77,18894,85
25,57.3,161.4,177,42.5,50,15957,137
46,84.5,150.6,148,43.8,65,7968,166
49,97.3,156.5,159,49.8,54,9647,23
35,84.1,165.5,113,53.3,76,18457,14
23,66.6,155.8,108,56.1,50,11000,121
35,75,199.3,87,43.7,46,7141,36
36,82.3,165.4,97,40.9,83,4126,134
39,75.5,156.5,87,59.5,71,8470,38
54,56,160,91,37,58,17473,12
49,65.6,179.4,174,36.7,67,18161,167
58,90.1,153.2,100,51.5,83,14908,146
20,93.1,193.1,95,35.4,65,13850,10
45,56.9,198.1,162,42,74,2984,32
27,97.6,162.3,95,38.8,69,19682,76
52,66.4,172.5,166,35.1,68,9187,169
46,83.1,151.1,177,47.4,55,12845,15
32,87.6,182,146,41.2,79,7713,58
50,90.6,170.7,125,43.9,48,16083,152
24,97.3,163.5,69,35.9,81,17519,39
29,65.6,160.3,129,53,80,13138,49
47,92.9,182.7,131,39.4,57,4085,72
38,56.6,170.8,138,40.3,53,8533,57
48,85.3,159,168,37.6,72,18183,133
41,87.1,184.5,152,43,60,4727,77
37,83.9,178.3,122,43.9,50,2376,144
54,62.6,192.9,151,45.9,71,8992,52
21,93.7,155.9,81,59,54,16185,153
45,58.4,189.3,157,57.1,67,6690,31
37,52.7,183.7,79,48.3,65,3065,72
41,85.9,155.8,92,31.2,70,5682,50
49,73.8,184.7,74,48.4,47,16793,162
58,92.5,172.1,66,32.7,79,19435,59
53,69.2,197.2,147,51.3,51,10820,76
51,58.4,157.1,149,41.7,71,15820,95
53,91.8,182.1,109,55.1,77,10058,168
19,77.4,169.1,69,58.3,48,16118,46
32,59.5,197.8,138,42.5,70,5974,159
51,86,166.5,96,43.8,52,8659,36
53,75.6,198.1,118,47.7,64,6841,129
23,80.2,195.1,147,35.9,61,16583,139
56,73,163.5,134,57.8,49,5424,31
59,91.4,190.2,163,43,53,16733,26
29,91.5,199.8,122,35,52,16538,121
20,85.5,162.6,80,52.9,51,11517,134
35,55.3,171.8,163,36.6,81,19555,65
57,91.9,176,161,34.3,80,14508,168
38,83.6,164.7,138,46.9,47,5769,52
32,84.9,150.8,138,50.1,52,4310,130
50,68.1,161,96,47.1,49,4343,142
52,94,164.1,104,49.7,49,5386,139
43,86.3,172.2,73,33.5,61,4339,130
25,55.6,158.6,102,44.3,71,2683,141
53,70.4,193.7,175,40.7,84,3054,171
47,94.3,185.2,144,59.2,83,2348,121
40,52.4,154.3,167,31.5,56,18362,143
59,98.1,182.5,143,38.9,72,3022,14
31,84,182.7,92,58.3,48,2503,70
31,81.6,197.8,62,59.5,72,10277,65
19,63.5,150.2,163,54.7,69,13514,111
54,62.4,162.4,146,32.3,80,15576,172
22,97.1,196.4,103,46.8,47,2522,128
55,64.9,196.6,170,42,75,13884,22
58,88.8,186,146,54.2,81,2017,35
31,69.7,188.3,150,31.7,56,3268,73
56,57,154.6,94,35.9,81,3176,148
42,50.5,175.7,84,44.7,81,14745,71
37,77.2,161.6,155,34.7,48,13961,133
19,98.8,159.1,145,50.8,74,5613,79
56,68.5,190.5,67,54.6,82,18498,84
23,67.9,156.8,179,51.1,82,10944,19
34,67.2,173.4,174,43.2,71,8590,153
42,76,196.9,175,56.4,66,8768,21
45,72,159.3,121,34.1,45,2321,97
19,94,198.9,161,37.8,82,9626,59
52,75.3,199.7,77,44.7,64,14513,152
54,75.4,177.8,151,31.8,62,19217,68
22,56.9,158.5,87,32.9,50,10403,71
18,99.1,165.8,134,41.9,56,11448,81
57,62.5,171.2,71,58.3,61,18542,59
29,53.7,165.5,123,57.3,66,4619,63
53,83.2,164,178,44,62,3347,63
40,79.8,198.6,61,34.3,54,5164,165
48,70.8,157.7,118,35.3,68,15559,113
28,71.1,186.7,96,41.3,64,2910,60
27,89.3,150,63,36.3,56,9166,83
20,59.8,179.8,100,32.5,48,4451,170
31,91,195.8,104,50.2,49,13995,138
33,82.4,164.4,168,47.4,70,2403,94
27,70.9,159.3,170,38.7,80,12033,78
46,72.9,182.6,93,53.4,60,5485,138
27,62.8,185.6,146,53.3,49,15751,126
29,87.6,184.4,72,44.7,70,11448,64
47,75.6,166,66,32.9,63,15410,94
58,66,162.6,91,57.6,50,16262,98
18,79.8,197.8,82,50.1,68,11834,82
22,99.8,196.2,108,37.4,75,18906,89
37,71.8,172.9,131,48.3,75,3944,177
25,96,192.3,173,42.2,51,3560,119
29,67.3,172.6,170,49.1,54,6747,70
18,52.7,171.2,106,44.2,83,9154,173
37,60.2,157.8,96,44.6,66,16089,112
45,70.9,171.3,157,52.1,58,18976,122
54,61,176.9,107,48.4,72,14085,161
54,50,151.1,88,32.4,66,7327,89
29,95.8,172.2,96,32,76,19139,151
54,92.2,189.1,82,39.2,55,2496,121
45,87.1,184,97,42.9,58,15060,107
32,58.4,181.8,152,38.3,75,17656,97
23,56,195.5,103,49.5,48,3598,109
37,53.4,150.9,64,35.9,66,6127,129
31,86.2,177.9,111,51.1,73,15123,138
19,96.4,189.4,99,53.2,79,7551,56
26,71.5,177.1,70,33.7,57,5590,158
54,56,166.2,137,49.5,64,14973,48
37,75.6,156.8,179,58.8,63,18845,12
43,67.4,194.4,172,35.8,59,6966,153
46,68.7,173.5,165,57.3,70,17319,77
18,81.1,193.9,61,48.2,64,13515,163
52,85.9,179.3,94,47.7,80,18549,22
23,55.5,183.7,104,31.6,50,3728,29
54,51.8,190.2,108,52.4,59,6697,92
22,99.7,183,94,44.3,48,17730,36
50,61.6,169.9,165,51.6,50,13366,139
31,52.7,175.7,151,54.3,46,2037,19
29,59.5,190.2,131,45.7,80,9486,98
59,51.9,168.7,91,37.9,59,4021,28
37,69.6,169.4,127,34.2,56,8880,152
41,90.1,154.8,168,34.8,84,6521,112
51,67.1,195.7,130,56,51,10839,56
42,72.2,154.6,98,33.7,66,5302,161
46,83.8,182.4,107,41.5,52,10511,25
56,75.4,170.7,150,40,55,8368,90
48,93.1,170.3,96,56,46,12745,141
40,93.3,184,119,44.3,74,11914,122
55,50.5,153.4,140,59.9,48,11948,168
37,88.9,179.7,133,52.1,69,13870,75
40,73,188.6,63,55.5,65,7873,63
33,99.4,191.4,82,33,69,9498,11
59,74.2,158.5,73,37.6,53,7635,70
25,99.3,194.9,64,34.1,52,2764,24
38,87.7,182.8,125,43.9,49,19036,69
18,62.4,194.1,169,51.5,72,14272,121
25,76.9,174.3,83,35.1,46,17143,52
46,99.6,177.1,77,33.9,65,13794,102
49,92.9,196,86,48.4,52,12321,177
55,54.9,195,83,36.9,78,2145,39
22,85.3,172.4,88,44.4,67,7101,72
39,67.3,163.7,70,31.5,59,6247,33
51,50.3,169.7,171,50.4,71,11578,23
18,70.2,169.4,77,46.2,46,6188,37
43,61.7,164.3,171,49.4,72,12779,151
27,90.9,163.4,176,38.3,55,4696,117
47,66.9,193.1,63,38.4,65,10240,43
35,91.4,153.5,92,54,76,16190,87
34,50,183.9,137,51.6,76,13781,21
43,65.4,158.6,167,47.4,51,12780,70
25,62.1,167.2,179,48.8,66,6641,114
57,61.7,153.1,101,32.8,58,7559,49
29,53.4,163.5,91,55.7,57,3260,157
44,59.4,188.4,110,53.1,65,19033,179
25,77.8,194.3,63,47.7,66,13631,16
42,64.6,161.1,79,57.6,78,5048,88
21,70.9,173.2,144,35.1,54,4023,130
50,68.8,173.5,126,50.6,45,4074,82
18,93.8,193.7,148,58.9,45,14434,77
36,95.3,188.1,127,39.3,68,15155,40
48,74.6,175.7,121,30.5,47,4312,79
33,66.5,183.5,117,52,75,5474,56
31,55.3,192.4,106,30.2,57,16171,67
22,97.7,150.5,134,56.2,48,5260,159
58,53,170.1,139,31.7,67,18341,33
43,64.9,195.4,118,49.6,50,7618,43
45,64.9,187,159,41.3,78,14997,72
19,66,177.1,65,36.1,62,3350,156
23,58.2,176.5,154,56.9,80,11285,33
26,89.2,167.4,99,52.4,70,8048,73
50,56.1,176,136,40.2,77,10141,157
58,81.7,182.8,82,38.5,77,13288,125
42,56.2,170.9,111,52.1,69,3854,107
30,53.5,185.7,63,55.1,61,18944,36
26,95.5,193.1,96,51.5,47,9546,53
30,59.5,157.7,101,49.2,66,17553,102
48,91.1,172.6,160,36.8,79,9207,74
58,77.2,170.4,103,55.6,48,8486,128
28,53.9,184.4,156,52.5,72,8147,63
21,97.8,162.5,179,45.5,57,12017,129
51,62.3,182,101,45.3,74,17094,176
55,93,193.9,88,47.1,56,9664,16
21,58.4,170.9,160,54.8,47,16573,63
55,92.7,195.6,78,52.3,65,3683,52
36,50.7,199.7,174,55.7,84,11390,29
23,75.6,155.3,143,45.2,45,3009,93
51,88.5,161.7,91,48.7,62,17820,162
35,96.7,197.5,103,55.6,57,11899,52
30,95.5,197.9,114,37,51,4612,136
58,91,154.9,139,43.3,57,9226,164
40,94.4,150.7,64,48.6,61,6341,162
36,60,158.1,172,57.5,76,19926,45
28,64.2,199.8,105,30.5,73,19621,75
18,64.4,159,135,36.4,74,13167,130
41,68.9,175.1,104,37,55,7709,18
24,69.7,192.4,80,39.8,58,15240,92
42,77.2,151,137,38.5,54,4263,88
38,58,180.2,160,47.7,52,18666,30
32,84.6,163.9,81,56.6,75,9998,25
18,58.4,193.1,89,49.1,50,18315,35
29,65.5,164.2,82,37.2,63,9740,38
24,75.2,184.3,64,55.9,63,12812,107
32,89.8,183.7,122,49,56,16228,80
38,87,161.1,152,36.6,83,15532,152
36,82.3,151.7,118,40.8,62,3882,26
46,57.8,170.5,153,53.7,47,8187,146
42,77.4,164.5,141,52.2,53,16652,41
50,54.4,190.4,169,47.3,50,10792,75
49,68.9,190,173,34.3,45,18850,68
52,70.7,172.9,111,54.1,84,5950,169
55,52,180.3,124,39.2,73,5889,120
43,63.7,180.2,98,53.1,79,11211,92
28,97.8,191.4,140,49.4,79,19931,119
52,97.7,171.3,62,37.9,74,15089,68
25,67.6,163.8,101,36.4,79,17566,39
31,52.2,163.3,130,33.9,83,6436,20
27,59,176.8,86,37.3,66,19087,128
19,69.6,172.5,87,34.7,72,10497,163
26,97.4,172,167,48.5,62,9636,103
20,57.1,154.6,113,48,76,13979,11
38,88.2,185.9,154,47.6,49,11065,171
43,55.4,160.7,74,49.3,78,3581,178
25,99.1,159.8,178,54.4,75,5957,40
19,69.1,170.6,112,57.4,77,6590,72
23,88.8,161.4,171,36.9,48,16913,126
45,67.1,179.2,131,47.6,58,11797,136
46,81.4,168.6,129,32.4,59,9531,45
43,59.6,172.4,151,33.6,64,15825,49
42,57.3,176.9,63,49.6,64,8911,32
29,96.9,160.2,153,44.6,79,7731,163
22,95.9,157.8,166,52.7,48,19279,27
51,94.4,194,76,42.8,62,16790,88
54,81.3,171.7,93,33.8,68,15455,43
32,90.4,170.6,65,56.2,71,13455,165
53,53.5,151.8,95,32.5,77,14045,116
32,66.7,174.9,158,35.7,69,5531,58
40,65.7,177.7,162,38.3,49,12666,71
23,81.8,177.9,98,59.9,62,6852,51
38,67.8,185.4,139,42.5,64,18414,33
40,57.4,158.9,125,45.1,79,16281,172
33,79.8,162.6,67,53.1,50,17770,86
32,90.7,190.5,74,49.1,71,16387,104
42,69.1,197.4,122,55.2,72,18626,92
53,56.6,156.8,150,44.6,55,14973,102
28,59.8,174.9,139,59.2,53,15923,31
32,61.9,160.7,124,53.9,72,7511,114
21,65,153,118,42,63,7508,94
38,82.1,166.3,69,41.4,83,6668,70
30,80,157.2,66,57.9,65,8087,167
39,84.8,185.5,171,50.5,75,9015,78
36,68.1,176.7,133,48.6,51,8662,15
51,91.2,157.2,135,52.7,81,13614,94
31,60.2,150.5,140,46.8,69,6003,123
21,73.5,190.4,168,34.8,72,2598,148
44,90,158.8,71,39.6,80,2069,33
46,59,180.3,138,46.7,61,10139,88
45,55.5,166.8,105,30.5,70,11585,119
52,94.2,179.3,174,43.1,72,5659,113
25,67.1,165.8,91,52.7,81,7634,60
33,84.2,154.3,91,34.9,61,8822,28
59,51.3,161.1,174,31.9,61,5682,140
53,84.5,159.4,149,55.1,77,4683,140
47,65.8,171.4,137,48.5,78,6562,137
35,52.8,182.9,173,35.3,67,6652,101
19,80.5,163.2,149,54.2,74,15181,40
30,62,150.6,120,49.7,71,11502,115
21,69.3,175.9,128,40,53,6713,133
43,54,180.3,175,41.3,64,7413,122
42,57.4,198.1,120,34.7,67,4075,145
47,64.9,179.5,161,55.1,63,2782,26
28,54.5,173.6,173,45.3,81,11525,108
24,95.5,178.7,105,46.7,48,13909,109
48,50.3,196.4,127,56.5,57,16962,113
27,74.2,191.4,151,30.5,82,17853,54
56,56.2,166.1,114,32,56,19441,106
30,65.4,161.9,60,34.8,53,4054,69
48,96.3,163.1,136,30.9,59,16375,123
24,58.1,175.2,166,49.7,65,13593,30
59,98.3,187.2,126,49,59,15196,121
59,60.3,175.2,108,36.3,49,4109,158
53,87.1,153.4,173,34.5,49,3320,134
37,77.3,186.2,84,34.4,69,16714,37
21,94.2,190.3,165,58.6,68,17987,90
24,77.7,164.5,75,50.8,81,6417,91
18,76.7,183.2,144,47.6,75,5699,55
59,59.8,171.3,72,39.7,78,19116,53
30,58.3,194.5,111,43,58,15668,98
39,95.8,192.3,167,32.7,71,8562,162
38,66.4,176.3,95,59.9,48,15647,127
39,68.6,184.6,131,52.7,67,18359,129
45,88,194.2,103,48.6,82,16202,72
26,66.9,174.8,142,47.6,49,10796,86
43,97.6,165.7,106,45.1,71,3722,97
26,86.9,187.7,139,37.7,58,12596,149
32,79.9,161,135,36.8,51,16536,87
27,94,169.4,79,46.5,62,13674,73
41,52.5,193.3,77,32.1,76,17647,168
59,62.9,186.2,113,32.2,46,4812,13
25,73.3,170.2,71,46.8,64,11773,92
41,61.3,160.7,171,57.6,73,4278,15
33,87.2,167.8,84,57.4,70,17454,100
43,96,164.2,119,30.3,82,4350,31
44,71.2,158.8,175,33.2,45,5623,154
54,67.1,187.2,134,47.5,49,8530,38
21,98.1,162.6,145,55.5,58,19098,154
41,72.2,172.7,175,58.6,69,17987,11
36,74.5,169.3,169,55.8,53,2924,41
53,67.6,199.1,93,50.3,74,6529,159
56,95.5,169.6,72,36,63,14270,112
27,78.4,154,169,32.2,84,4815,141
42,88.1,154.5,97,31.4,52,6578,175
35,90.6,179.5,71,48.4,60,6462,126
36,67.1,180,162,31.1,52,2888,150
53,71.7,170.9,95,52.2,67,15642,70
27,92.4,171.6,87,51.4,53,3723,73
50,68.2,152.7,150,32.4,76,19642,86
22,89.7,175.8,98,57.2,81,10602,42
52,97,175.2,136,45.7,78,13386,107
51,81.2,157.5,102,57.1,62,4613,175
50,87.1,155.2,163,57,59,12004,135
38,90.3,156.2,150,35.9,59,17980,166
34,92.3,155.1,174,41.4,73,14098,70
39,69.8,180.5,90,34,67,2677,41
54,52.6,159.8,61,53.2,67,13102,148
32,70.1,162.6,176,45.1,45,9730,27
52,83.7,158.7,141,57.9,66,12443,54
45,72.5,197.9,149,36.2,51,5004,30
24,87.4,192.7,176,50.7,76,17402,21
49,67.8,161.5,101,59.7,72,10986,112
28,81.7,166.4,90,50,76,2728,29
27,59.3,160.5,120,32.1,77,16173,16
26,87.5,174.6,161,47.7,57,16841,100
31,77.3,151,115,35.4,72,2190,139
30,60.2,183.6,145,30.9,53,16089,52
42,64.6,176.2,159,40,47,12188,106
19,87.4,194.9,142,38,61,12299,30
52,74.1,158.2,73,53.7,78,15690,38
24,60.8,190.2,73,41.2,76,15740,41
38,98.4,189.6,173,52,53,12301,85
35,85.8,156.4,88,30.5,45,8039,112
20,97.9,169.9,140,30.4,64,8445,122
59,71.4,158.5,109,30.9,49,10829,113
56,73.8,162.7,109,36.6,84,6045,140
58,94.9,163.2,122,41.2,65,7624,48
28,76.3,177.8,160,48.2,49,13011,60
56,85.4,170.6,132,59.6,48,8834,125
41,62.6,197.4,124,40.6,52,11033,17
36,72.3,156.3,127,31.7,69,5247,119
21,56.2,198.7,130,35.8,51,19600,55
43,60.3,161.5,70,56.9,81,9980,15
55,50,188.6,73,51,76,7586,121
59,52,166.9,165,53.7,61,9940,67
49,98.9,157.2,142,33.7,72,11449,178
56,62.1,192.9,163,34,50,9979,131
53,83.2,165.4,62,33.4,80,3514,124
57,92,182.9,67,55.7,46,14738,63
54,77.5,178.3,152,36.3,75,4883,85
50,57.7,173.6,173,49.3,45,5826,178
53,86.4,174.8,160,45.5,47,14567,57
20,80,186.6,175,46.3,57,6339,79
26,86.6,154.4,102,35.9,75,2674,164
25,88.5,183.4,68,49.1,73,17426,56
50,98.8,194.8,78,31.3,77,18486,126
23,78.7,152.9,71,59.8,54,12549,32
58,67.1,157,86,30.8,82,5993,151
56,82.4,185.8,160,31.5,53,14219,70
21,53.4,171.9,171,39.7,45,5708,135
30,94.9,170.2,117,54.9,81,3495,85
19,56,156.8,84,37.7,76,5392,162
22,66.4,175.3,104,44.2,77,13698,74
44,90.8,156.3,161,30.5,46,9537,105
49,79.9,173.8,107,32.4,46,4785,161
38,69.7,188.2,109,48.2,49,7588,115
25,73.7,162.9,140,35.8,54,6802,138
55,92.7,174,103,50.8,82,17211,48
25,67,199.6,118,53.6,81,6891,53
20,93.5,184.3,92,55.5,46,14760,114
20,54.4,192.1,162,34,84,5525,103
39,88.8,170.7,137,43.7,69,6777,142
23,92.4,188.4,87,58.4,82,6189,132
19,59.1,152,77,53.2,81,15023,133
40,71.5,156.1,114,33.5,62,12649,118
19,58.3,160.2,92,45.1,71,15877,81
55,85.3,170.1,175,57.7,64,3150,74
34,76.8,192.3,165,43.2,78,16301,88
52,81.8,167.3,74,55.1,52,6137,97
51,59.8,182.7,120,44.9,48,3510,152
40,60.6,185.5,70,33.2,74,15982,15
47,52.1,179.3,95,34.4,80,5915,75
25,66.1,167.9,74,31.4,53,16734,78
39,78,178.9,112,35.9,56,12957,124
53,92.9,167.1,121,56.8,58,5938,176
22,83.3,154.2,107,49.5,79,3073,114
30,71.8,199.6,153,52.2,50,4192,107
46,97.7,156.4,74,48.6,67,10207,105
48,86,153.6,122,41.6,48,9383,166
33,96.5,193.9,172,36.5,45,7171,55
59,76.4,165.1,146,57.8,53,10298,131
47,62.9,182.5,102,45.4,53,8480,40
33,52.6,166.5,109,44.4,59,14658,161
29,86.3,169.6,119,59.9,68,4857,128
34,56.1,163.1,171,41.5,52,6349,135
33,65.1,167.2,118,55.6,72,3428,152
29,76.6,170.5,74,55.9,61,8723,157
25,78.2,186,88,37,79,16010,141
37,80,175.6,134,32.8,75,17718,136
20,58.3,197.2,168,59.3,48,16809,117
33,69,152.1,141,42.8,58,15272,147
47,80.9,175.2,99,30.1,69,13828,50
40,98.5,179.2,90,45,84,13663,62
45,86.4,196,132,48.6,51,9856,96
57,96.1,152.5,145,53.3,75,13223,130
22,88.1,178.7,70,58.3,79,8645,85
37,79.6,192.7,140,57.5,82,4921,57
57,59.6,162.1,156,58.2,64,10166,152
18,83.3,193.8,121,31,60,14637,144
47,81.2,151,134,51.4,66,15766,81
38,80.1,186.6,162,36.8,80,2878,13
37,74.5,196.7,67,35.6,63,12704,133
23,76.4,182.9,110,54,46,10502,80
39,66.7,172,116,42.5,48,17266,135
35,76,152.2,63,57.5,78,17300,68
25,59.9,196,95,31.3,51,3321,118
56,90.3,173.5,78,54.1,58,13588,50
49,59.3,151.4,83,34.1,76,17046,39
50,54.2,184.5,100,35.3,61,12806,132
33,71.8,174.1,108,44.3,81,10462,155
29,82.9,156.2,141,41.9,58,7220,39
55,71.9,160.7,156,44.6,61,5124,144
51,63.8,153.2,105,58.2,76,10186,61
31,77.9,178.7,95,49.7,46,7099,32
53,67.4,181.1,69,38.7,83,10552,133
50,96.6,175.3,178,35.2,48,13627,174
40,96.1,190.9,137,42.6,84,19235,80
19,75.1,193.1,66,43.5,74,19243,112
58,66.4,180.8,71,48,74,14988,62
38,86.9,150.6,145,38,77,3350,114
19,51.8,184.8,150,53,45,14276,58
44,73.7,170.9,107,33,77,13739,120
26,66.8,178.3,96,46.8,80,7730,116
18,96,182.5,134,48.7,75,14384,162
28,50.6,167.5,95,36.2,81,2326,100
20,77.6,195.9,119,54.8,58,4120,164
40,87,156.7,136,48.5,50,2993,149
43,74.3,183.6,155,49.4,51,14620,160
21,54.3,150.2,67,44.9,84,17778,26
35,98.6,196.2,66,57.3,68,4781,53
23,75.9,155.6,166,50.8,48,9019,80
52,80.7,154.7,102,41.5,69,4905,134
39,61.8,166.7,117,37.2,47,10290,161
32,74.2,168.7,140,32.1,72,17260,102
39,71.5,160.7,145,35,67,18627,69
54,53.7,179.3,105,59.8,80,9938,62
59,55.3,172.1,93,42.2,57,7494,83
29,91.9,151.7,143,57,66,4709,153
59,62,166,176,35.1,69,14654,116
55,59.7,190.5,131,42.8,68,18369,107
35,75.2,184.5,81,58.8,81,13418,34
52,88.4,186.2,150,32.7,77,15769,75
47,53.1,184.9,157,47.8,58,9795,59
41,78.8,165.5,80,57.6,68,18082,78
59,56,155,74,58.5,66,19431,87
47,51.8,163.6,64,55.4,81,11507,177
31,52.6,191.6,161,55.7,67,11578,143
23,91.7,199,76,49.6,50,8711,73
20,55.9,174.7,131,36.6,63,17979,37
33,52.3,150.5,78,51.9,56,17049,18
24,71.9,157,64,59.4,70,10062,15
31,92.2,166.1,82,45.8,73,17833,154
26,63.1,178.9,142,37.8,58,11603,177
32,71.1,153.8,73,47.2,61,13441,108
38,52,197.2,69,50.7,74,6570,91
52,72.5,168.3,90,36.2,51,14845,128
19,78.9,195.6,72,51.6,65,13870,138
44,78.5,189,81,47.6,45,11542,72
19,66.6,187.8,96,48.4,82,6833,134
52,65.8,180.3,98,39.2,48,8801,27
35,55.3,181.3,69,34.7,52,5340,95
31,68.3,181.9,90,48.7,62,12764,29
37,55,181.4,102,47.6,52,14312,57
35,88.3,177.7,158,40.1,75,5844,63
27,98.3,199.3,136,38.9,75,2639,111
42,98.5,186.6,153,40.4,72,13420,98
19,93.3,188.8,157,44.7,81,17211,153
42,80,193.6,95,59.2,47,15496,157
50,85,160.8,94,52.9,59,10151,56
53,64.3,154.2,170,55.6,48,10377,144
48,81.5,174.1,127,45.2,79,7400,160
31,72.8,175.7,114,45.8,78,17945,170
18,74.1,191.5,176,36.1,80,19702,177
33,87.9,172.2,127,51.6,50,10719,119
20,64.1,178.5,106,42.6,48,5259,14
52,65.9,176.4,65,52.3,74,5483,120
58,96.2,151.9,178,42.3,83,11759,50
23,52.8,180.8,87,33.3,62,12226,145
42,74.3,191.4,89,35.2,66,16172,91
30,95.6,157.9,86,54.3,54,19708,40
51,80.5,179.7,128,37.8,73,6404,13
25,77.3,179.7,167,37.9,67,11404,65
38,62.5,158.2,98,57.9,48,7937,14
51,67.2,156.2,94,49.7,63,3434,90
21,92.6,199,162,33.4,70,10729,63
42,78,169.7,103,34.3,51,6953,133
32,75.7,161.4,74,38.2,57,11766,105
21,55,158.6,142,47.8,47,10384,102
29,50.8,183.4,153,52.6,84,15507,89
49,98.2,180.5,161,38.2,55,9378,10
49,68.8,182.2,91,56.1,60,12005,82
45,80.2,154.4,163,33.3,64,14987,70
30,54,194.7,88,36.2,67,4437,135
48,84.2,169.5,122,59.1,67,13571,16
31,96.6,165.7,65,34,76,6552,167
37,78.8,173.1,149,56.6,82,19738,134
35,56.3,169.5,86,51.1,47,18085,24
46,79.1,193.2,158,32.2,52,5754,117
23,88.3,196.5,87,44.5,82,8265,13
49,70.3,165.2,64,45.6,84,13721,72
46,94,193.2,100,58,58,18542,79
19,82.4,189.1,115,42.6,52,8741,47
40,95,196.5,171,43.4,55,3837,11
36,81.2,162.3,113,33.4,77,19409,17
48,56.6,178.8,139,49.2,59,19042,60
22,65.5,163.7,164,36.3,81,19061,126
36,60.1,191.2,77,32.3,58,4375,121
51,95.4,150.3,136,59.9,70,18659,28
27,88,178.2,102,38.1,52,8859,103
42,83.8,167,148,34.2,48,14739,40
19,65,166.1,133,51,80,3588,89
28,59.2,182.2,88,54.7,62,14854,111
48,87.8,192.6,69,31.9,71,2245,31
32,73.7,180.5,65,33.2,63,11080,42
26,61.3,192.7,139,32.7,47,12403,174
40,80.8,163.2,148,31.4,53,10192,149
36,52,176,167,49.8,83,4184,123
26,66.3,172.5,63,47.6,46,14438,73
52,73.4,150.6,160,49.9,53,5251,162
38,57.4,177.8,93,45.2,50,18281,38
26,99.2,183.1,142,54.5,82,7863,22
45,60.5,179.6,92,46.4,72,11702,35
24,56.5,186.8,63,57.6,78,5771,31
33,60.2,178.6,103,44.6,73,15536,102
33,88.5,153.3,157,53.7,47,11320,85
50,71.3,155.8,135,42.2,60,18077,119
21,78.3,179.8,90,43.1,79,4419,101
21,51.1,163.7,139,55.5,55,15518,82
56,51.7,154,125,33.2,67,9396,128
57,72.3,171.5,172,46.9,74,9309,19
34,90.8,177.7,117,51.8,49,13981,57
54,94.3,166.4,119,52.5,52,2685,179
56,54.3,186,61,47.7,54,4756,99
46,76.9,182.2,95,43.4,72,7023,177
53,95.7,166.6,129,37.8,80,14558,15
55,69.4,187.7,119,57.3,54,19094,141
56,91.5,182.4,82,41.1,58,7085,100
54,56.7,181.9,162,54,82,7646,64
52,96.8,177.7,178,30.9,81,16157,135
24,87.6,150.6,106,37,49,13159,140
44,97.1,184.8,175,40.4,50,13991,16
45,83.8,168.8,167,50.1,74,19476,97
39,68.2,197.1,160,39.6,63,4955,95
31,96.9,190.9,105,31.2,58,17741,149
24,63.8,179.4,139,35.2,55,18324,108
54,66.6,162.6,166,37.8,49,14023,154
39,85,160.2,103,35.3,75,11635,84
22,88.3,167,78,36.1,76,16932,116
19,96.5,173.8,108,53.1,68,6143,173
44,60.2,164.8,147,42.4,54,9644,154
38,89.9,175.7,117,42.2,57,4997,95
55,86.9,158.3,150,59,57,7208,10
32,53.2,198.9,66,43.4,80,11946,129
38,69.4,155.4,153,57.8,66,16387,76
27,64.1,196.6,100,39,53,5605,108
40,65.2,195.7,137,42,63,18805,58
56,99.1,176.3,175,41.9,51,18994,60
22,82.1,186.2,167,46.4,59,10637,80
18,85.9,171.8,74,47.5,61,11152,129
30,98.8,181.5,135,37.4,58,2130,121
38,68.9,167,112,53.8,46,4647,40
43,90.1,165.1,176,44.9,58,14271,33
38,71.7,178.9,152,30.2,48,16709,46
35,93.5,174.9,82,47.7,47,16886,72
54,59,179,136,53.9,47,8673,65
49,97.4,164.3,132,37.5,55,12626,27
53,60.9,168.3,147,31.1,49,5729,115
34,66.3,154.2,162,54.2,73,6431,166
52,87.8,152.6,153,59.3,72,3024,86
28,69.7,162.7,124,32.3,67,9039,13
38,80.4,153.7,119,58.1,74,18921,130
43,72.2,155.2,69,40.8,67,6591,149
21,87.1,190.6,161,58.2,66,2507,57
51,61.4,151.9,117,49.5,56,5924,156
35,52.9,182.9,106,56.7,71,10872,35
57,65,163.6,74,53.6,84,4193,117
52,73.7,193.6,68,30.8,59,17762,47
58,58.4,174.2,72,32,67,6655,89
46,67.7,165.3,82,45.8,63,19606,162
46,70,175.9,92,33.9,55,7019,37
55,52.9,169.1,68,43.8,82,5574,70
59,79.2,178.2,62,58.6,84,8546,98
38,94.2,155.7,153,38.8,47,16677,98
59,57.6,199.8,132,44.7,60,18210,149
30,79.9,171.3,175,41.5,76,18924,17
58,83.2,167.4,84,48.9,82,15487,131
34,71,185.5,170,35.8,53,18894,112
26,85.1,168.2,147,37.8,82,16830,97
58,70.5,191.7,155,55.8,49,14642,32
18,75.2,172.7,130,54.3,45,18728,46
19,50.4,186,95,53.7,79,7179,20
46,84.6,155.4,148,53.1,79,17023,26
50,83.1,192.3,79,43.8,56,8372,139
27,51.9,186.8,140,51.9,80,14434,38
57,68.4,160.6,113,41.6,65,13561,66
38,99,157.3,159,33,52,14014,171
45,71,165.8,149,41.8,71,12571,87
28,75.1,198.8,78,34.8,53,10590,131
51,95.5,162.8,119,41.7,72,17171,121
25,85.9,172.8,96,38.9,74,13598,102
39,79.1,151.5,171,48,58,15722,11
25,89.9,169.9,62,40.8,67,14874,133
32,93.2,178.6,166,51.2,73,11486,40
34,72.8,197.7,151,45.4,70,16681,126
40,73.8,175.8,145,57.6,66,13701,122
41,69.3,191,170,32.7,59,17372,53
36,98.3,177.4,78,50.6,53,7523,136
22,84.9,152,112,50.2,70,15025,99
49,54.2,165.8,179,58.5,61,5763,123
18,93.1,178.8,105,41.1,53,16756,83
40,74,197.5,139,39.2,47,15491,55
54,53.4,193,115,35.2,60,11853,63
25,77.5,161.4,129,38,57,4465,168
30,70.9,161,160,45.1,70,6451,118
25,93.9,160.1,90,55.1,61,18061,33
40,60.2,196.1,112,38.5,76,2015,162
18,91.3,192.6,172,34.7,68,6410,172
41,77.9,188.7,171,38.2,80,7135,66
52,52.7,169.6,93,33,66,17824,81
41,98.6,175.2,90,57.8,53,9948,78
34,75.6,173.2,119,56.2,66,6789,37
22,64.5,162.7,70,39.3,64,10260,42
37,73.5,175.3,159,37.4,47,10602,62
38,92.9,151.5,65,57.2,80,9232,131
57,65.2,156.6,86,30.1,77,13051,25
48,59.6,194.3,66,48,62,19302,163
53,56.5,187.6,108,57.5,80,17182,149
28,64.9,171.1,155,45.3,54,6835,96
32,89,175.9,131,30.1,80,5343,114
36,73.6,168.5,119,36.6,65,12769,86
24,61.4,187,92,57.7,69,18656,96
45,58.3,189.2,106,30.5,84,2819,40
22,66.6,188.2,175,41.8,53,4615,109
22,97,186.1,103,53.7,71,15148,164
47,67.2,160.2,138,55.1,59,8069,45
49,99.4,166.9,178,44.3,76,7640,68
25,74.3,173.5,86,37,83,5984,115
27,59,166.5,153,48,60,9701,12
55,94.6,187.7,81,37.9,72,5039,130
49,73,166.5,106,37.7,50,12874,169
45,85.5,156.9,152,54.2,50,18986,24
34,99.2,170,164,34.6,82,17071,84
48,52.5,199,107,30.2,46,14129,10
25,54.8,161.3,89,40.1,84,16121,142
57,86,180.6,61,44.7,51,14654,99
42,64.1,171.6,74,51.2,71,10447,15
26,59.2,153.6,106,53.4,72,4487,142
19,52,174.4,86,49.9,60,3358,125
32,51.1,185.1,130,48.8,53,19073,82
20,88.7,175.7,86,50,59,10499,165
53,56.7,193.6,144,38.1,78,8131,78
21,73.4,164.4,72,41.5,64,5166,53
31,80.3,154.3,114,48.5,58,2825,153
58,71.4,196.8,76,32,55,3191,159
58,51.4,168.9,134,38.9,74,12326,160
42,89.2,178.8,118,42.2,47,16707,77
27,50.5,189.6,69,46,46,8785,163
38,88.1,166.2,92,44.6,58,8813,50
53,94.7,185.8,137,51.5,73,18917,79
29,71.6,156.8,96,44.2,49,13059,40
44,76.8,164.6,67,57.1,50,3207,26
57,73.8,157.2,92,41.4,52,12968,146
19,69.5,190.6,66,45.8,83,3237,64
30,94.4,161.1,93,30.1,83,6943,15
49,94.7,185.9,130,39.3,73,12292,141
48,66.8,197.2,66,56,83,17030,116
33,80.8,176.4,100,40,71,17465,97
49,96.3,177,177,37.6,60,15942,27
49,98.1,173.1,159,46.3,71,2459,169
51,75.4,166.3,114,32.4,83,10841,57
28,72.6,173.8,66,45.9,84,14769,38
27,63.9,180.1,143,39.1,45,18503,169
32,97.9,199.3,77,41.5,77,12447,162
34,57.1,196.9,168,53.7,83,10509,85
57,79,193.1,102,49.9,71,18134,72
35,64.1,194.5,164,43.4,61,18201,18
26,64,173.4,137,47.3,59,10585,23
42,70.2,182.9,99,53,66,15258,29
57,99.9,194.8,112,52.4,63,5228,19
31,52.7,169.6,73,35.6,72,18460,148
42,78.9,198.1,80,39,67,5410,176
39,54.1,170.8,172,40.4,80,2408,156
47,57.7,180.1,116,35.6,83,16729,156
37,72,185.5,150,30.4,64,7773,79
38,75.5,197.5,105,35.2,53,5997,81
49,62.9,162.2,85,54.2,67,9307,74
38,65.8,187.3,150,46.4,51,11179,160
52,54.3,176,83,40.2,75,7617,113
49,65.2,163.4,64,48.3,55,4701,69
47,98.3,188.8,101,52.2,84,5907,147
56,97.2,177.6,161,40.6,61,15841,72
29,66.7,183,151,44,80,19059,139
58,78.5,166.1,165,31.9,70,15407,45
35,95.5,174.1,102,47.9,80,17323,127
38,50.3,180.9,91,40.7,62,8816,66
30,90.5,170.2,147,43,75,18925,88
38,97.4,159.9,65,42.7,79,18548,29
25,54.6,198.1,133,49,72,19368,51
57,58.1,175.6,169,47.2,70,2617,30
24,98,186.7,175,42.7,50,14105,175
40,76.9,170.6,126,30.5,78,7639,102
49,50.7,167.8,66,48.6,72,13616,87
28,62.9,170.4,88,56.4,53,2000,33
39,72.5,170.5,93,53.1,73,14605,35
39,84.6,177.2,66,59.4,78,16958,139
42,86.7,177.2,140,34.2,56,16844,118
39,99.8,174.9,136,36.7,60,12701,43
45,64.4,156.7,117,46.2,51,16970,178
46,76.9,174.8,144,37.1,75,5079,108
30,76.7,158.5,90,31,77,18766,152
35,70.3,156.3,132,42.1,51,12878,64
19,58.5,196.6,104,38.6,47,19311,12
46,98.9,180.2,106,37.9,64,18944,85
38,92.7,183,136,58.6,49,3189,175
32,74.9,170.1,140,37.2,47,19281,154
44,80.2,195.4,131,33.9,82,16974,58
48,61.4,181.9,132,33.8,59,16216,158
32,77.2,188.5,132,54.2,79,16125,97
40,84.7,168.4,99,51.4,67,4368,161
41,75.8,198,171,33.9,77,6953,49
30,99.5,191,175,36.6,46,13237,157
39,80.6,192.7,89,52.4,80,6380,113
54,68.5,158.6,121,38.2,65,14953,172
50,88.6,163.5,130,59.4,58,4588,170
20,58.5,164.3,76,46.2,58,16815,113
36,69.2,163.5,162,35.8,55,8356,50
40,67.3,192.8,161,55.8,48,11121,53
46,71.6,151.6,64,39.6,74,16695,90
47,89.1,153.8,140,38.7,80,3403,93
56,74.2,163.7,163,39.8,64,10391,148
42,89.7,160,60,53,60,4285,151
54,78.8,161.6,139,35.2,78,10862,179
25,67.1,189.9,140,41.5,52,3728,21
59,90.5,178.2,153,30.9,64,13430,26
33,61.9,150.3,90,54.8,65,3249,99
25,61.2,171.5,94,40.2,84,2878,34
18,75.2,170.4,168,37.4,74,13543,35
22,63,155.7,131,47.4,80,18881,162
20,50.5,183.8,171,51.1,49,18092,69
18,82.4,185.1,179,54.4,65,9702,69
21,75.6,186,89,40.4,82,9578,36
57,72.3,186.4,162,54.4,67,12668,85
52,98.3,150,144,43.9,63,18922,29
49,78.6,197.7,74,33,54,14232,162
59,93.2,190.7,179,55.4,71,11092,164
51,57,195.2,157,46.4,79,3466,91
42,78.5,150.8,115,48.1,57,13207,19
27,93.4,196.7,119,58.1,53,9714,39
38,79.2,190.5,86,46.8,61,2490,10
56,85.9,191.9,61,30.2,75,12226,63
44,68.6,154.7,133,56.1,68,10166,13
44,54.6,186.9,123,38.5,63,12903,144
19,72.9,198,64,45.1,74,11678,39
58,69.7,183.9,150,36.1,49,16885,99
30,93.4,178.5,127,38.9,52,8099,74
26,62.2,197.3,170,50.6,81,18581,133
53,98.3,172.1,72,42.9,80,12159,38
39,97.9,180,140,48.8,69,15810,162
59,62.4,173.8,144,54.7,49,11726,49
43,67.4,196.6,82,40.2,77,11540,35
29,94.8,153.8,156,47.1,66,10102,26
34,98.3,175.1,109,53.3,69,14754,168
31,72.2,184.3,138,51.5,73,5844,17
31,66,189.6,137,46.2,74,2595,78
51,76.3,179.2,132,41.5,74,10330,10
37,84.4,195.4,167,42.2,75,19398,88
28,63.7,197.1,96,43,78,2241,80
33,86.8,153.2,89,40.5,72,17002,55
48,52.6,170.1,152,51,54,19116,117
23,52.5,151.2,82,33.8,48,2134,108
36,69.3,166.5,93,59,77,4626,133
54,67.7,176.8,178,53.4,61,12316,157
21,65.8,195.5,123,38.9,55,9179,177
21,74.6,192.3,114,31.3,51,3510,11
37,66,156.4,130,51.3,61,15045,80
27,59.6,154.7,176,52,72,8907,112
41,65.5,179.5,68,58.9,61,6512,86
52,98.7,176.6,173,37.6,54,6302,106
43,70.6,163.3,63,32.5,70,12960,39
54,72.2,195,125,57.5,50,6406,39
55,78.8,196.4,179,37.8,61,11591,33
38,99.2,170.1,150,51.6,60,11742,70
57,62.1,194.5,92,31.8,83,5411,150
56,84.1,169.2,91,52.8,70,18466,134
38,85.8,186.8,103,33.8,48,7696,89
27,80.4,173.8,168,50.9,64,15763,24
55,54.4,156.1,169,46,55,13112,20
21,83.8,196.4,96,58.7,67,12475,149
37,53.2,172.7,150,31.1,77,7760,95
34,79.8,186.7,151,38.8,75,16365,98
24,87,168.4,126,32.1,51,15894,12
21,60.5,150.9,119,56.4,66,8426,33
46,92.1,155,118,47.8,49,18088,98
31,51.5,174.8,95,46,81,14525,18
20,92.2,184.5,108,33.9,45,9906,55
41,73,166.7,110,44.7,50,10922,103
54,60.9,184.8,166,42,48,16282,80
33,56.7,184.9,67,39.5,74,19744,148
21,97.7,185.2,167,53.2,74,4078,19
41,53.6,174.6,109,31.8,61,19361,12
51,60,195.7,173,49.4,68,9793,28
47,67.4,174.5,100,54.7,75,3637,139
35,81,172.5,160,57.2,72,15916,154
36,77.2,160,176,52.4,48,12173,139
48,56.3,165.4,172,38.5,83,6004,153
36,64.5,152.1,168,48,63,18966,122
36,61.9,181.7,97,34.2,68,17701,147
39,60.7,162.4,179,33.5,51,12168,52
41,70.6,165.2,145,49.2,53,10475,67
29,85.2,188.5,137,55.5,66,4398,122
47,60.9,166.4,138,32,46,3238,131
55,68.3,162.1,114,33.2,71,5466,161
48,69.5,158.5,169,47,60,7363,94
53,98.8,188.7,127,36.5,49,5166,115
36,97.7,156.5,77,48.4,56,2779,153
53,90,172.7,124,36.4,70,4134,109
47,62.1,175.3,123,33.5,59,10611,108
50,53.4,184.4,71,46.4,47,16583,18
35,65.8,181.7,177,55.9,53,6955,15
45,63.3,190.5,100,50.6,72,10398,117
28,75.3,152.2,101,54.6,83,9249,161
50,88.9,164.8,176,38,80,14062,147
34,92.9,164,119,56.6,69,5796,91
23,92.2,157.3,109,41.3,72,17312,36
21,68,164.5,140,55.6,65,15207,128
37,84.4,165.5,142,44.1,73,3446,109
44,65.6,176.1,95,38,69,2951,12
32,53,183.2,107,37.8,74,3717,47
23,85.1,169.1,130,47,83,7913,83
31,50.5,186,132,32.4,55,13390,82
28,70.5,166.8,67,57.9,63,17477,26
56,66.5,164.5,84,38.1,55,19980,115
26,84.7,177.1,66,40.1,69,8594,57
43,88.3,151.2,165,37,45,13925,93
33,65.2,154,67,30.1,76,11098,16
22,90.6,170.9,147,50.8,65,13942,135
27,64.7,197.1,140,47.7,57,16012,158
20,72.3,186.1,135,54.3,78,14250,162
30,86.4,154.4,169,31.2,61,17408,90
47,84.6,192.3,90,57.9,63,12346,165
23,99.4,186.6,71,39.9,54,16428,61
34,61.3,180.5,116,57.4,53,7755,22
36,83.1,191,125,33.2,55,15116,43
59,80.5,170.2,71,52.3,82,8283,136
52,95.8,161.1,86,47.4,75,18268,114
43,57.8,175.6,105,40.7,46,3337,141
22,87.6,177.4,66,32.4,68,12687,53
46,78.4,176.9,120,48.1,49,8826,135
54,63.7,178.3,117,30.8,74,7667,152
37,73.7,197.4,117,45,83,14929,17
38,66.7,195.1,72,48.1,79,18214,123
27,79,193.8,112,52,61,10764,14
22,94.5,190.1,159,59.7,75,10013,95
53,78.5,197.2,124,37.8,46,5044,82
23,81.6,154.9,108,39.7,60,7018,101
43,75.9,163.3,94,40.2,65,9467,130
21,52.6,174.8,153,51.9,74,12006,55
56,61.6,192.3,154,58,45,6041,125
56,74.6,175.3,76,59.2,58,3889,122
52,65.5,187.4,131,58.4,60,12091,75
18,59.1,156.9,126,56.4,53,15515,163
41,75.2,162.6,69,59.7,52,12521,40
53,66.1,186.6,93,41.3,53,5718,60
23,62.9,158.2,145,58.4,78,11248,50
58,73.2,167.6,63,52.8,77,11698,60
48,56.7,163.2,155,35.1,66,16483,156
37,96.4,167.5,88,31.4,74,3630,104
41,93.4,185.4,105,36.4,51,19375,82
42,85.4,168.4,134,53.4,62,17283,140
53,55.3,177.8,105,49,65,6590,47
38,88.8,155,136,36.7,49,8866,50
47,90.4,190.3,118,52.3,51,11222,162
41,88.4,168.5,120,34.2,56,6921,138
59,55.7,182.4,127,54.7,61,15345,63
47,82.2,186.3,125,53.8,68,10754,95
39,91.7,160.5,93,59.2,81,8249,22
45,78.9,194.2,166,34.5,63,2793,49
24,82.3,180.8,145,57.2,60,15993,30
52,72.9,171.4,64,40.2,69,2986,178
45,76.4,159.1,68,42.5,71,5595,170
31,51.7,197.1,79,44.1,51,17527,38
27,81.9,187.8,80,48.8,52,19238,134
33,54.1,160.4,76,59.8,59,16413,41
33,71.8,166.9,71,48,60,19953,20
48,64.6,190.5,151,57.8,52,4256,45
59,77.3,184.8,141,37.7,80,14101,102
42,56.7,188.3,126,42,76,15722,121
30,84.6,172.1,64,45.1,61,12414,168
23,89.8,185.8,119,39.7,80,6176,151
26,58.2,169.3,112,59.3,66,9961,126
53,55.2,160.6,111,51.8,76,17416,59
37,57.3,181.6,137,44.4,55,7254,132
35,93.9,198.8,107,52.5,50,10429,82
38,76.4,165.5,149,44,66,15783,106
21,73.4,173,78,30.5,58,14917,96
50,55.3,183.7,164,46.3,72,3732,106
44,82.5,177.1,76,48.8,83,17475,172
24,93.4,192.2,113,59.4,56,13253,119
23,91.4,188.1,162,31.2,71,2814,167
32,81.3,152.9,165,45.4,45,9035,119
35,53.8,199.9,127,32.9,54,3186,64
49,55.6,187.6,165,34.5,77,11176,103
28,52.5,193.2,94,48.3,60,18903,118
37,62.9,182.6,147,36.9,83,12738,138
41,56.8,192.8,100,52.5,50,7041,24
32,63,155.6,72,45.4,69,19838,162
24,69.3,167.4,92,36.5,64,9759,29
38,97.1,193.8,74,44.8,80,11250,153
59,80.5,160.1,122,30,67,2946,61
43,91.7,153.9,74,55.9,60,6030,96
31,85.5,189.4,90,30.4,45,10327,74
54,55.6,191.8,166,30.2,74,19176,120
38,86.8,158.1,87,48.3,71,3136,93
35,63.8,192.7,69,59.2,46,2554,120
22,82,184.3,116,55.7,65,15233,79
20,67,176,130,37.6,53,5403,138
40,99.9,191.5,92,35.9,68,19750,103
43,63.2,171,66,48.8,83,2948,135
54,64,159.7,64,54.7,51,10295,25
41,96.5,164.2,149,40.9,74,9207,164
36,51.2,175.3,178,43,46,11238,27
42,84.8,176.6,139,33.5,56,9419,86
38,86.3,190.3,116,34.6,57,7956,53
29,91.8,189.6,131,47.1,47,16625,59
58,98.7,179.1,145,33.1,84,9322,101
50,98.8,189,157,36.1,62,4614,23
21,53.3,159.6,99,37,83,17465,61
59,91.1,152.5,87,43.3,50,13523,102
24,82.3,193.7,169,31.4,71,5271,130
39,82.4,153.8,95,45,59,11029,59
50,56.4,162.3,115,57.9,59,7678,132
34,82.5,184.8,106,30.7,63,19265,26
41,99.1,170.5,130,48.9,82,17221,133
51,95.6,193.8,175,55.1,64,17571,129
45,72,164.9,99,39.4,64,12394,140
58,52,150.6,118,33.9,62,17866,104
56,68.1,165,102,31.3,78,4198,158
39,91.3,178.9,151,49.3,83,11407,42
34,85.1,168.8,125,46.6,81,11072,10
51,73,176.7,68,36.9,79,19138,124
23,52.8,193.8,65,54.9,82,7217,13
23,71.3,195.6,178,52.1,82,10892,159
51,73.5,163.3,124,38.3,45,12411,66
18,96.4,173.1,62,52.6,56,2370,177
27,82.1,177.5,133,37.3,49,3732,65
38,65.6,197.5,96,50.3,71,17514,72
22,76.3,199.9,167,33.6,83,7259,112
19,53.3,161.8,146,50.8,64,16116,126
39,98.6,186.3,92,37.2,84,19185,176
19,68,168.9,68,47.2,63,11181,16
27,73.9,150.4,112,35.2,82,2415,151
51,67.8,150.5,136,51.8,59,5337,134
33,84.1,173,151,31.8,50,10027,99
56,83.1,174.4,110,35,53,7057,155
39,85.8,151.1,130,35.5,80,8967,64
29,63.4,184.3,85,31.2,67,3620,124
41,65.8,164.7,75,52.4,54,9993,132
57,56.3,178,99,59.4,45,9386,125
55,82.8,165,149,53.4,55,6893,124
27,52,158.4,110,55.8,64,6856,162
52,79.9,170.4,98,30.2,72,5655,123
49,93.5,161.6,114,33.5,66,18260,105
24,94.5,176.7,155,46.8,64,18463,89
38,72.5,159.9,95,59.3,82,14424,12
37,73,175.4,165,49.8,60,6308,158
43,53.8,157.9,124,41.2,46,2618,169
21,83.5,183.5,172,34.4,69,19343,139
39,91.1,187.7,144,34.6,71,13470,120
32,62.2,155.5,136,40.9,47,17492,29
57,71.1,173.4,174,51.4,67,10114,124
38,91.9,153.5,149,31,76,14188,155
32,93.9,179.9,104,55.6,61,12669,84
39,62.2,163.2,68,58.2,84,13443,45
45,77.5,176.4,96,56.7,64,9235,111
31,59.6,175.9,146,57.4,74,11914,85
44,55.1,196.2,60,30.5,72,19545,70
58,95.6,177.5,125,59.3,67,12081,69
57,91,179.1,122,41,63,17667,126
45,88,170.1,102,56.1,69,13593,45
43,52.4,197.5,87,35.6,68,10160,77
19,92.2,188.9,159,43.4,45,11291,53
42,71.9,164.3,90,31.3,72,14210,86
20,67.1,192.2,164,31.2,73,6132,99
25,77.3,171.6,128,58.3,79,2844,38
50,54.6,191.4,160,54.3,61,3643,173
59,87.8,191.1,148,45.9,55,3263,145
52,79.1,159.4,67,45.8,81,4934,142
23,59.3,185.1,93,52.5,51,9174,105
56,59.4,164.5,162,40.3,70,2215,135
40,59.2,164.9,108,52.9,67,6776,147
42,52.9,164.8,155,44.6,62,16100,19
36,79.4,186.3,117,49.1,73,11699,143
22,92,161.5,134,58.9,83,3116,25
28,50.9,150,106,44.1,78,9750,35
29,52.5,185.8,84,42.6,82,15580,30
27,78.6,158.6,62,57.2,52,15932,109
25,91,155.2,104,57.1,65,12932,178
41,66.3,161.9,173,59.8,65,15246,115
45,67.5,169,111,46.5,80,11340,39
58,79.8,173.8,155,40.3,61,8380,142
53,63.7,152.2,175,37.2,60,16988,147
54,51.3,198.5,158,31,59,17833,104
38,86.8,185.8,155,51.8,59,11332,148
25,81.3,166.2,93,37,84,7655,144
26,79,165.9,160,48.2,61,4448,149
32,87.1,172.4,175,57.5,45,16185,73
57,83.8,181.3,128,58.5,57,19211,132
35,60.3,157.3,168,30.1,82,3203,122
59,67.6,159.4,151,39.5,54,8619,50
37,56.3,193,151,55.1,77,8798,37
23,56.5,162.8,67,46.1,70,19228,132
29,83.8,169,86,54.2,56,4971,89
19,92.9,193.6,139,55.6,63,3268,12
24,98.1,183.2,122,43.3,59,17952,110
33,81.4,167.1,141,40.8,49,6744,41
20,59.2,184.2,84,43.7,46,9735,30
20,55.3,151,117,49.6,58,16548,130
44,90.6,186.8,107,41,73,11821,64
57,78.9,174.4,60,53.2,45,5530,27
55,80.9,190.7,67,57.1,57,7085,62
50,89.1,197.7,80,38.5,76,10995,121
45,85.2,196.3,157,58.9,78,4264,130
18,91.7,195.5,147,48.7,58,2019,119
25,52.8,175.6,160,56.3,82,14962,84
54,87.4,168,149,33.1,82,9296,70
49,92.5,173.3,170,37.5,59,18333,17
54,64.3,184.5,137,39.6,83,10748,21
21,82,194.2,88,39.1,50,13755,50
47,65.7,160.3,89,35.2,73,4725,159
23,97.9,195.9,62,56,81,15025,136
36,51.7,190.8,66,42.6,63,6887,146
49,79,198.9,159,58.9,45,15658,87
26,58.3,194,70,47.5,65,18580,148
29,85.6,164,91,34.2,83,7226,150
28,58.8,155.3,118,46.4,62,4828,165
33,61.8,155.6,71,59.8,71,15031,98
18,74.7,164.6,138,47,72,5988,73
38,95.7,180.7,97,30.1,52,16239,73
47,60.6,190.2,83,58,75,5278,79
30,57.2,195,124,37,56,8470,64
51,87.9,181.2,77,50.7,50,14766,46
21,75,150.3,105,45.5,70,6761,170
45,95.6,159.3,115,39.8,60,3387,34
55,57.3,155,122,38.5,74,19025,123
48,82.3,168.2,66,57.9,63,17146,32
44,61.6,175.1,165,57.4,62,9210,145
22,57.8,152.2,164,45.4,68,2574,26
42,84.2,167.4,125,37.8,64,11913,104
20,79.7,159,99,33.1,51,11210,99
50,87.7,182.4,113,34.7,51,9796,84
21,65.5,173.2,90,45.7,60,13612,71
42,72.4,174.8,156,39.2,58,3456,20
37,70.3,171.4,111,31.3,56,3595,177
51,99.2,197.8,153,43.7,73,9986,177
43,64.6,160.7,90,52.4,59,15146,130
22,64.7,175.8,93,56.8,52,12042,65
52,67.7,186.8,66,47.6,83,2831,62
45,78.2,177.8,148,51.7,53,12973,94
46,62.6,196.5,75,40.9,72,12763,37
26,95.8,168.9,81,44.9,71,10488,95
55,63.3,173.2,159,51.9,51,8760,179
23,94.8,154.4,112,51.8,58,10910,124
36,55.2,180.4,150,42.7,55,7694,55
28,82.8,164.4,76,46.3,76,2010,27
19,95.3,158,63,57.7,72,6880,32
26,58.4,177.2,120,49,50,18794,163
38,98.4,176.6,158,49.3,79,12846,108
41,72.6,153.8,164,53.5,50,16490,38
51,97.3,184.9,145,33.5,68,15517,61
39,83.8,181.2,170,45.7,53,18982,119
20,65.1,159.5,111,58.8,46,19207,115
29,59.4,173.5,94,40.8,82,12589,55
45,65.2,186,103,38.8,58,7217,10
47,54.7,176.5,74,48,75,9086,153
43,57.2,169.8,120,36.6,74,14306,34
38,55.2,166.1,175,46.7,71,2312,71
45,71.1,180.5,163,34.7,80,13166,91
43,89.8,197,103,47.4,75,8671,89
50,57.1,183.6,80,48.1,50,13930,153
38,56.5,153.7,136,42.6,62,4492,100
52,82.2,173,106,41.5,58,12137,130
51,59.9,194.5,134,37.4,64,18614,171
58,54.9,154.7,108,39.9,55,12864,62
35,58.3,199.4,112,45,81,17346,160
28,96.2,197.5,179,37.4,84,17224,53
40,91.1,153.9,86,53.5,48,16694,41
39,67.7,196.7,90,51.3,50,13646,32
34,82.8,168.2,103,38.1,67,13775,157
22,76.9,192.2,91,32.9,52,2043,28
28,83.9,170.9,175,30,74,9532,38
47,84.1,172,89,47.9,80,7384,155
32,81.4,181.7,77,36.3,55,7615,78
44,63.3,188.7,122,30.4,49,4995,149
52,52,151.7,75,40.8,47,15108,19
50,72.8,179.7,94,58.9,59,16407,120
37,94.5,159.3,121,50.7,46,13559,46
33,78.5,167.3,68,55.7,46,12534,90
51,91.6,167.4,121,34.3,52,6341,105
19,99.6,173.5,98,32.2,74,11831,64
52,58.2,166.7,110,30.3,49,2616,141
57,84.6,155.4,160,58.7,74,2239,137
45,83.7,157.3,174,39,54,8052,72
56,99,151.7,69,43.8,77,8454,21
23,99.3,173.5,111,41.8,68,12048,155
26,84.3,197.7,71,51.9,63,11114,17
37,62.2,155.8,131,39.3,74,19196,41
18,89.9,197.3,121,46.1,69,6999,58
25,55.4,186.7,62,59.9,55,3730,113
40,89,181.9,142,43.3,79,5424,96
20,95.5,182.3,70,46.5,45,8062,108
21,69.1,191.3,67,45.1,61,4207,176
42,81.5,155.3,149,54.1,75,15031,59
55,71.5,175.2,168,38,50,15867,163
32,71.9,184.9,82,35.1,57,5368,160
38,65.5,179.3,178,52.6,70,4227,105
52,88.1,191.6,69,42.5,80,17754,72
31,96.8,153.6,77,57.4,49,12452,176
53,97,184.5,135,49.3,58,14817,75
29,58.7,176.7,98,46.9,59,15706,112
34,93.7,169,85,32.1,56,16362,55
56,86.9,167,70,51.9,52,15226,152
26,62.6,181,69,50.6,75,13109,25
52,53.4,194.5,62,49.2,70,13712,129
30,63.4,174.8,121,38,73,2188,99
32,95.6,191.2,130,58.4,48,11414,81
35,81.7,170.1,120,39.6,72,7221,25
50,86.1,155.1,63,34.6,69,10670,94
23,62.9,153.1,120,59.6,84,8746,48
44,86,152.6,163,52.4,76,16331,148
40,51.4,169,67,42.4,80,13254,45
44,68.8,166.9,161,58.1,55,12217,27
51,81.3,185.9,72,32.7,81,17583,160
55,57.3,187.1,71,32.6,54,6612,86
31,91.2,152.5,94,50.5,82,3550,58
53,61.8,161.1,161,35.3,80,17800,179
25,82.6,163.7,113,57.5,71,16565,112
52,70.3,177.4,110,55.2,61,7233,53
36,79.8,157.2,102,39.2,51,13447,118
47,55.4,156.7,159,56.7,53,16036,138
31,50.8,197.2,170,31.3,79,12998,16
37,95.5,190.2,125,46.5,53,2033,57
42,63.5,159,74,58.1,80,13971,121
57,91,170.3,108,55.7,74,3429,153
41,100,167.8,93,40.7,75,12381,57
31,60.6,189.6,98,35.5,63,3987,60
43,63.3,175.5,85,36.3,67,17260,116
55,83.1,156.4,171,45.4,64,12969,75
40,98.3,186.9,128,47.9,50,13889,40
39,95.8,169.8,107,31,68,18246,48
36,75.1,163.1,148,42.4,66,17709,18
20,89.8,168.8,110,54.9,50,3547,50
59,56.8,174.9,157,43.3,68,18846,72
36,98.9,167.2,170,35.1,66,13507,23
26,98.2,162.1,63,58.6,62,2513,67
45,58.2,169.9,157,38,60,14288,97
37,65,151,86,54,80,15550,106
24,55,188.6,178,35.8,57,7174,107
31,63.6,158.5,101,42.7,81,5566,165
26,90.8,152.2,177,44.7,68,5938,141
36,68.9,182.7,115,45,63,3471,171
31,54.4,188.7,152,45.5,64,18721,141
55,67.1,190.7,128,36.7,71,9051,79
53,99.1,174.7,77,45.5,61,9444,95
57,81.5,160.3,120,44.5,60,5412,13
34,70.8,186.9,63,36.3,45,4392,59
47,58.3,185,60,59.6,65,17729,14
26,99.3,162.3,109,56,71,2976,84
50,91,195.2,143,56.6,45,12437,54
42,64.1,155.2,129,50.6,74,6068,172
31,53.5,199.1,79,34.8,64,11895,126
28,52.8,193,79,47,68,19255,36
52,56,184.4,105,54.6,46,5409,139
58,79,196.9,86,31.2,59,14744,127
31,96.4,186.1,85,44.9,73,3549,113
47,74.8,159.5,91,41.9,79,17085,58
58,92.1,172.1,69,36.4,57,13699,119
21,72.3,153.6,141,41.3,63,16736,87
21,85.4,169.5,164,59.5,45,4621,10
45,86.6,187.1,71,51.7,60,4529,129
25,58.7,169.3,133,39,47,12349,170
19,68.1,166.5,147,48.2,84,16741,44
58,81.9,179.8,83,37.4,50,10351,65
39,53.5,193.6,176,48.3,75,12294,152
58,68.1,152.4,110,56.9,49,13000,13
33,76.7,169.3,97,46.7,70,12191,119
46,99.8,157.9,105,52,72,8399,93
47,73.7,184.8,148,43.6,59,4581,31
29,90.8,155.3,67,45.7,53,15926,33
52,71.6,183.2,114,50.9,66,17168,84
28,89.8,164.3,137,54.4,81,6328,119
38,79.8,159.9,166,49.8,65,8823,143
38,94.3,196.8,90,59.3,73,5747,164
22,70.5,150.9,147,54.6,70,3459,147
37,80.2,171.9,75,53.3,50,6430,176
54,81.5,151.1,79,55.4,55,9331,119
20,70.9,174.2,97,38.4,80,13180,99
50,57.2,175.1,170,43,64,10963,46
26,54.7,166.1,74,46.9,64,19495,63
26,50.8,156.6,137,43.9,71,13503,60
21,93.7,168.8,176,55.4,50,14598,69
52,61.8,183.6,135,30.8,77,11786,81
34,60.6,189.1,93,36.3,74,12921,137
51,86.8,176.5,131,56.5,78,11473,60
41,66,179.5,78,31.8,49,16464,71
49,75.3,160,169,36.8,60,13020,58
18,58.1,164.4,128,40.5,56,4373,37
25,98,158.1,179,52.5,56,16352,173
40,92.6,162.5,150,46.8,55,17344,162
57,93.2,161.2,122,58.6,65,10533,173
29,70.3,176,164,36.8,51,15125,86
29,88.1,178.1,136,56.2,78,6723,16
32,57.2,197.2,91,38.5,73,11464,74
58,50.4,159.8,154,37.4,50,2709,132
36,51,182.1,164,45,80,8992,45
43,79.3,190.9,169,32.1,78,2738,82
46,72.8,178,96,41.5,52,15233,39
39,75.9,162.8,125,40.7,81,16692,56
57,50.4,163.1,66,34.8,54,6590,100
38,71.1,152,107,55.8,60,15718,38
55,85.9,165.3,70,41.6,46,5718,14
37,72.1,187.2,134,59.5,63,15105,74
46,86.6,152.4,146,57,51,10201,124
21,61.7,161,90,35.8,46,7081,72
24,90.7,185.3,103,45.2,67,18054,102
45,79.4,189.1,104,48.1,75,11929,26
45,60.5,172.8,131,54.6,48,19942,136
21,61.8,184.9,115,56.6,60,6545,60
39,81.4,169.4,91,48.7,54,7339,122
29,91.5,158,171,31.1,65,17353,46
20,70.8,169.9,80,44.4,72,6302,97
39,62.9,179,90,56.5,56,3809,125
19,93.4,197.4,60,51.4,57,7830,134
41,83.5,153.4,136,56.1,84,18156,146
51,72.4,175.4,70,50.2,61,17869,47
44,74.4,166.4,152,31.3,62,4130,62
58,60.2,175.4,127,59,54,6412,150
18,81.3,151.2,95,57.5,72,12884,99
25,67.9,165.7,138,33.8,57,4796,62
40,99.8,191,118,33.4,78,16007,128
55,74,177.7,126,46.2,50,16965,128
23,74.3,172.5,115,52.7,56,8745,58
39,78.3,164.3,110,41.5,73,14887,131
42,95.8,164.9,88,34.1,57,7202,79
35,90,169.2,144,45.3,70,3555,172
34,72.6,191.8,61,40.1,48,13882,25
29,85.9,198.4,65,40.6,59,13764,22
23,79.3,171.9,90,49.3,60,6443,130
43,74.6,169.7,113,56.6,63,15583,148
44,59.6,192.3,147,46.8,70,10522,96
25,73.2,171.3,99,50.6,76,12136,139
36,62.3,177.6,76,49.8,50,11876,103
59,95.7,161.5,64,46.5,50,2746,28
18,66.8,187.2,61,39.3,49,4184,113
46,97.6,176.6,117,41.3,46,16052,54
52,76.7,190.5,71,39.5,46,11576,56
57,81.6,189,64,57.5,81,11210,88
31,77.1,160.8,165,54.8,47,17079,51
52,56.5,185.8,119,47.4,50,9148,170
37,68.8,190,100,57.4,75,14855,117
30,55,167.3,79,56.6,49,17473,178
55,81.1,158.6,131,57.8,54,11734,128
25,72.3,150.1,60,36.7,71,16219,95
37,88.9,172.5,115,51.5,68,13238,120
50,61,167.6,129,48.3,66,16357,28
43,58.2,177.7,115,52,69,9197,48
56,70.3,159.4,113,37.9,47,3702,144
38,96.3,193,70,50.8,60,7529,48
59,85.5,162.9,62,42.3,74,9216,107
58,70.9,161.3,154,55,48,14612,43
26,75.9,174,87,53.9,84,9655,77
41,54.2,174.9,170,36.3,60,7417,57
54,99.2,160.8,166,35.5,84,18133,12
58,83.3,163.6,179,51.5,52,8324,171
34,64.3,158.5,64,46.5,68,10313,122
41,79.3,185.9,149,46.7,60,16459,146
38,55.5,188.5,75,52.6,71,18649,70
56,98.3,173.1,176,55.6,46,18815,157
58,58.7,185.7,90,37.2,64,6974,177
56,82.4,186.8,87,46.7,64,14723,134
30,62.3,156.9,66,54.9,64,17473,21
28,85.9,198.3,161,56.2,63,3085,112
36,88.8,191.1,68,38.6,62,17771,37
28,83.7,160.2,98,33.1,57,10292,84
30,80.7,159.3,158,37,61,12346,144
18,94.6,156.3,102,58.4,77,9202,91
57,53.9,156.9,86,43.9,72,15174,92
36,66.5,187.4,135,42.6,49,19183,151
29,62.4,173.5,176,30.4,72,7611,156
25,99.4,189.1,148,31.5,69,16191,63
25,69.5,187.3,166,50.1,64,7263,76
29,86.6,180.2,152,47.7,65,10626,171
50,84.2,184.3,154,47.3,57,13996,98
43,60.6,150.9,157,33.3,50,12805,178
56,61.9,165.6,92,40.6,73,11107,168
45,64.1,181.9,150,54.4,53,12467,176
22,70.6,150.5,115,35.2,73,10839,87
25,61.7,151.6,179,56.5,82,14270,29
42,51,192.6,61,33.6,45,19815,105
44,94,184.2,73,35.1,74,15887,104
40,98.3,163.3,72,44.3,76,4361,80
47,67.1,184.4,83,58.4,67,14324,142
40,66.9,189.6,128,39.9,83,2723,141
37,50.4,165.3,93,49.7,54,3547,148
35,84,151.8,178,47.7,65,10275,28
35,91.3,196.6,146,34.5,70,15405,111
19,57.3,167.3,78,37.4,59,3365,36
21,58,155.3,89,57.9,61,15659,38
47,89.5,174.6,108,35.5,79,5853,27
50,80.8,188.4,102,50.9,69,6682,174
53,52.2,161.1,75,58.9,59,13391,98
35,81.1,163.5,111,33.6,77,7960,29
54,65.4,162.1,173,42,55,17464,79
36,68.4,199.6,175,36.7,68,14286,109
45,88.5,159.9,163,36.6,50,3567,152
57,90.5,178.8,157,33.6,72,6191,27
37,70,196.3,108,49.5,73,11718,47
50,97.4,157.3,70,52.4,65,7135,129
29,70.3,198.5,137,50.3,56,8751,98
32,88.6,197.4,171,57.7,66,10209,93
58,74.2,194.2,106,34.4,71,13672,159
56,94.9,160.7,138,39.6,65,9174,113
19,95.4,181.7,94,40.3,59,10061,120
46,54.4,188,130,37,62,15265,35
58,96.8,199.3,88,34.3,54,2878,73
27,91.3,159,167,44.6,66,10785,67
19,89.6,188.3,113,55,64,14930,140
28,60,166.9,145,58.6,63,8272,39
30,90.3,158.8,82,33.9,72,14742,28
27,92.5,171.1,83,54.7,81,19993,19
31,64.5,189.7,158,54.7,45,8714,98
35,97.6,173.2,174,41.7,78,7109,156
26,52.5,176.9,69,33.3,79,14749,136
56,57.5,199.8,120,59.7,70,17888,133
45,76.9,170,67,49.7,74,4136,116
20,78.8,180.8,107,59.5,56,18020,94
37,82.3,168.3,171,44.5,58,8966,15
23,50.8,169.6,135,41.9,83,4053,60
44,98,184.8,152,37.4,48,9763,151
19,52.2,196.9,88,59.5,56,15232,67
46,57.2,177.1,146,37.6,68,2083,145
55,50.7,188.4,85,30.7,84,18025,11
20,78.3,154.5,96,45.4,75,17431,27
33,96.6,160.6,155,41.3,45,7231,101
47,83.3,175.1,111,37.8,81,12411,172
57,91.1,151,97,49,45,10890,65
19,50.7,162.6,65,40.9,59,14817,52
34,77.1,175.9,67,42.1,57,11290,82
58,73,150.7,76,30.7,73,8572,81
29,74.9,163.2,135,47.7,48,4894,126
52,53.6,175.7,121,33.7,59,5417,17
18,84.2,178.7,145,36.4,84,18632,14
32,75.2,196.3,137,51.5,56,9810,22
43,88.3,182.3,93,39.4,69,14674,16
54,74.3,170.7,78,34.9,71,12149,30
38,57.5,196.5,129,47.3,50,9880,46
48,82.4,189.2,141,36.4,67,14650,71
42,58.6,160,159,38.1,59,4115,110
40,93.6,156.5,177,48.6,83,8581,128
41,80.7,183.8,96,52.2,49,7651,141
55,57.9,178,97,52.2,67,3806,129
45,98.1,189.5,74,44.5,59,9300,95
38,75.9,186.9,161,43.6,69,12183,84
35,53.6,181.3,99,53.6,74,18223,43
53,81.3,199.3,68,35.8,48,16368,54
52,62.7,176.7,112,34.6,57,7493,153
26,90.2,155.7,177,49.9,84,6650,146
55,90.9,191.4,129,42.3,83,14067,25
47,98.9,162.6,177,51.3,67,18225,104
51,75.1,188.9,125,37.7,60,14592,168
49,72.7,197.9,139,39.7,79,2792,150
20,87.7,184.8,111,56.9,60,3089,137
20,56.6,179.8,60,42.6,51,2789,14
45,77.3,173,89,47.7,57,6194,132
32,77.3,168.2,171,33.2,73,14558,136
58,54.5,167.7,156,35.4,83,15475,176
40,70.9,181.8,60,31.1,64,8671,27
57,92.7,187.6,98,42.7,73,7961,157
28,92.8,183.9,75,59.7,62,14048,139
49,55,159.9,76,56.2,66,7155,49
53,54.5,174.7,171,49,80,2313,167
50,63.1,189.6,171,55.8,80,2232,19
41,93.7,173.8,161,47.8,52,11221,73
56,56.4,176.8,141,41.1,47,13798,51
51,86,188.6,81,35.2,73,4711,102
45,55.1,183.1,145,49.6,53,14531,49
54,81.2,170.5,158,35.8,52,12480,153
24,67.8,194.8,90,42.5,74,9940,134
21,89.4,158.1,99,54.8,56,14191,70
54,61.7,199.8,86,33.9,72,4122,175
18,82,155.9,95,33.9,54,5779,123
18,61.8,150.7,178,36.7,57,7654,53
37,85.7,194.5,63,46.6,46,14374,152
36,93.7,162.2,172,37.6,45,13169,104
46,56.3,186.5,177,45.1,66,3172,70
27,93.3,190.6,128,39.1,77,9317,16
35,79.7,192.9,84,45.2,60,2159,133
45,56.4,199.6,154,38.3,73,4129,39
52,71.4,164.7,137,59.4,54,4917,173
48,58,185.5,89,44.8,83,14765,122
44,85,155.8,106,52.3,51,8326,99
28,87.9,170.3,71,51,45,3579,148
55,55.3,192.4,86,44.7,70,16509,132
22,75.3,168.4,104,37.2,49,16349,115
25,90.7,179.6,147,45.3,79,3960,166
51,96.8,175.2,122,50.4,57,9902,101
29,75.7,182.3,114,43.8,71,16033,102
55,97.5,198.6,89,32.5,56,5844,143
18,76.8,152.8,141,30.5,74,6697,121
48,69.7,178.7,73,39.8,76,4390,60
21,92.4,193.2,115,34.5,75,3419,89
22,74.6,174.1,78,57.2,49,5917,119
47,73.6,153.9,145,35.3,81,16206,47
41,74.5,178,85,41.8,46,14620,31
20,92.3,166.6,130,51.4,82,13822,99
28,91.6,157.7,151,54.5,51,6942,177
21,70.2,192.5,97,44.3,45,10354,144
43,66.7,176.1,128,35.4,47,7198,119
44,74.6,196.7,95,38.1,64,13271,177
44,78.6,190.3,77,42.6,46,13030,116
59,61.9,184.6,116,40.9,65,18926,133
23,89.7,150.3,137,40.5,76,19816,33
32,74.3,171.4,171,34,64,10860,50
47,66.7,159.9,82,57.4,75,17762,60
59,55.3,195.5,178,30.9,77,2968,176
54,61.9,158.7,175,43.2,68,7800,111
54,97.5,164.3,73,59.4,62,9470,123
59,65.3,175.8,155,49.8,64,6819,78
54,58.4,163.2,128,40.7,76,5235,162
52,73,160.5,81,34.4,49,18635,103
40,65.4,180,87,58.9,46,6300,129
23,51.8,154.4,102,30.4,70,16167,34
21,66.2,152.9,135,50.4,69,17661,161
35,77.2,168.6,77,56.4,66,13071,113
26,77.6,186,159,30.8,83,5998,52
46,67.8,177.7,154,51.8,66,10982,68
30,72.4,171.1,136,60,55,7180,63
34,98.3,178.3,143,49.2,55,14752,88
49,68.9,168.3,168,42.4,48,7421,163
39,62.9,196.8,95,56.2,77,19879,63
21,62.2,152.7,178,46.6,62,15918,84
22,72.9,183.7,178,52.5,75,16316,102
54,88,194.6,66,47.6,72,12899,146
58,60.3,190.2,82,31.1,66,15199,51
30,85.5,159.2,93,36.4,84,7378,166
51,51.1,164.8,176,32.4,47,17901,88
39,70.9,185.9,173,33.2,51,4577,90
40,88.8,154.2,155,30.5,64,10133,67
20,66.9,190.6,80,42.6,51,3235,95
59,78.2,185.9,129,35.4,51,19442,116
51,60.2,186.5,139,55.7,73,17641,148
49,87.1,155,158,52.5,70,5659,111
38,52.6,185.9,177,47.2,47,13847,63
38,92.6,184,106,44.7,61,18440,39
28,59.9,191.5,112,37.7,84,12084,74
56,93.7,152.1,143,44.2,64,9472,67
21,67.6,151.2,165,49.2,78,17596,46
18,86.1,168.7,100,53.5,77,18606,127
45,66,157.4,134,32.5,60,11831,82
41,95.3,177.9,91,51.3,67,7217,78
52,56.3,195.9,73,52.3,48,15537,161
30,58.9,169.6,147,46.8,84,11949,72
51,74.7,192.2,167,36.4,77,11027,103
28,54.1,150,162,46.2,52,4536,24
53,59.8,158.4,166,45.1,49,4525,39
34,97.2,151.5,154,44.3,77,11176,122
52,98.8,166.4,76,43.8,69,19741,88
35,68.8,195.4,84,33.3,51,6887,157
57,96.2,154.8,123,35.5,51,16847,66
39,77.2,180.3,132,32.9,77,13252,65
41,63.5,172.6,145,37.3,77,6477,65
36,85.1,196.9,178,37.9,73,19755,162
54,82.9,156.1,168,37.4,83,18095,18
56,99.5,160.6,107,36.3,76,8104,31
38,63.3,151.5,94,52.1,81,3142,86
25,83.6,171.7,96,54.6,73,14726,174
45,52.6,163.9,114,39.8,66,8898,133
22,55.7,193.5,76,39.2,46,19972,37
34,50.2,180.2,87,55.3,53,14177,151
54,100,180.7,60,48.7,73,14916,167
53,90.1,176.6,112,38.8,77,11662,176
36,89.3,154.6,132,51.4,54,14106,142
44,75.5,172.3,114,40.3,72,14682,21
51,65,200,172,47.6,83,6342,172
28,57.6,191.8,120,59.8,56,17240,178
29,64.2,194.7,72,39,66,5362,72
38,68.8,191.2,106,57.9,50,16583,179
28,87.8,155.2,123,39.6,84,3636,134
56,77,161.4,91,46.2,67,16934,115
45,53.9,150.2,87,43.8,78,13104,157
22,50.9,165.2,112,53.5,82,17108,107
34,55.1,155.4,90,31.8,60,19628,128
37,70.5,173.6,67,48.8,54,13929,128
58,96.7,183.9,131,52.8,65,12789,161
29,81.9,193.7,157,44.2,54,15268,172
23,90.1,187.5,146,33.2,55,12704,50
34,73.3,196.9,133,37.3,65,6514,131
36,68.1,152.7,160,50.4,69,16422,25
43,55.4,150.6,171,56.9,78,17540,131
49,93.8,183.1,84,42.6,75,7615,89
23,89.2,164.5,174,46.8,71,19652,115
53,58.4,162.7,92,36.9,69,16840,15
55,75.6,166.5,168,42.4,76,4376,29
28,74.4,163.5,127,40.1,55,18945,145
50,81.3,175.6,66,49.7,70,13641,106
41,97.3,172,156,59.5,80,17232,15
40,79,175.6,125,54.4,81,13558,17
32,77,183.6,171,35.8,77,13315,23
44,52.5,169.4,105,47.3,77,13083,140
28,53.1,162.6,155,32,80,4504,139
34,59.4,158.3,64,37.4,57,12068,31
31,51.6,167.5,169,35.2,58,11684,94
44,87.2,187.1,76,40.1,81,11321,143
35,86.2,187.8,135,50.4,84,12455,53
45,56.8,183.3,111,45,45,15064,17
21,91.8,161.7,71,58,49,8822,33
24,57.7,179.4,121,36.4,74,14497,36
52,65.1,178.5,94,40.9,62,16251,60
26,62.4,174.2,121,39.9,81,12377,165
25,68.6,177.5,80,37.1,83,7679,78
34,62.7,174.6,144,59.8,56,8612,34
34,74.4,178.3,125,41.6,78,18272,53
50,70.4,185.8,112,58.2,58,3412,128
49,99.3,155.5,80,41.7,82,19605,118
25,52.8,187.5,74,36.1,60,4249,129
36,57.1,156.8,134,33.6,55,4239,22
55,52.6,153.3,133,55.7,77,9873,62
20,81.3,198.8,141,31,59,14614,46
22,52.7,197.8,82,58.9,54,10835,124
30,91.8,153,90,42.5,47,16803,49
48,75.6,172.2,113,37.4,55,14795,87
33,76.4,159.3,114,48.5,55,16441,104
49,78.1,174.3,179,34,60,17653,143
39,58.5,191.5,85,32.2,82,7185,34
46,59.9,197.5,112,54.8,74,15499,112
39,65.9,181.7,125,42.7,45,11577,55
20,79.7,167.7,98,45.5,82,9152,168
27,60.5,180.2,66,35.3,78,19985,111
59,55.8,165.6,147,31.8,63,15798,100
38,98.5,195.5,98,41,78,19191,103
33,51.1,193.5,91,45.2,80,12851,77
29,90.1,177.9,85,53,48,10306,48
19,89.4,166.2,146,45,54,14918,89
58,64.9,164.7,137,53.5,61,14484,173
41,56.8,151.7,88,33.5,60,14093,144
52,57.3,190.8,84,31.9,65,10165,94
47,84.9,172.5,115,34.8,72,17084,75
47,82.1,166.3,90,53.2,52,12920,64
52,89.1,173.6,125,52.8,73,16327,81
36,96.9,190.9,61,34.2,50,14574,51
25,84.6,156.2,146,30.9,74,3568,164
43,57.8,192.9,106,50.6,46,19125,139
57,62.2,194.9,134,55.7,75,11922,79
24,92.1,197.3,88,52.6,69,6904,141
47,60.5,169.9,165,36.1,67,4933,30
24,53.6,160.9,158,47.5,65,6509,10
20,85.2,168.7,108,52.7,60,6526,175
18,70.1,166.6,132,37.7,48,7909,69
53,96,158.8,91,45.8,52,5167,85
42,82.5,180.4,89,39.4,50,12110,100
54,54.5,173.8,74,36.8,71,3340,151
18,97.4,193.3,121,59.1,80,3514,97
32,62.9,151.6,137,57.4,80,19795,91
54,66.9,182.2,174,43.4,68,9724,26
30,70.1,188.1,76,34.1,50,6167,82
57,52.6,188,81,51.8,77,19406,65
25,74.8,194.3,175,37.7,46,12478,136
22,56.2,186.5,89,35.1,60,13963,62
26,70,196.4,140,41.4,82,11304,137
18,67.5,166.6,75,45.9,53,6808,155
53,88.6,175.2,111,32.9,49,10833,57
52,90.2,150.7,67,47.2,54,8733,146
19,57.7,150.3,123,30.5,74,12429,63
57,68.3,162,98,56.8,51,6907,172
40,68.7,155,90,57.6,73,13678,10
26,57.6,163,71,52,46,5225,50
51,89.9,158.9,92,44,64,3014,82
31,85.4,151.4,117,37.6,48,8768,169
21,59.5,195.5,71,52.3,72,7458,86
47,68.3,150.4,84,58,52,4021,49
48,55.3,186.8,97,34.8,79,13128,148
55,81.4,157.6,107,44,46,5106,57
28,56.1,195.6,141,39.5,72,10975,52
52,99.3,194.6,142,40.7,55,10862,51
25,89,182.7,114,42.2,80,12961,163
20,69.5,183.6,62,58.6,53,12765,113
31,78.9,150.3,158,37.8,82,4584,20
30,95.6,199.2,128,44.8,45,6942,34
49,77.7,193.9,94,58.5,71,3277,49
51,58.7,194.8,110,44.3,47,5043,34
36,68.9,183,86,55.9,83,9370,93
55,92.2,167.2,96,31.8,53,13364,115
33,82.2,194.7,169,58.6,84,15672,128
19,82.5,164.6,144,35.6,72,10369,117
57,93.3,178.1,75,59.4,65,10467,83
34,94.7,155,151,35.3,72,15953,122
51,96,196.1,84,43.3,68,13551,140
59,54.7,157,92,39.3,62,17884,48
33,77.2,161.2,121,43,53,11616,100
55,87,177.9,76,37.5,70,17829,172
19,87.8,188.2,102,59,68,9897,177
19,80.3,181,89,39.2,50,4469,31
43,58.3,161.6,100,49.6,56,16836,28
30,89.9,150,176,34.1,80,9051,23
48,86,187.9,63,54.7,53,12564,118
51,54.3,199.3,125,46.3,54,11782,52
56,73.2,190.5,119,59.4,47,18003,64
20,58.7,173,68,42.7,73,4545,177
25,66.9,195.2,177,35.9,51,9665,21
40,50.9,170.5,90,40.4,70,5907,171
31,70,176.2,148,52.1,52,5731,117
44,77.5,173.9,160,49.8,57,17283,92
46,81,172.4,159,53.4,79,9685,32
56,83.2,188.8,178,32.2,63,10273,144
56,91.8,176.3,128,47.4,66,13898,155
18,60.8,165.8,83,58,60,15478,145
34,56,162.9,83,33.2,59,13368,98
58,92.6,151.9,152,32.8,46,12017,51
47,57.8,179.2,173,51.5,82,16823,102
30,98.7,161.5,104,39.5,65,15621,102
38,92.1,157.4,154,49.8,74,10273,10
36,75,182.7,96,46.4,51,18477,88
36,99.1,184.1,117,59.6,75,15632,152
42,54.9,187.6,179,56.7,79,2342,165
39,65.2,175.2,142,50.3,48,8940,173
48,81.9,194.7,82,37.9,78,19007,115
34,67.5,196.8,94,37.9,45,2867,55
40,96.4,190.4,122,56.5,54,12668,30
49,53.3,181.8,177,47.6,74,2170,176
27,77.5,165.2,173,53.7,76,10769,47
27,79.5,199.1,65,43.5,47,10259,18
53,82.6,163.7,65,33.1,54,3515,29
25,62.8,160.1,179,40,53,10192,93
37,68.2,172.1,160,34.8,61,4198,17
49,92.2,152.8,89,53.5,47,19285,23
31,59.7,198.9,60,51,71,16593,71
45,91.3,179.4,122,32.7,79,15037,172
41,78.1,177.8,67,48.6,48,9755,64
32,88.1,182.8,87,56.2,48,10986,54
39,85.7,174.9,148,50.9,76,4066,158
47,60.4,151.6,92,45.3,82,12011,62
21,78.4,180.6,112,39.4,55,5907,95
30,93.4,185.8,97,56.6,83,17600,15
40,71.6,170.8,111,42.7,50,12246,53
25,98.3,187.9,137,55.7,79,4596,100
35,72.6,161.4,70,53.5,76,14658,13
29,57.1,161.1,61,54.5,67,11330,130
48,69.5,158.1,112,59.7,81,4621,72
31,97.6,168.6,153,52.5,70,12920,101
51,66,192.4,153,31,78,11357,90
35,93.4,191.4,127,36.2,82,15749,47
51,94.1,169.1,136,31.1,55,5841,61
28,67.5,179.5,66,35.7,65,16423,166
58,54.2,186,161,31.8,68,6558,177
29,86.2,162.1,126,45,59,14768,17
32,65.6,158.4,68,30.8,47,6339,114
48,89.1,198.6,137,44.2,46,2238,172
46,72.1,180.9,175,57,51,19604,124
43,74.3,199.1,122,52.5,49,19152,132
35,88.9,166.9,70,58.3,84,9388,25
49,69.1,185.2,96,36.8,73,12426,27
39,72.2,161.1,73,45.9,76,9617,43
55,68.8,163.1,78,39.6,74,10082,141
34,68.4,175.6,67,44.8,52,9579,136
40,76.3,166,66,46.7,76,15922,70
41,90.4,158.4,118,31.1,46,8456,55
25,68.1,163.1,122,37,54,4439,158
58,76.2,151.8,66,51.1,81,12019,86
23,83.5,185.2,179,53.2,47,12065,132
22,63.5,174.6,114,47.1,67,17235,175
46,63.9,154.7,62,38.1,78,14499,82
45,96.7,158.6,126,42.2,62,10391,95
28,86.2,155.1,77,32.9,77,10369,90
18,78.9,180.6,104,58.6,77,7542,173
36,82.4,154.7,156,56.1,61,11122,143
26,51.5,187.7,160,32,50,13928,176
44,80.9,151,151,35,57,4036,166
51,75.5,162.5,95,47.4,65,11677,164
21,77.3,194.5,75,37,75,7550,78
53,68,185.9,138,58,65,6263,146
35,54.1,153.6,88,52.7,77,17044,161
32,59.7,191.1,118,38.2,72,14280,156
30,97.5,174.7,77,30.2,50,12107,106
36,70.4,192.3,108,54,52,8326,132
23,73.3,180,169,42.7,57,15891,167
29,52.6,184.1,105,49.3,78,13126,177
54,51.9,199.7,142,38.6,84,11028,128
34,85.9,161.6,88,34.3,66,9721,41
40,76.9,181.2,129,50.3,45,18689,122
43,75.4,173,168,43.5,57,9123,74
46,62.2,152,109,37.1,45,7812,171
50,87.2,150.7,170,34.1,54,5344,94
44,58.4,156,114,47.4,49,3208,168
42,59.5,182.5,86,51.8,64,3971,68
27,73,178.4,66,38.5,57,3113,35
40,64.3,177.7,150,52.1,81,2983,159
38,62.4,151.6,142,35.5,54,13502,171
38,82.3,173.5,140,40.2,47,12963,130
30,82.5,196.2,100,52.3,78,12354,22
54,91.2,169.9,70,49.8,78,4127,64
50,70.9,181.2,64,38.1,74,2560,145
41,53.7,189,125,33.7,81,8652,159
28,63.7,189.2,170,31.3,48,12001,65
34,99,176,115,55.1,78,10482,93
21,79.8,192.9,71,32.3,76,14829,158
42,85.5,169.6,101,33.4,65,3909,107
47,50.4,194.4,165,37.1,68,17099,103
26,75.9,162,175,43.4,53,9230,143
38,51.9,164,134,53.7,68,14881,44
37,78.5,152.7,69,37.4,69,19812,164
36,96,189.8,87,46.3,80,19331,135
36,98.4,170.9,66,32.7,52,12719,122
29,77,161.5,73,43.9,73,3348,177
54,72.9,161.6,136,35.3,69,10572,23
59,97.3,195.1,128,36.3,79,11896,83
34,83.7,191.7,120,41,82,2309,61
54,53.2,177.7,110,52.8,72,7789,115
56,73.3,180.8,101,52.3,63,11690,49
45,62,173.7,67,42.4,76,13086,52
58,73.5,169.6,109,33.6,81,8568,121
52,72.8,195.8,60,38.4,72,15453,12
35,79.1,156.3,128,45.2,79,10852,152
31,67.8,170.9,70,56.1,52,12264,104
52,58.2,167.2,175,59,67,18049,148
58,75.2,174.9,166,49.1,84,13628,176
24,91.5,172.9,107,40.5,67,4142,28
58,83.2,175.9,69,50.8,76,16843,157
30,66.9,157,74,40.1,54,18175,65
35,96.8,175.7,162,48.8,61,11797,87
54,95.6,162.1,106,37.3,79,15487,127
30,60.5,159.2,152,38,79,16825,141
53,52,153.2,84,32.3,47,12142,18
48,87.1,188.1,171,42.6,80,2458,162
19,91.4,171.4,65,48.5,73,9580,58
33,98.4,181.3,70,53.7,71,18721,164
26,94.5,186.4,76,54.3,75,17298,37
26,80,184,74,59.8,78,14135,25
55,76.5,173.5,75,32.6,56,9380,96
28,51.4,169.4,115,44.8,81,6020,177
39,62.3,168.8,125,45.6,69,7643,92
50,73,182,95,54.1,46,19326,43
53,81.4,174.7,142,38,74,18729,147
40,77.9,192.5,97,32.1,53,10516,10
51,87.1,193.7,173,39.4,67,8610,75
26,64,158.5,144,59.5,53,13804,124
41,78.2,156.8,134,57,64,9816,154
25,54.4,181.5,164,41.9,45,13932,56
24,70.7,165.1,62,56.3,83,18642,33
53,87.5,150.9,157,31,67,19494,113
35,84.7,194.4,77,39.4,62,8487,38
20,99.5,161.3,138,51.8,76,19204,81
45,63.9,196.5,148,36.6,53,7988,95
23,74.9,185.9,113,36,55,7635,113
38,66.5,188.1,173,55.9,45,9093,150
45,72,160.1,174,48.5,55,6604,165
57,92.8,161.7,138,59.7,77,19947,142
18,84.2,176.1,153,34,74,11399,83
53,94.1,158.6,76,40.7,49,3839,146
38,60.2,165.3,141,39.3,45,9675,151
52,93.7,166.1,154,56.4,54,13544,111
30,53,158,173,37.7,57,10001,147
27,94.4,160.3,166,40.6,71,11575,170
27,66.5,189.4,141,34.3,52,4306,84
30,65.7,158.4,178,53.3,72,16230,49
54,75.6,151.4,158,37.1,46,12664,143
55,97,181.5,72,32,56,17114,26
41,52.4,198.8,122,43.1,71,13159,173
19,67.6,166.6,73,41.7,57,15299,79
39,92.8,155.9,118,35.3,66,19344,70
34,69.8,178.5,95,34,84,10629,120
53,60,195.3,77,56.9,59,2455,92
31,71.2,189.2,64,32,75,11761,33
27,69.3,181.1,73,33,51,11810,60
52,95.8,165.8,84,37.4,83,13804,179
42,88.1,177.1,103,58.6,79,3512,156
20,75.3,154.6,98,32.6,51,6738,71
55,99.4,183.9,71,54.5,56,18775,76
34,73.3,186.3,163,56.8,58,4621,39
29,52.9,198.3,120,41.3,78,17718,116
41,63.1,163,121,38.8,83,8176,175
46,71.8,150.9,112,50.3,53,17495,143
42,57.8,177.3,112,51.1,77,11112,120
53,97.4,185.3,87,53.4,56,8041,159
43,88.3,189.5,94,54.9,78,7210,130
55,63.4,159.7,177,38.1,71,6508,20
18,79.5,163.1,124,50.6,66,8442,81
37,86.1,175.6,62,34,62,8216,100
45,97.1,166.5,102,45.3,62,2260,38
33,94.1,193,109,48.4,81,8833,128
34,75.8,173.7,130,34.9,51,11527,128
57,88.7,190,68,32.3,48,15246,17
45,78.1,179,95,35.8,60,7944,89
29,77.6,188.7,82,42.6,66,2334,172
44,55.7,166.6,147,56.6,80,9669,81
59,56.3,191.6,133,46,64,4779,42
47,76.5,163.7,109,52.5,75,15259,14
58,63.4,177.3,114,35.2,77,7190,174
51,51.1,160.7,171,33.2,57,5163,154
54,86.1,173.8,71,37.2,64,11094,31
23,51.6,165.9,142,39.4,82,13624,87
24,79.8,163.3,91,46.4,66,2023,169
49,77,198.3,83,56.4,83,6652,23
49,98.4,158,145,42.8,67,4748,157
42,74.2,189.4,126,45.6,77,10095,159
50,53.2,199.2,163,30.1,74,5357,39
24,77.6,151,86,31,58,14096,170
29,92.1,185,120,32.5,80,10095,14
33,99.8,162.6,78,51,52,12680,27
33,71.5,152,132,44.6,66,10083,72
53,66,170.1,110,35.8,48,15169,144
30,95.3,196.8,123,47.8,79,9069,166
24,59.6,150.6,172,46.3,52,7337,66
53,80.8,179.4,136,32.7,78,5773,18
26,70.3,175.1,61,49.2,66,17426,121
49,52.1,193.7,95,53,69,4057,114
28,67.4,154.2,152,38.6,69,19061,132
25,63.3,184.1,70,50.6,84,15138,80
50,84.3,184,157,36,84,4974,122
40,97.4,183.5,127,52.7,61,17903,68
42,63.4,197.1,127,57.4,60,8444,15
25,90.6,191.2,175,43.3,83,3878,119
39,52.8,152.1,123,37.3,59,8289,120
21,76.9,173.6,60,42,61,11802,62
57,53.5,169.9,148,37.5,79,17995,73
20,96.7,165.5,85,30,77,17763,13
46,88.3,172.6,70,49.5,84,17037,10
58,82.9,169.2,146,31.3,83,13690,79
46,91.2,171.6,61,36.3,62,12323,40
51,82.4,199,142,51.7,74,5314,74
51,98.4,154.4,152,50,67,15417,126
45,85.7,196.1,99,32.2,81,3378,28
30,96.2,174,178,49.8,51,16356,127
32,75.9,181.2,175,57.9,54,13269,78
40,55.9,191.5,63,32.2,60,13206,40
43,76.4,168,139,42.5,72,7340,88
21,56.3,171.5,170,51.9,67,14084,64
43,79.6,170.5,96,50,78,11907,136
57,74.1,168.7,120,36.8,62,2452,86
26,81.1,196.3,150,34.9,67,10533,100
22,50.5,191.4,64,53.5,64,2392,175
49,59.7,155.4,74,58.7,75,7471,170
37,74.6,155.4,146,53,58,19653,15
28,97.5,171.4,172,58.9,67,10137,150
32,69.2,154.9,126,48.1,46,15997,29
49,71.2,181,141,57.9,73,11162,109
45,85.7,157.2,166,50.7,53,12397,174
39,80.2,176.1,85,57.3,77,17596,54
58,64.9,150.4,65,34.8,56,6794,90
34,70.5,165.8,103,54.5,63,18549,68
43,60.9,183.9,177,35.9,64,10446,61
24,98.3,174.2,117,30.8,81,10493,155
59,56.5,198.9,140,45.5,75,8363,34
43,68.6,193.7,105,39.5,79,13295,132
42,51.3,168,161,31.3,65,10079,138
27,61.1,152.3,101,59.4,57,14032,50
36,89,192.3,107,50,83,12748,111
28,60.1,195.6,173,57.1,71,3505,27
30,54,191,86,60,69,11448,138
25,73.7,156.4,79,41.8,46,15240,176
57,50.5,199.9,129,37.6,79,9409,168
21,54.2,162.9,174,35.5,52,2209,111
48,90.4,186.2,94,45.5,77,19364,80
45,88.6,195.4,135,48.2,69,4119,175
28,95.8,161.8,107,44.2,65,2177,17
18,92.7,195.4,126,41.6,80,3546,171
55,84.2,165.5,171,35,57,16186,82
41,52.6,198.8,127,43.3,53,12226,98
48,89.1,164.1,111,32.6,79,14231,36
58,92.3,197.7,168,56,80,18658,178
43,90,152.7,127,31.4,54,16016,16
22,75.4,185.5,63,41.4,49,16134,41
37,61.6,176.6,98,33,75,16082,82
58,92.3,173.9,80,53.2,68,18436,108
28,86.4,161.2,167,39.4,76,9775,121
50,99,185.3,125,33.4,47,18175,153
55,57.8,159.5,75,45.9,60,16133,139
44,61.3,177.6,66,57.5,64,11615,40
51,60.6,162.7,142,57.3,68,18368,89
32,89.6,197.8,166,37.5,78,16837,42
49,59.3,151.4,156,51.6,67,12546,154
38,53.3,160,68,30.9,82,12748,108
22,99.9,162.1,160,34,46,3553,63
23,51.2,170.7,76,45,49,4469,63
55,91.8,161.6,150,36.9,62,18299,144
39,68.3,174.6,156,53.9,73,3474,148
35,92.1,193.6,172,57.9,54,17786,39
31,77.7,185.6,71,30.1,60,15759,91
27,95.1,179,116,37,67,2337,66
30,96.3,154.5,104,43.2,74,8991,79
48,50.5,184.7,179,46.9,50,13351,75
47,53.8,158.3,70,57.5,80,3087,116
20,62.5,189.3,72,56.8,64,3293,19
47,83.5,162.5,90,49.1,60,10848,141
23,94.4,170.9,136,37.7,72,7964,83
46,73,167.5,161,53.5,70,4828,82
25,80.3,192.9,85,36.1,66,8472,71
50,59.4,156.3,122,59,55,8564,118
34,90.2,178.3,90,30.2,45,3336,51
28,98.4,157.1,81,47.1,49,12548,33
30,63.4,185.2,65,32.7,80,17149,14
28,74.7,195.3,79,42.2,46,17181,108
48,54.3,171.7,144,49,50,3667,108
45,78,174.4,69,50.7,71,3212,129
23,75.1,196.4,142,53.6,70,4768,86
58,57.2,176,94,47.8,79,14607,110
33,72.1,174.4,85,37.5,57,18828,105
21,66.7,178.9,130,56.7,56,11589,129
52,76.1,184.5,96,54.3,62,5676,74
43,79.3,155.3,67,34.8,82,9085,130
29,50.4,191.1,64,54.8,50,6688,99
28,88.1,171.8,103,59.2,72,6511,124
54,85.7,153.6,159,49.1,72,16640,86
42,68.3,189.3,174,38.5,69,15466,41
35,52.6,168.8,151,48.2,49,2685,121
36,87.7,155,173,40.3,59,2684,61
40,97.8,181.7,126,50.3,53,17001,32
55,62,194,162,46.3,46,10532,39
35,66.2,194.4,131,57.9,53,14891,79
43,59.2,197.9,138,48.5,70,2733,80
23,78.8,193.4,176,36.4,67,3496,120
21,57.7,150.1,150,51.8,72,17154,167
46,67.8,169,108,39,50,13146,46
51,84.9,190.9,174,38.2,48,7450,57
34,78,168.3,95,41.8,74,6635,169
33,69.3,180.1,139,30.4,62,13227,79
19,71,180.3,85,59.1,74,16023,44
51,78.1,168.3,104,46,71,8303,77
25,50.3,195.2,120,53.2,75,12671,169
30,53.9,175.2,103,37.7,83,19803,68
59,94.1,173.2,63,52.4,74,12181,127
25,53.9,199.9,135,47,81,6710,172
47,85.3,174.7,140,42.7,56,10679,121
49,96,158.9,117,59.1,61,15500,153
53,63.5,175.7,164,44.8,78,3441,128
47,68.5,190.7,167,49.7,72,4390,124
18,78.4,188.8,85,30.5,48,3384,114
56,94.1,189.4,154,39,78,15136,75
34,97.1,185.4,138,56.7,58,6396,15
37,87,162.7,175,52.8,57,3391,23
41,54.3,193.1,157,46.1,47,18652,166
39,83.5,194.7,88,57,65,11716,115
46,70.5,159.7,68,44.6,60,17568,163
39,73.5,156.5,137,47,82,10669,27
26,52.5,198.8,95,41.5,70,6271,13
54,59.6,193.4,63,48.6,50,18622,66
27,89.5,194.7,118,39.6,62,17228,128
53,72.7,194.3,161,41.6,50,16256,62
54,65.1,177.1,179,59,69,14779,111
45,69.2,182.3,96,33.3,68,16434,34
45,92.7,177.3,147,33.2,74,14732,171
59,87.4,152.6,140,31.3,67,7093,153
38,63.6,187.3,72,39.6,52,8438,103
41,55.9,175.3,79,41.9,53,14729,136
59,62.6,182.4,76,32.8,50,11943,133
57,96,175.1,110,46.5,77,4333,45
19,79.1,174.6,150,47.5,77,6386,165
25,76.7,158.6,114,52.5,51,14655,81
44,79.8,163.9,92,59.3,62,18316,62
39,68.3,157.9,80,48.6,50,10359,179
54,90.4,159.8,140,33.3,81,16172,88
44,76.2,198.6,81,32.7,65,5542,107
46,55.8,157.7,84,53.3,70,17529,156
20,56.5,163.5,126,49.5,59,10054,53
30,76.8,179.5,150,34.9,74,8914,39
27,96.8,180.5,150,37.6,55,9513,83
53,65.4,157.7,169,52.5,52,10269,126
26,93.5,189.7,71,47,49,13090,164
44,88.2,189.3,74,47.6,52,3108,93
51,62.4,161.9,161,36.3,49,3224,82
18,51.8,164.4,143,48.9,54,14876,43
49,55.1,196.9,145,53.1,59,17097,136
42,86.4,191.3,61,56.6,82,10756,94
46,60,184.9,63,52.1,47,4859,161
24,68.6,154.1,104,47.3,54,16628,65
20,75.1,170.9,72,50.2,51,14581,16
37,86.3,178,114,44.6,68,10300,60
37,55.7,159.4,91,36.8,70,4412,145
47,70.3,172.4,81,56.5,78,4647,67
52,74.3,180.1,148,46,52,15805,94
52,77,166.4,150,47.8,83,5338,78
56,90.9,189,114,59.7,49,7804,17
44,58.6,192,76,59.6,80,14392,161
43,90.4,166.2,129,47.6,70,12448,179
31,84.6,191.9,166,31,54,5417,63
34,77.8,155.2,110,41.9,77,18395,153
35,85,191.9,139,58.1,80,19258,141
46,70.6,157.6,67,38.6,75,9303,68
37,56.9,154.1,120,60,82,19267,103
44,83.3,182.1,156,32.5,69,6650,55
35,76.2,173.6,69,47,57,14177,103
21,82,195.4,157,45.5,45,15747,108
18,66.9,168.2,78,37.7,80,16182,22
18,95.3,164.4,73,58.5,80,9008,46
43,79.4,175,126,48.6,68,15276,84
37,54.3,172.8,114,36.9,71,11771,67
40,72.5,167.2,120,41.5,62,13963,28
27,87.8,184.7,115,51.6,59,10162,155
28,89.7,188,122,38.9,61,16849,154
58,74.7,192.6,164,56.4,73,5487,148
58,94.7,198.6,146,35,49,12038,152
22,63.4,163.3,163,37.9,55,9537,117
18,70.5,185.8,70,34.3,60,4390,154
34,94.9,169.7,106,33.1,78,6030,99
39,94.8,183.9,65,39,61,9492,129
51,84.3,173.8,93,60,77,5438,14
58,92.9,199.7,124,32.8,75,4383,141
46,54.4,186.4,158,36.4,62,5367,65
21,93.2,197.6,148,38.1,69,8167,113
22,66,191.7,123,48.6,49,15172,57
28,58.9,195.1,152,52.4,74,3465,57
38,62,190.7,146,52.6,67,5483,172
52,70.9,173,141,30.3,82,18957,118
29,62.6,162.6,137,49.6,62,2774,170
43,66,168.5,140,48.9,76,16677,109
36,56.7,151,125,45.5,74,5930,30
24,64.8,176.2,90,41.4,73,4220,111
24,78.6,175.3,142,53.9,80,3439,14
43,72.1,176.3,155,40.3,53,9424,158
57,67.3,198.7,121,36.9,67,10905,98
22,87.3,195.6,113,39.3,47,8700,83
38,94.7,158.1,151,43.2,66,7510,131
31,87.8,168.4,164,36.4,84,13173,169
21,66.6,171.2,67,48.2,75,18453,155
40,87.2,168,101,56.5,66,13956,67
59,57.6,189.9,100,47.9,55,15130,107
37,56.5,176.2,118,43.4,47,16582,88
32,67.3,178.6,99,53.9,58,12937,161
46,90.4,192.7,162,52.4,63,10934,14
25,62.3,190.3,81,41,75,8728,136
58,53.2,156.6,83,48.1,80,8870,105
36,56.6,185.7,97,51.9,76,6242,142
56,92.9,171.8,61,37.4,70,11871,131
45,81.7,164.7,100,41,45,11906,178
44,62.7,152.5,164,33.2,46,19581,107
21,77.8,174.4,78,59.6,50,18205,144
32,76.4,167.8,164,32.6,58,10086,99
52,82.8,162.6,61,35.1,72,13408,138
54,61.7,184.7,151,44.4,77,5193,61
18,93.2,188.5,155,56,69,10218,107
20,65.5,162.2,121,40.7,84,7220,35
41,84.7,152.5,142,53.1,62,8531,130
44,50.8,192.4,75,50.3,78,19474,21
57,68.6,150.5,153,49.2,56,2141,79
53,67.6,196.9,81,55.4,71,18650,93
51,77.2,181.4,73,30.4,68,9719,28
46,53.6,166.1,175,57.9,77,10680,141
41,89.5,162.3,115,54.9,59,10687,105
41,60.9,150.5,124,58.1,76,18863,14
59,83.9,161.8,104,53.8,61,4690,130
21,90.2,156.9,113,56.4,79,17849,137
20,78.1,180.6,125,36.1,79,14288,63
51,87,158.3,145,39.6,57,4427,27
40,83.1,176.4,105,39.5,53,10064,73
40,67.8,179.5,92,33.3,54,5215,147
22,90.4,164.9,138,51.9,45,5911,32
48,64.7,151.8,109,34.1,78,2649,129