age,height,weight,heart_rate
39,175,99,112
36,157,112,168
25,180,66,133
56,154,89,118
53,194,59,170
33,162,81,142
48,151,82,114
59,189,61,159
37,182,113,123
45,198,74,171
28,167,84,147
46,185,112,85
38,178,71,98
18,174,99,96
38,179,75,85
34,196,107,87
26,185,74,92
19,187,96,100
20,178,52,120
44,189,62,148
38,177,54,91
24,179,90,132
56,159,107,174
58,199,78,142
21,157,82,175
43,186,59,157
28,151,110,112
54,198,69,108
40,159,99,169
35,188,79,106
26,168,86,115
19,160,92,85
28,157,79,92
39,182,51,127
24,166,51,127
21,193,73,173
55,170,80,87
42,174,55,89
48,156,71,109
29,192,107,88
54,197,89,134
42,179,63,128
41,176,75,173
20,158,58,112
20,180,95,155
44,167,113,131
56,187,87,124
36,170,83,144
49,195,79,144
27,198,97,108
22,164,62,145
47,193,57,157
52,194,66,106
19,162,65,91
48,164,57,115
28,189,75,97
32,195,115,142
39,172,95,134
28,165,50,132
32,190,71,136
33,165,67,152
59,158,91,160
43,183,57,138
57,161,97,167
20,165,87,121
47,189,102,170
51,158,68,111
23,188,78,147
25,160,77,165
25,165,60,93
53,184,85,115
49,171,88,178
53,193,76,128
21,199,97,113
34,161,54,109
31,151,110,109
20,165,100,112
58,156,74,179
38,181,101,119
21,195,83,131
56,199,93,170
36,160,117,152
59,197,92,150
29,190,93,172
34,174,71,126
57,179,62,103
50,194,57,96
56,170,55,88
19,181,118,99
19,172,75,90
54,174,60,87
36,162,61,145
54,178,56,163
38,189,82,95
28,167,54,116
47,199,83,156
58,183,92,97
23,182,53,168
59,167,70,93
36,151,83,104
37,190,91,107
40,191,118,136
51,154,67,106
26,154,107,97
56,189,104,177
54,171,106,140
50,193,73,177
47,157,81,102
34,192,89,127
24,169,110,128
58,168,106,80
22,152,72,90
52,199,52,90
49,159,76,124
39,152,112,158
21,170,87,81
38,159,62,117
40,174,104,166
31,187,111,80
38,164,59,118
40,191,100,155
45,179,92,112
22,174,102,105
48,175,88,94
35,185,55,90
47,174,97,155
52,180,118,169
23,190,116,129
24,160,87,155
51,153,101,104
42,191,92,85
21,161,117,105
39,157,64,134
20,171,63,142
55,159,55,114
52,187,117,156
59,176,67,161
23,160,57,148
37,170,107,115
45,189,55,92
41,188,62,144
56,150,108,178
44,167,87,145
30,171,75,169
57,171,75,108
51,195,106,98
45,168,83,161
58,156,59,179
59,195,79,120
36,167,95,110
40,181,83,160
34,156,57,95
52,198,111,90
31,168,52,153
24,187,89,163
40,192,60,84
59,180,52,134
44,185,90,126
57,157,118,156
43,161,113,111
20,174,56,134
50,176,69,179
40,155,97,84
57,156,79,134
52,170,85,177
25,171,57,80
29,177,84,146
41,194,101,154
21,169,62,153
45,172,65,155
40,199,91,125
57,155,60,129
22,159,63,160
31,195,53,147
29,167,65,178
38,191,79,138
46,151,81,177
56,190,89,121
26,189,103,151
57,177,69,111
44,175,115,131
36,165,53,172
33,181,89,134
27,197,73,132
57,197,63,102
23,166,89,146
53,170,64,133
44,168,115,131
59,174,76,87
21,151,98,115
57,161,90,86
20,165,54,123
29,150,85,98
34,152,93,139
25,152,112,159
41,161,56,137
39,162,56,120
32,185,56,121
36,179,119,111
29,161,86,171
53,194,115,106
51,184,106,133
25,167,78,135
25,187,115,171
54,175,85,140
42,151,112,147
57,194,91,141
24,178,77,179
26,180,68,155
18,155,77,150
40,176,95,137
44,194,82,104
19,154,101,143
55,190,100,169
55,183,72,82
37,171,97,178
49,181,57,88
37,154,96,96
58,182,76,147
54,161,86,168
34,174,68,167
23,187,93,82
52,193,90,119
41,196,94,153
41,180,104,87
51,185,68,158
34,191,61,166
23,155,95,139
55,163,103,89
43,198,97,112
25,158,97,87
25,191,114,155
49,199,52,139
43,193,84,160
54,178,79,179
58,185,78,144
57,164,104,134
38,167,86,105
21,176,111,93
23,187,87,107
51,160,91,99
24,170,99,167
19,174,84,123
56,191,64,158
28,181,64,117
33,170,59,100
55,178,75,174
59,194,101,160
41,171,99,128
32,160,91,169
53,172,55,130
37,156,110,141
40,153,91,105
40,155,98,96
30,155,93,146
18,183,95,161
38,166,85,153
51,160,115,142
27,177,68,103
51,167,74,147
40,162,80,100
22,157,67,106
43,160,54,102
56,185,97,86
55,192,115,113
34,173,119,160
40,181,91,117
37,190,107,110
41,182,82,144
19,192,68,103
47,156,113,142
27,157,70,90
38,179,81,172
32,178,53,109
53,166,104,130
36,170,84,138
40,152,99,123
56,164,50,116
28,176,71,110
41,153,72,98
23,191,53,122
46,155,63,131
27,196,70,88
58,182,56,115
38,159,108,158
45,177,102,151
23,157,93,146
34,165,74,97
32,173,52,93
58,173,97,118
29,160,52,137
43,196,116,174
44,155,64,164
26,167,94,134
56,184,119,151
38,152,109,90
46,170,102,157
28,154,97,171
23,152,52,163
18,194,50,116
32,181,74,124
19,159,64,92
43,151,76,167
20,174,116,149
22,167,58,92
21,183,106,170
28,189,72,176
40,163,119,164
31,154,64,133
40,165,66,113
46,175,50,80
49,162,115,120
21,190,101,177
19,152,71,134
41,181,94,123
22,166,89,86
41,170,53,93
59,178,75,145
47,184,113,135
54,193,53,155
41,155,116,89
56,166,119,135
18,161,99,174
33,194,98,141
48,179,119,157
49,192,82,137
26,154,116,163
35,171,102,111
46,172,95,95
21,179,62,154
41,171,85,97
28,197,53,146
27,172,112,134
23,191,81,123
45,170,102,149
51,151,84,85
38,190,88,165
39,172,99,102
29,157,60,114
30,195,50,95
26,183,107,155
48,171,87,106
55,184,78,108
29,188,115,124
40,160,118,168
31,189,109,176
50,150,104,176
39,178,61,172
38,180,90,125
54,190,100,145
57,199,107,160
52,168,101,171
44,170,88,123
51,179,60,94
55,188,88,139
18,155,94,109
42,163,63,152
30,166,57,87
34,181,98,123
26,168,108,133
51,188,82,176
38,198,50,81
48,186,64,118
23,171,92,90
32,173,75,112
47,168,53,86
58,186,86,112
45,159,85,142
19,182,93,107
51,160,79,113
58,175,100,135
52,187,75,120
36,180,115,148
47,172,56,178
45,159,74,135
27,155,74,107
51,185,77,128
59,182,69,81
20,188,105,122
41,196,87,101
37,174,56,89
48,190,112,136
50,197,87,148
44,170,84,140
19,190,115,156
21,188,83,139
54,184,115,138
58,165,63,179
36,165,83,122
31,166,79,175
56,177,65,91
26,151,82,90
55,160,62,141
49,152,102,113
33,153,73,118
48,186,73,94
46,156,93,168
59,188,74,110
40,195,88,139
51,163,90,89
49,188,107,106
50,185,100,129
23,185,90,113
23,170,99,81
59,174,86,146
39,174,116,100
39,192,81,133
27,184,93,133
45,181,92,80
35,174,65,148
22,183,70,177
47,187,93,97
29,185,90,164
24,173,117,145
39,189,50,150
26,157,114,152
29,157,73,169
29,173,100,136
21,150,50,179
43,193,66,151
46,172,85,122
48,187,74,153
35,195,70,128
54,183,57,152
32,176,76,174
59,162,90,81
44,156,63,177
58,150,92,174
29,160,88,82
34,176,59,145
56,171,106,120
39,151,98,118
50,161,106,95
20,161,91,138
23,193,78,102
52,187,97,95
34,194,77,168
21,163,104,88
43,197,90,149
20,168,54,136
35,168,50,115
32,157,85,173
53,196,54,104
41,163,118,165
39,192,64,154
54,172,111,147
18,191,52,170
25,176,62,145
38,164,66,141
56,186,63,93
49,167,117,117
47,196,106,91
59,195,109,103
56,178,107,131
32,172,50,144
39,166,92,163
28,164,66,115
48,161,55,156
51,170,73,113
57,195,105,125
58,152,76,176
38,188,88,83
34,164,83,174
51,189,90,130
25,177,105,111
55,184,57,129
24,162,88,116
31,188,92,142
53,175,72,143
44,183,54,98
20,169,79,96
20,179,90,148
34,152,50,164
25,178,118,82
20,178,95,142
52,192,77,151
46,180,66,132
20,187,62,97
54,192,66,135
24,156,84,93
46,164,80,122
28,161,69,111
34,152,101,83
45,199,93,140
33,177,117,110
56,162,74,101
42,169,62,101
52,176,64,133
21,164,73,128
42,157,93,154
21,199,101,81
48,191,50,129
51,181,61,101
19,188,59,82
31,190,109,84
51,182,85,85
41,168,65,162
24,197,117,151
43,190,95,93
27,185,114,121
53,167,70,142
44,193,118,171
55,157,98,114
22,189,89,82
45,162,87,168
33,186,101,85
55,188,90,82
44,176,86,106
30,180,78,90
31,182,115,136
44,181,60,101
54,166,57,152
32,169,79,169
56,192,79,89
29,183,58,114
18,176,60,178
33,158,96,133
48,173,99,105
57,189,85,117
40,190,52,177
52,154,58,108
52,166,59,109
23,167,85,127
50,199,50,123
24,188,82,133
46,161,97,142
42,193,102,171
57,175,51,141
29,198,116,154
36,198,79,171
28,198,111,135
47,160,107,131
31,185,104,156
43,187,100,172
18,168,114,161
29,185,108,147
47,166,65,106
28,184,73,113
18,182,95,99
37,158,51,124
59,172,53,128
21,162,91,160
51,155,100,178
33,164,71,116
37,163,117,123
37,167,90,142
38,150,67,131
19,168,117,151
35,169,109,136
53,165,55,140
31,157,61,165
19,173,75,84
58,176,118,122
52,198,116,100
56,183,76,154
59,164,101,154
31,183,89,94
52,180,92,160
34,184,88,173
35,151,109,176
52,192,105,168
26,191,51,142
34,172,83,127
19,179,119,167
54,180,103,84
27,169,113,167
37,190,85,172
42,154,61,115
47,199,101,176
45,192,112,131
53,189,53,118
57,156,57,139
45,178,68,81
34,157,107,122
29,198,62,103
27,172,65,169
18,168,93,178
36,154,112,96
51,182,63,167
58,195,52,168
19,170,83,103
39,188,54,104
20,161,63,128
49,157,103,179
46,182,73,103
44,150,64,145
56,166,56,157
44,175,96,133
47,187,78,96
35,188,114,97
32,164,97,87
41,165,112,157
22,180,57,119
34,156,73,120
24,172,104,102
18,168,113,140
46,157,54,137
32,172,72,166
20,162,57,105
40,176,58,168
53,192,111,139
44,153,108,84
36,188,81,147
43,157,102,99
39,154,63,161
22,178,57,128
59,156,112,114
29,196,103,88
35,165,53,171
52,195,116,121
20,182,107,125
51,178,109,112
41,183,104,100
35,162,75,104
30,185,56,150
34,152,103,131
20,171,95,169
58,189,111,171
37,197,82,136
46,179,95,123
38,172,112,128
30,183,105,106
32,185,114,86
30,171,107,121
32,180,68,126
57,174,104,86
19,157,94,146
20,188,118,172
55,151,80,156
55,159,69,141
28,187,105,96
54,196,105,102
49,196,78,176
29,178,99,153
18,163,87,83
56,184,90,119
31,186,89,178
23,160,65,167
25,150,79,152
44,197,109,177
51,180,71,117
57,158,77,86
44,162,82,86
56,152,95,157
21,158,53,169
47,192,51,166
53,194,112,99
24,165,83,143
38,165,70,154
25,182,88,115
31,155,80,131
22,184,114,124
30,168,116,105
57,153,115,123
50,191,51,88
50,179,97,151
31,174,63,143
49,168,56,140
48,199,54,120
26,194,104,128
32,164,116,92
49,160,60,159
58,178,96,162
46,165,71,131
24,185,93,175
32,171,93,155
18,155,102,90
44,190,108,151
45,169,56,114
30,154,94,147
51,171,81,96
32,165,89,122
53,169,84,92
33,165,112,173
23,174,98,82
20,182,64,97
39,199,106,141
20,180,113,172
54,187,96,162
57,166,94,172
57,184,96,150
36,165,112,99
45,168,73,175
52,154,55,121
28,158,101,172
40,176,50,91
19,198,71,126
55,151,78,119
50,177,59,134
43,165,79,103
42,177,77,126
55,178,93,100
58,192,71,148
29,199,53,161
58,155,71,148
52,169,80,122
51,191,87,124
53,194,91,109
44,163,117,96
28,175,101,123
18,154,69,121
36,198,65,89
22,185,97,115
23,191,92,138
50,178,117,139
34,175,64,90
30,163,54,89
31,184,99,113
21,193,117,166
19,171,107,114
47,179,104,148
41,188,50,136
29,183,108,114
52,181,75,94
45,178,64,158
31,199,77,154
50,184,118,125
20,157,109,127
20,194,57,158
50,184,50,141
46,175,83,133
19,198,113,163
57,153,103,92
31,165,105,117
24,192,111,126
21,185,112,107
30,151,71,81
35,197,99,81
24,152,62,124
33,190,107,170
29,177,76,110
31,155,91,101
23,177,116,96
53,178,103,104
30,186,59,144
29,169,97,173
29,188,51,86
36,156,86,116
56,161,79,86
29,150,104,117
44,177,110,80
52,173,94,91
22,183,115,166
56,187,70,99
39,164,113,159
29,166,100,103
32,187,90,115
23,184,73,163
56,198,59,143
53,169,62,110
37,185,99,105
56,164,76,95
40,191,92,152
28,173,83,148
47,166,64,121
56,183,78,156
27,177,103,155
56,189,97,108
46,192,100,129
37,165,82,146
32,164,83,137
57,170,54,150
58,166,95,128
53,186,81,130
49,187,51,145
20,172,78,130
27,197,81,93
50,192,114,154
50,178,92,166
25,150,79,131
18,175,115,132
56,197,52,90
58,194,67,118
20,174,70,151
43,178,112,95
29,159,55,97
27,175,99,124
26,188,80,102
29,159,82,156
28,151,58,129
59,166,114,81
59,150,74,177
30,160,85,81
25,166,95,144
27,172,119,150
56,183,53,177
55,191,90,164
21,156,52,123
20,158,76,173
48,157,96,119
25,179,68,146
47,156,119,107
33,168,81,88
51,176,56,88
35,153,105,128
46,190,117,154
46,160,105,112
47,150,95,96
38,153,76,124
32,198,119,135
51,199,60,146
19,184,54,112
19,195,115,173
33,152,73,80
46,187,51,110
22,199,60,91
19,195,100,108
52,197,109,84
37,162,56,135
30,196,74,162
50,197,100,161
29,150,102,85
39,181,62,171
55,183,61,84
41,181,80,164
55,152,71,84
54,196,96,100
32,199,116,144
23,188,91,161
31,182,72,126
42,193,115,116
18,187,78,96
24,152,92,103
54,195,53,135
52,160,91,81
33,195,77,83
25,187,91,125
49,169,95,86
30,188,53,87
43,150,80,84
47,152,96,143
38,152,81,157
48,193,75,171
42,185,69,113
49,164,112,80
27,164,115,142
44,168,60,159
19,150,112,159
52,156,83,136
29,186,83,178
51,192,99,122
30,199,50,95
50,164,68,157
30,168,94,172
57,180,98,104
52,183,87,95
47,190,69,80
19,183,55,98
32,159,115,82
35,195,100,133
34,152,96,164
54,199,79,92
33,199,107,99
33,169,67,178
49,186,106,139
48,152,116,167
40,187,53,138
28,163,117,142
56,174,108,115
46,183,108,91
27,167,51,96
19,171,102,121
56,176,56,137
43,195,64,144
45,160,52,158
39,175,83,127
45,195,77,88
36,189,68,143
30,170,106,119
24,196,90,163
25,150,113,103
25,172,110,94
43,155,113,140
30,160,71,87
29,165,53,93
41,154,80,138
53,188,98,142
43,178,64,141
58,163,91,145
53,169,77,160
55,167,110,103
54,184,109,169
24,189,69,161
58,180,88,155
46,172,113,111
45,185,92,144
57,160,117,139
21,195,111,107
57,196,56,90
34,188,100,113
48,179,101,136
24,167,72,81
42,151,71,153
46,161,83,165
52,170,72,85
45,157,88,178
48,169,94,130
58,162,105,156
54,190,102,135
28,159,63,148
18,188,86,129
37,169,105,126
45,182,56,169
52,189,69,119
26,178,115,178
48,193,88,142
35,154,117,154
38,172,71,158
31,192,68,127
56,161,73,82
38,164,87,88
19,177,115,165
45,168,69,81
58,183,111,96
52,186,110,160
23,195,86,84
25,196,80,129
51,168,104,95
48,160,83,96
20,156,63,132
19,188,91,166
28,191,60,168
18,168,80,175
57,186,83,142
36,151,108,116
54,169,55,122
36,195,74,82
21,189,111,116
38,187,74,91
35,174,119,148
21,160,69,101
31,154,51,106
27,195,106,109
35,167,94,130
47,196,76,114
32,189,94,167
22,177,71,165
28,164,81,148
23,187,61,87
24,162,84,92
38,196,81,177
31,172,52,127
34,150,85,86
51,153,88,170
18,190,113,148
26,157,100,112
55,184,84,125
51,169,94,142
32,188,74,94
57,163,87,145
40,168,101,92
46,176,105,146
25,195,115,154
19,157,69,171
22,160,117,130
58,177,116,161
26,186,70,87
58,195,114,104
42,153,87,170
36,160,76,111
22,152,112,85
45,158,64,114
50,188,85,117
56,151,109,166
48,152,57,82
57,158,96,169
19,196,86,104
53,154,109,100
21,166,76,156
25,187,102,150
39,174,99,169
21,165,101,101
47,183,119,176
19,168,84,82
45,163,75,108
34,175,53,135
43,169,93,93
24,176,83,132
54,159,85,167
43,159,95,120
59,168,57,123
30,188,114,147
24,161,102,142
32,157,69,88
33,193,84,143
48,151,94,114
47,161,66,86
21,188,59,117
19,195,57,132
18,181,94,106
43,166,116,118
30,158,97,157
46,182,112,89
43,162,92,90
46,187,58,130
55,181,91,152
32,189,84,137
22,181,117,172
26,181,113,100
27,154,98,146
20,199,99,170
53,192,77,86
19,171,115,106
46,188,99,103
39,161,61,92
26,185,119,162
45,199,70,176
51,190,99,164
59,175,66,140
33,197,93,83
57,159,81,109
28,189,51,150
19,169,107,168
20,151,93,139
55,152,66,128
34,172,88,103
44,157,114,154
30,166,55,151
19,199,78,165
18,157,95,150
58,155,81,123
56,172,105,166
51,191,52,150
33,181,114,174
18,152,62,152
47,168,60,172
52,156,106,112
27,154,87,96
36,164,75,150
49,165,107,113
28,185,103,111
28,181,53,178
58,190,79,80
50,180,55,144
38,163,107,90
41,156,107,84
32,187,119,137
39,185,85,159
23,160,77,123
23,152,104,147
24,180,61,86
22,154,89,148
50,173,90,89
18,150,111,127
22,179,86,100
50,184,113,90
29,181,75,120
36,164,112,175
55,188,94,110
39,181,119,157
30,159,57,130
34,193,117,151
22,194,57,177
48,187,69,81
33,174,109,152
30,191,94,172
25,176,68,164
28,182,67,125
42,160,91,99
33,185,57,92
44,151,108,102
20,179,104,138
51,189,95,93
41,161,66,141
21,187,88,131
42,192,91,172
38,171,68,126
44,163,52,153
39,157,104,127
34,177,70,145
24,191,72,157
23,185,112,121
43,152,64,159
56,185,81,110
58,190,113,82
58,169,71,123
44,152,118,172
33,161,53,106
55,167,61,113
59,173,84,99
53,195,82,130
39,168,61,107
24,153,92,169
22,172,85,156
58,183,117,116
38,173,114,95
42,199,53,165
52,187,96,129
20,151,105,122
46,199,119,147
24,183,61,130
25,173,94,149
49,170,63,87
37,178,72,102
50,169,107,170
40,164,50,164
26,171,57,158
35,157,76,172
55,175,57,80
59,178,101,162
25,168,78,113
18,190,81,116
48,182,68,119
26,195,81,158
54,172,74,116
56,172,92,103
40,195,58,119
29,191,95,94
55,151,92,119
24,161,116,129
43,165,57,113
37,156,90,90
38,177,87,164
37,184,57,93
24,187,103,109
43,154,103,153
22,159,80,157
23,163,101,151
23,188,71,150
52,164,110,83
29,193,105,151
50,183,102,140
40,172,85,142
24,177,101,86
56,153,90,144
32,187,105,160
58,199,94,145
50,181,111,140
43,153,119,146
41,151,87,158
43,177,61,140
28,150,54,173
32,152,116,157
48,164,78,173
30,160,73,159
47,155,112,119
35,153,99,103
50,168,80,110
48,178,113,85
31,188,85,174
23,186,60,165
49,178,91,157
48,150,55,138
21,188,63,87
56,182,58,135
41,164,86,176
36,160,57,113
53,158,116,84
49,187,75,157
52,196,92,119
57,172,102,160
46,193,55,106
38,155,105,110
43,162,98,163
35,190,86,155
50,194,77,106
55,161,52,126
49,164,84,117
34,189,84,108
22,183,73,142
28,160,69,116
36,176,58,169
47,152,62,117
54,180,101,107
52,159,85,115
47,168,66,103
18,153,62,108
38,178,68,173
21,189,76,139
57,198,117,121
37,161,92,131
54,170,59,177
55,175,99,175
27,173,95,110
42,166,53,160
22,172,108,120
50,159,106,129
46,185,100,123
55,161,78,102
21,164,68,115
48,184,100,161
34,169,116,98
59,161,101,164
47,152,98,121
29,190,82,161
27,193,60,113
30,195,86,89
33,175,77,140
56,180,51,152
37,183,95,128
44,170,85,82
28,194,72,156
57,185,112,136
25,195,93,100
32,170,114,133
55,165,63,165
25,172,88,130
27,190,61,163
21,162,106,108
40,165,68,156
30,199,108,88
26,162,56,106
52,164,90,138
57,164,58,93
21,156,71,171
39,190,104,98
59,157,71,170
31,151,107,133
26,156,106,118
35,163,85,159
19,157,107,86
56,191,67,122
19,199,73,81
30,184,68,100
57,186,60,104
21,182,55,159
39,180,108,105
25,150,50,81
46,175,66,116
43,168,117,93
27,153,53,91
59,198,106,140
26,154,75,167
47,187,102,95
23,198,53,165
43,189,54,160
19,151,52,116
26,190,69,112
20,177,67,93
42,197,96,139
58,160,67,136
35,155,71,93
40,196,106,158
48,151,106,96
24,151,59,154
47,178,50,177
38,180,61,125
29,168,108,149
25,184,101,130
42,172,58,136
22,150,108,85
35,158,72,104
38,188,59,164
29,188,89,160
25,181,113,122
41,162,89,117
21,182,91,139
50,179,55,167
40,150,99,110
31,151,103,123
23,195,51,82
58,151,68,135
42,163,110,110
51,198,93,80
50,198,114,115
56,176,64,109
51,153,94,131
48,186,72,170
29,175,57,90
26,182,64,83
22,188,88,115
31,167,73,96
54,162,89,112
41,165,116,115
59,163,103,163
53,197,95,140
51,160,70,81
36,197,103,135
48,183,89,170
41,154,57,123
46,162,73,143
58,184,118,92
28,155,65,124
22,158,84,142
53,167,85,97
42,152,87,165
24,180,58,176
31,178,110,118
29,160,116,106
35,172,92,97
35,197,57,134
25,178,50,120
18,163,74,116
54,150,102,162
39,174,90,115
56,158,76,170
55,159,52,151
30,196,69,169
44,175,111,134
33,156,66,140
48,170,59,162
34,196,77,162
44,189,115,86
54,170,87,121
50,186,52,174
38,158,56,127
58,176,50,149
56,153,117,140
36,176,105,109
31,175,79,119
31,186,96,132
52,181,65,143
30,199,91,118
25,159,116,145
52,198,91,138
41,172,114,85
47,186,86,112
26,173,113,93
30,197,60,168
54,173,91,175
28,182,95,155
31,186,64,88
26,163,90,84
37,181,59,96
47,186,111,93
39,198,50,84
21,195,90,168
24,171,78,100
54,158,71,148
47,180,51,112
54,177,66,160
41,158,58,88
21,184,57,86
20,173,64,89
42,150,63,139
41,160,87,99
24,174,87,106
25,154,73,116
18,155,116,174
26,176,73,165
20,163,54,84
48,171,85,98
49,162,75,89
50,160,55,163
28,188,56,151
47,153,52,112
32,177,80,87
30,157,66,102
49,168,66,154
35,198,71,111
45,165,116,99
55,188,114,84
52,196,110,149
52,171,82,100
58,165,51,152
28,166,53,93
36,175,101,144
18,179,98,81
54,182,116,173
35,191,90,90
38,181,58,142
21,179,64,87
27,186,76,90
23,195,78,94
27,184,82,123
20,169,61,178
50,154,106,140
19,157,94,135
46,197,83,145
58,198,71,128
36,187,90,168
45,198,87,80
59,159,106,113
26,178,56,179
44,176,80,146
26,179,87,165
52,188,66,116
56,170,92,144
47,163,89,177
39,160,61,103
19,160,96,163
52,186,74,85
19,197,66,104
39,171,70,116
54,183,60,119
32,164,102,140
21,184,108,156
44,189,107,169
30,174,66,157
49,172,73,98
32,168,115,105
55,198,53,111
28,185,92,143
45,180,104,140
48,184,108,166
30,181,60,107
43,172,93,126
40,188,67,88
26,186,76,178
49,168,74,120
37,155,68,114
28,165,83,146
53,163,61,128
28,167,52,96
18,197,66,116
49,171,61,100
26,172,117,142
35,167,90,90
21,155,103,142
23,187,68,166
58,181,90,152
29,165,63,169
20,186,84,134
22,192,80,91
53,191,95,166
37,160,118,125
23,172,57,119
25,178,64,93
55,179,69,146
25,184,68,162
53,165,113,179
54,168,68,151
23,156,109,140
34,157,101,148
57,191,109,98
35,159,51,160
18,182,91,91
24,194,63,164
29,189,58,154
20,153,69,175
27,188,117,170
27,189,75,85
57,190,70,98
50,153,63,120
27,175,69,126
36,185,76,179
51,166,83,179
22,177,108,121
36,162,73,151
48,175,62,109
27,194,95,179
32,155,50,158
33,198,56,103
22,153,89,162
52,175,99,118
51,182,112,85
34,173,83,96
42,185,115,176
58,165,118,149
43,154,70,122
41,174,90,124
31,156,58,163
55,173,56,153
40,174,112,85
53,165,52,85
20,196,112,144
32,178,87,154
39,173,105,144
58,167,81,127
55,197,91,127
42,196,94,176
52,199,119,169
28,173,95,124
21,166,55,177
50,197,54,159
24,187,84,160
56,158,59,116
23,156,78,174
58,190,93,154
39,182,54,150
55,157,66,135
51,181,73,173
22,161,113,88
24,186,69,155
35,182,86,103
20,192,109,81
23,154,61,168
46,153,61,167
54,194,112,173
28,153,59,128
59,158,90,81
26,161,99,176
35,155,103,139
46,193,118,87
56,152,92,134
41,180,65,168
20,195,110,132
50,199,107,178
34,189,98,155
26,167,53,84
24,163,53,98
35,158,117,130
37,175,115,112
50,179,63,153
50,189,80,150
21,176,112,144
49,150,71,130
24,166,58,102
45,158,115,171
59,198,73,171
43,166,69,159
39,189,83,83
50,185,88,173
27,166,78,140
31,184,67,152
59,162,75,83
26,182,83,128
47,166,64,98
20,158,108,174
28,174,63,172
44,181,78,135
39,160,82,162
21,189,75,129
22,167,86,168
48,178,111,172
26,165,75,109
51,180,56,178
29,154,87,170
57,179,69,168
31,174,69,132
42,186,101,116
54,164,97,93
22,174,69,112
38,184,82,178
43,176,65,171
47,184,117,109
48,161,99,178
57,188,114,106
34,173,108,103
41,192,103,80
42,192,65,117
29,168,89,106
55,198,66,174
27,152,62,88
46,194,74,108
58,157,91,89
18,184,52,162
38,158,76,133
31,164,68,155
30,164,89,105
43,172,98,100
58,151,59,106
35,198,98,153
59,169,94,109
35,157,101,125
46,193,57,117
59,172,103,122
27,199,65,172
44,187,76,155
27,198,70,118
39,170,111,144
19,194,68,157
20,190,85,151
18,183,103,127
39,193,104,107
50,199,105,156
59,193,61,87
39,158,60,98
54,190,95,163
32,196,73,112
53,162,67,81
18,179,111,139
34,183,92,118
39,164,50,90
32,192,87,165
33,178,58,86
52,189,119,145
26,165,54,130
18,185,90,151
46,168,77,93
19,176,67,133
58,160,89,83
31,158,80,170
42,197,109,149
29,181,85,160
30,190,65,172
54,168,99,133
54,193,84,123
50,155,108,148
56,172,97,98
22,181,54,102
39,150,53,123
51,164,86,141
48,175,75,134
47,165,70,167
52,190,93,96
19,185,114,116
36,190,98,174
46,156,65,81
50,182,50,160
29,169,114,89
42,191,102,159
53,173,105,95
25,157,84,158
58,193,101,153
22,194,54,175
58,160,51,141
36,199,97,177
21,171,58,98
35,164,62,80
56,150,68,150
23,161,115,175
48,171,70,168
30,190,113,88
19,196,91,91
39,161,110,104
28,198,90,113
20,161,54,162
36,162,113,173
29,199,87,127
45,174,105,105
20,182,84,142
28,191,92,141
54,169,93,127
20,185,74,81
34,174,95,103
35,175,76,113
19,150,60,89
36,184,116,160
28,182,110,165
41,182,101,86
35,180,96,109
25,194,74,153
37,159,62,104
55,154,112,144
52,199,63,82
35,165,100,178
49,167,107,133
58,164,82,171
27,196,117,133
59,160,102,114
26,152,65,177
28,163,52,173
34,169,76,84
48,178,96,167
36,195,106,168
39,153,51,133
37,170,118,170
54,189,96,82
24,198,79,125
52,164,58,174
49,176,68,162
40,183,51,129
53,157,57,94
21,168,74,154
27,199,84,153
54,158,79,124
45,161,52,143
56,160,92,133
59,174,53,132
37,173,81,173
50,191,117,163
36,199,98,163
41,156,117,160
42,170,110,169
53,167,100,147
33,191,96,123
45,159,90,162
43,154,89,87
41,194,90,169
22,154,111,151
32,163,66,167
34,153,81,91
51,158,63,137
45,178,55,119
30,163,54,88
59,150,115,174
47,150,96,132
27,174,57,162
46,194,53,90
23,198,118,80
49,175,51,144
54,174,74,83
39,155,84,103
40,172,62,178
35,181,65,157
54,161,114,82
34,183,81,179
31,167,58,145
48,173,86,158
44,160,110,139
34,151,112,118
26,198,65,123
45,184,112,103
58,151,92,94
26,181,66,148
46,199,52,168
43,174,76,118
54,166,68,118
33,165,64,157
34,174,70,159
48,191,101,80
24,194,114,116
23,151,65,143
26,199,65,81
19,154,79,147
28,163,55,172
52,186,101,172
39,163,83,127
56,163,92,131
50,172,79,158
44,150,101,135
30,164,111,139
58,188,101,154
18,194,55,167
34,167,63,80
52,194,71,106
56,170,61,115
43,166,65,120
45,184,66,160
18,168,59,131
23,169,52,87
53,188,58,86
24,151,112,88
47,153,78,116
58,162,71,148
49,158,107,127
57,194,112,140
22,191,114,89
54,199,86,138
31,155,64,95
50,154,68,87
50,175,110,114
40,197,82,130
49,166,72,96
37,152,52,110
21,163,93,96
51,187,96,112
22,162,63,170
52,180,92,171
46,154,106,129
42,185,50,160
58,153,97,164
33,155,59,106
36,194,112,163
31,165,54,133
40,171,85,93
50,195,81,136
34,153,111,88
18,163,91,167
32,189,52,86
41,181,87,123
25,196,112,157
39,176,73,154
28,173,65,164
49,189,77,179
20,174,72,116
21,182,82,131
27,187,69,101
32,164,106,116
29,179,79,150
26,193,55,153
54,164,94,97
27,187,96,125
52,189,76,176
41,191,108,166
35,196,102,85
58,168,68,130
35,193,110,163
50,169,88,105
47,183,111,94
28,152,82,104
33,169,53,145
43,180,114,101
42,162,58,115
33,162,91,163
26,192,108,126
37,171,60,103
52,177,62,83
47,197,109,98
52,158,67,154
20,173,73,80
21,184,90,96
34,160,52,159
23,195,53,141
43,168,116,154
21,164,111,86
57,181,110,86
53,199,102,169
20,179,105,99
49,160,111,145
25,181,103,141
47,163,62,174
18,192,57,137
27,172,78,91
20,153,70,89
29,155,110,120
31,168,65,147
52,154,74,177
22,156,87,117
34,192,93,161
29,180,109,88
43,161,103,128
19,181,118,80
25,179,86,111
47,196,94,147
27,164,106,106
29,153,119,152
50,164,92,170
27,187,50,101
40,162,95,95
42,171,67,82
49,188,113,138
49,195,60,151
30,186,117,136
56,181,119,168
58,152,95,170
50,164,60,126
28,150,95,150
23,193,84,159
31,185,103,167
46,181,70,126
56,199,82,111
18,194,114,139
44,161,50,175
27,190,110,103
39,199,90,174
45,172,88,120
30,189,100,149
26,154,51,121
43,190,111,168
19,158,100,173
31,159,76,116
30,182,52,80
52,181,89,173
47,194,73,167
25,164,79,125
53,156,96,133
26,174,68,142
22,197,109,145
41,160,59,133
30,194,73,136
44,193,61,162
53,175,92,82
56,151,112,152
30,184,100,124
34,166,64,150
22,187,69,171
52,185,114,105
43,190,50,128
18,193,81,175
48,154,103,149
45,190,56,101
42,160,114,150
28,154,51,93
38,190,98,98
35,192,117,114
39,192,79,148
23,169,112,159
55,160,113,162
31,155,64,103
42,176,104,148
35,180,95,116
50,183,115,177
38,169,109,130
25,175,79,88
41,156,77,151
46,178,96,155
24,184,99,138
55,163,67,172
30,179,107,159
47,151,98,128
46,164,97,118
31,190,78,96
35,166,99,119
31,153,62,108
51,197,63,162
45,170,110,144
49,172,67,170
49,191,72,179
38,179,83,118
39,164,98,136
29,172,97,131
31,163,76,95
28,188,109,80
37,186,83,116
31,177,102,116
20,162,85,169
33,153,94,167
37,172,80,158
25,157,81,150
55,165,59,168
27,170,97,139
47,182,98,147
50,188,62,139
26,195,56,167
44,150,59,106
46,151,96,150
32,167,72,119
34,172,79,84
26,156,101,123
18,160,94,91
34,179,81,159
43,177,66,104
40,181,80,123
54,151,55,86
22,167,112,155
55,158,59,138
36,183,116,169
49,167,74,145
24,152,50,87
48,168,96,93
45,195,54,151
56,164,94,97
22,193,56,171
50,168,54,128
40,168,104,148
27,190,109,117
27,176,110,113
27,188,119,137
24,152,98,100
46,173,87,179
52,181,84,88
27,151,105,92
53,183,62,134
28,194,61,169
27,166,86,130
38,195,105,174
47,181,95,94
39,151,107,111
52,195,71,151
23,190,59,177
24,152,57,158
53,174,58,176
21,166,58,179
59,197,112,119
22,166,99,97
27,195,60,100
27,173,91,154
45,192,75,115
59,197,111,119
35,179,118,103
47,180,68,117
28,151,88,140
38,181,75,138
54,178,94,105
46,159,94,130
31,175,71,141
51,189,110,88
34,187,77,157
49,171,94,129
18,153,89,115
55,156,114,137
30,174,60,102
59,191,57,113
32,154,109,141
58,187,68,132
49,191,76,123
34,160,87,138
23,197,82,108
48,160,65,124
21,171,110,126
53,180,64,80
19,189,114,115
37,166,67,80
36,150,62,159
33,184,104,172
25,172,65,178
51,197,113,119
51,153,89,115
19,183,112,105
32,191,96,139
40,159,110,148
25,166,91,94
58,173,89,119
18,186,100,145
32,196,57,91
29,162,70,123
46,168,57,117
39,180,62,169
30,154,84,113
51,163,111,132
47,181,84,167
45,150,51,80
39,156,69,175
33,191,55,172
23,182,108,165
37,187,80,142
48,173,83,126
53,179,55,109
56,159,93,86
53,163,52,152
42,180,67,104
39,177,50,100
32,187,57,154
38,169,62,173
41,194,87,81
45,175,60,163
55,157,83,100
28,161,71,112
56,173,104,121
38,154,90,148
20,174,100,105
40,189,115,124
59,153,59,97
30,175,114,177
27,152,116,165
38,197,95,95
24,175,70,179
24,191,63,157
51,171,94,93
23,154,98,96
26,184,103,148
23,174,78,147
58,179,56,123
23,191,52,84
45,189,97,130
28,185,99,85
41,176,75,158
38,150,92,92
19,164,108,90
35,170,69,173
56,154,117,157
51,189,57,81
37,180,57,124
34,196,88,167
30,167,115,141
48,189,88,152
30,152,117,173
59,164,51,109
25,160,83,102
21,156,73,126
18,154,111,126
59,198,64,124
31,183,70,176
32,191,76,107
25,184,71,101
56,172,52,137
18,179,92,176
25,161,108,89
32,161,115,110
32,184,70,80
26,182,118,96
54,175,51,168
57,170,93,109
46,165,118,153
21,154,104,150
33,199,71,169
57,199,105,82
44,188,94,120
27,177,100,114
27,158,84,133
36,167,59,108
55,173,77,93
38,176,76,172
41,183,79,159
38,189,107,172
37,166,109,140
41,167,90,113
45,172,67,136
37,180,70,87
59,164,81,173
37,180,87,122
27,179,84,148
20,187,97,119
43,163,97,123
34,193,82,147
34,187,117,95
28,184,116,90
46,170,76,118
47,158,51,145
45,181,105,112
37,199,95,122
55,199,60,107
22,185,63,146
44,171,62,100
35,150,54,103
50,184,106,150
45,180,81,102
34,176,75,170
52,197,73,85
18,196,109,126
24,154,98,155
20,186,114,115
31,196,95,155
49,168,88,177
20,168,79,164
59,191,87,116
28,161,96,81
36,169,108,88
59,173,93,172
30,168,53,114
29,165,86,175
40,172,76,149
20,187,90,113
33,151,66,83
18,174,72,126
35,163,62,125
50,194,108,172
18,195,101,160
51,182,61,154
32,175,67,143
23,197,65,97
37,159,90,136
38,170,98,129
58,164,69,101
31,183,119,96
27,184,85,153
24,159,107,85
56,159,56,107
40,154,94,89
53,175,55,81
20,152,61,156
27,166,74,155
55,197,90,132
20,159,62,122
24,161,63,91
38,197,70,101
59,173,89,114
34,186,85,151
30,198,110,121
35,189,112,115
34,150,105,140
36,167,90,105
56,171,100,173
39,169,111,124
48,155,118,168
49,169,90,153
47,184,112,167
21,155,86,177
43,157,109,97
39,157,82,114
57,159,99,160
34,177,82,144
49,163,89,166
50,154,113,94
35,155,116,137
26,150,51,96
21,169,73,133
48,161,99,110
49,195,71,147
35,185,53,162
47,157,83,134
26,166,81,84
21,174,55,149
37,166,57,102
49,187,102,118
40,198,85,159
51,195,57,138
45,191,107,123
35,184,85,137
49,179,70,147
46,195,107,111
32,164,78,115
55,183,84,167
18,162,98,157
52,175,112,81
38,173,62,162
53,167,77,91
56,161,89,82
49,195,115,161
38,190,100,167
20,162,54,86
24,159,89,97
47,163,58,87
24,197,117,129
25,165,67,119
53,179,66,83
30,152,75,148
18,194,102,90
35,186,102,106
41,186,119,91
59,170,64,141
23,173,87,165
33,179,74,167
19,152,115,115
42,153,61,133
55,166,86,100
55,181,86,161
44,179,56,164
21,181,80,127
28,160,75,143
38,156,96,139
40,171,112,83
55,197,89,135
22,155,109,156
28,162,83,85
44,159,111,80
40,151,60,86
42,190,76,104
43,175,102,109
32,162,79,116
55,184,66,166
48,195,68,91
49,198,63,125
32,188,74,167
40,173,108,159
19,181,58,84
32,198,63,161
56,170,65,126
50,175,113,89
57,153,104,88
35,179,103,127
46,185,80,107
32,160,102,126
56,153,89,129
32,153,57,101
28,180,63,115
53,176,109,109
57,187,92,123
58,169,108,143
33,162,63,155
20,170,84,116
52,185,63,170
42,172,58,96
34,180,88,97
36,157,106,175
43,183,103,106
48,177,94,134
22,156,50,135
24,191,58,127
40,152,80,167
44,196,76,178
36,151,73,96
54,192,97,106
44,156,90,136
57,190,76,172
29,185,87,107
57,179,113,136
55,162,98,148
52,199,75,154
24,159,79,167
35,177,81,109
19,182,96,170
18,180,83,137
59,155,57,117
45,197,64,139
55,174,80,86
22,167,94,118
55,180,108,119
48,168,112,94
58,166,90,119
53,164,54,92
51,178,89,122
58,180,53,125
57,181,91,117
34,159,111,175
56,151,72,130
29,178,60,149
49,155,101,116
44,150,65,136
29,161,112,173
39,150,102,155
34,173,65,129
59,170,80,88
56,179,94,178
52,193,77,103
28,188,115,131
51,181,116,123
40,158,82,156
44,160,94,177
23,163,107,155
59,150,111,143
40,150,88,149
28,161,119,113
53,154,75,87
48,188,100,162
55,187,105,152
56,152,63,105
22,177,75,156
41,173,90,108
52,179,98,171
52,166,68,81
48,181,55,117
25,172,112,136
19,197,110,98
31,196,69,172
47,186,59,120
26,160,61,117
28,177,102,143
54,161,96,134
44,193,91,110
30,187,84,169
59,151,83,123
42,190,93,136
58,197,54,141
46,160,83,91
33,178,64,90
48,181,103,93
30,174,75,164
59,197,83,168
34,167,105,99
19,192,113,88
58,161,53,95
20,193,113,117
57,166,61,110
47,158,88,109
27,194,113,108
49,191,92,153
30,154,59,139
47,194,88,103
29,154,82,120
47,184,74,103
45,193,82,134
40,185,110,121
49,157,93,117
24,164,105,107
36,184,74,145
27,165,79,118
56,187,111,100
19,154,90,110
19,174,63,179
53,168,118,93
18,186,69,106
19,173,67,116
55,159,52,107
50,180,92,80
56,182,109,123
29,187,52,121
55,170,76,155
53,156,51,150
55,186,97,151
52,167,84,169
43,172,110,155
50,168,108,104
47,154,79,88
59,158,78,167
26,163,108,135
52,156,95,158
57,150,75,114
20,155,94,179
40,176,80,153
41,162,94,133
21,169,65,86
51,165,90,93
20,158,77,132
47,187,103,152
28,155,56,103
24,150,95,103
47,166,100,161
33,178,92,85
51,175,81,172
37,189,75,127
42,184,76,89
45,166,95,86
28,196,93,128
49,153,58,144
56,180,101,100
22,174,105,123
23,156,79,117
26,189,109,149
28,199,70,106
27,175,66,153
43,163,50,162
49,196,54,143
24,189,102,119
41,171,59,107
36,170,89,103
36,155,97,140
18,155,66,176
42,165,118,122
55,178,50,171
55,187,119,119
53,181,70,136
51,194,67,126
58,179,98,138
53,156,64,131
53,163,57,164
46,190,62,107
41,195,72,168
19,172,99,95
30,170,95,115
21,152,68,113
20,164,111,93
34,158,113,120
39,186,57,179
39,189,75,178
23,161,95,105
23,154,51,165
53,164,96,151
33,171,64,148
49,186,68,178
42,162,73,91
20,178,88,107
47,151,111,104
34,156,85,156
27,174,118,143
23,178,56,132
46,186,116,94
58,195,100,136
47,179,103,102
36,153,118,160
41,166,115,87
31,159,73,134
55,177,109,118
58,154,104,152
22,176,86,97
20,172,106,163
45,159,110,120
46,154,89,82
51,193,82,101
36,159,71,103
22,171,74,161
45,164,84,147
25,197,63,121
21,178,106,133
41,152,74,117
26,163,77,156
50,179,97,164
55,187,111,162
42,150,103,112
28,152,80,142
24,174,61,102
21,171,117,161
26,196,86,143
55,189,89,157
27,177,109,127
45,156,56,90
23,165,110,158
56,176,96,120
47,173,74,151
48,155,91,129
34,186,101,89
36,156,78,103
53,193,107,160
56,157,87,134
34,178,57,89
55,183,57,131
56,170,65,106
47,154,90,91
32,165,61,80
37,187,51,82
55,164,100,95
46,192,95,80
42,163,66,176
20,158,106,149
32,169,90,97
51,198,95,97
30,194,67,86
32,156,95,150
31,153,67,98
45,162,53,115
33,151,63,105
57,198,53,139
53,180,50,150
26,168,118,161
25,158,67,105
26,160,63,142
54,165,62,156
31,195,53,121
31,196,63,100
50,173,116,159
43,188,112,121
55,156,56,135
26,162,54,103
36,192,109,86
58,165,77,178
54,195,80,91
47,199,107,136
43,179,103,125
33,164,96,131
36,181,99,94
19,167,92,112
52,161,79,163
26,174,92,174
40,192,82,90
39,189,96,157
46,198,58,95
30,198,67,130
25,177,102,178
45,168,116,161
58,162,81,148
32,184,66,148
52,153,60,166
58,160,85,144
27,156,119,174
52,154,69,132
26,164,84,178
22,168,75,165
30,162,97,105
25,183,115,147
32,183,65,101
19,168,111,136
57,199,71,177
38,160,50,112
52,176,96,159
28,159,89,174
59,186,117,120
25,193,64,138
51,159,87,158
42,155,91,118
41,164,104,176
22,172,64,105
55,155,68,152
28,158,118,176
44,187,88,154
51,199,106,114
53,197,72,85
38,164,109,169
34,184,83,85
46,150,81,135
57,198,106,174
37,163,108,160
24,198,63,133
51,188,57,112
30,173,79,145
56,194,56,88
42,183,96,158
26,185,101,136
31,187,53,140
31,163,78,175
27,172,76,157
30,188,50,139
55,168,55,138
41,182,86,106
21,191,112,161
30,161,90,89
28,174,85,178
53,184,107,129
57,166,82,165
36,165,74,93
38,183,90,179
55,161,61,175
53,175,77,143
43,175,116,132
44,154,67,175
54,199,85,85
39,190,92,84
28,186,94,104
50,181,83,160
37,174,93,138
32,190,85,121
24,181,77,135
46,179,99,115
32,195,99,118
39,160,97,163
37,184,93,148
57,180,91,176
58,188,92,107
32,150,62,82
56,184,71,131
27,169,74,132
27,168,101,140
39,185,112,159
21,190,115,134
41,198,102,114
46,176,67,158
20,182,102,127
24,158,93,88
34,163,101,87
25,160,98,115
22,171,99,90
39,158,95,109
39,190,105,132
23,181,57,127
19,151,118,150
54,170,66,177
19,156,106,145
24,194,86,161
22,170,101,161
59,193,107,143
26,187,84,113
52,151,72,121
55,161,117,105
19,170,105,132
28,183,74,132
48,150,62,120
56,168,97,145
30,169,63,151
51,187,68,109
28,164,110,114
49,182,114,106
33,173,114,144
50,161,73,88
50,162,110,172
21,187,67,142
44,180,81,105
18,150,61,81
22,187,88,126
44,199,86,81
31,198,100,128
42,157,105,119
22,175,83,107
51,168,60,166
18,165,103,95
43,153,99,141
25,167,109,139
20,197,58,176
44,154,93,101
18,176,75,106
54,196,80,82
20,165,93,86
26,192,57,154
21,173,115,131
59,183,93,131
26,155,102,84
19,189,56,99
32,161,76,127
37,159,87,172
50,197,85,172
44,179,80,132
40,168,55,123
50,195,70,99
27,181,81,151
44,154,86,83
50,173,118,97
45,160,88,123
29,171,89,143
25,195,71,120
30,181,116,159
40,182,118,161
31,189,50,160
54,155,82,129
23,198,97,126
29,170,75,92
28,150,67,140
48,181,109,101
28,193,87,83
45,161,103,138
32,171,95,137
21,163,76,165
23,172,91,116
25,182,118,90
30,197,83,127
27,164,61,113
54,176,104,172
18,187,113,111
18,175,69,108
38,186,55,85
42,151,71,161
36,181,110,169
51,157,72,124
26,173,70,170
35,188,58,87
48,187,94,101
53,166,64,167
51,175,52,107
43,159,65,90
38,185,59,103
46,157,85,152
32,154,118,162
24,195,75,106
37,188,61,160
39,159,56,166
33,168,59,84
18,195,54,86
20,164,71,86
35,195,95,112
42,172,115,139
21,190,75,151
42,179,59,118
47,184,76,97
42,163,92,110
43,161,51,82
45,178,104,87
23,183,81,159
20,175,114,127
55,177,61,136
52,164,59,119
19,176,52,109
43,168,89,100
46,183,76,135
41,179,50,135
35,185,109,100
46,198,86,164
19,174,63,170
25,162,66,129
32,194,66,95
47,186,99,140
18,183,67,133
38,161,77,126
18,165,118,122
22,164,57,177
26,176,70,135
53,179,85,142
30,150,69,121
19,188,61,111
34,178,98,132
44,151,59,124
49,183,115,149
32,187,54,150
58,175,69,113
24,169,74,111
47,173,91,94
45,153,85,113
56,175,101,119
27,193,92,109
46,198,86,125
39,157,100,95
55,190,67,152
34,155,57,129
40,192,71,110
42,181,57,140
46,170,95,115
31,182,110,123
51,161,88,161
53,169,88,143
59,173,71,107
37,154,117,85
47,175,75,116
48,199,52,136
59,187,64,134
50,178,82,152
51,162,107,155
59,159,104,150
20,185,89,103
42,195,68,130
28,178,74,169
19,198,109,162
52,166,105,111
37,194,58,124
21,151,84,143
46,160,60,153
55,168,59,88
25,193,100,173
39,165,81,173
27,154,60,114
46,177,70,92
43,191,82,137
41,179,74,112
37,161,77,148
45,153,75,172
24,169,113,163
21,150,56,129
59,177,80,176
25,168,53,103
38,193,76,167
31,151,118,108
31,180,86,128
53,185,88,152
55,169,59,131
33,174,88,177
57,192,56,112
37,163,69,95
35,154,86,167
39,172,81,85
57,164,76,166
32,165,87,89
57,193,86,95
57,174,113,94
48,199,58,179
38,198,54,94
24,171,91,174
44,199,74,95
27,151,82,118
39,161,116,145
53,181,107,135
18,188,111,94
51,199,93,136
52,162,119,115
43,183,103,154
34,194,95,134
24,167,108,157
33,184,101,152
23,171,96,125
38,191,111,107
59,169,51,105
38,194,99,177
25,181,101,119
29,154,57,103
30,164,116,154
48,157,78,127
18,163,114,82
43,151,66,131
53,160,60,132
54,180,99,121
33,153,81,115
22,164,71,150
33,161,64,171
57,157,104,174
54,191,99,89
18,192,58,122
50,176,113,84
32,160,60,120
21,160,101,118
34,189,117,173
35,183,76,138
35,173,106,100
37,190,56,143
56,163,112,154
20,169,101,147
26,155,104,108
40,153,116,128
21,195,53,82
52,179,87,95
44,191,83,170
48,198,92,104
32,154,89,106
53,198,71,152
46,156,79,80
19,164,65,144
28,167,88,176
19,182,107,107
35,164,90,104
36,185,65,107
35,184,54,80
30,190,97,97
24,173,87,144
32,152,58,164
41,166,113,105
54,161,115,171
45,156,50,177
54,157,73,137
45,159,106,162
18,191,56,169
46,167,85,102
59,185,57,97
20,167,89,143
42,167,62,100
29,187,59,167
35,151,71,82
21,182,63,178
53,172,94,171
24,197,115,104
58,199,72,179
51,172,118,171
19,154,79,130
54,167,62,133
50,185,116,130
25,184,87,162
49,163,77,148
59,174,105,107
18,160,118,81
39,171,111,160
34,169,52,129
44,179,118,167
38,151,51,151
46,167,94,110
55,184,55,109
41,179,52,168
25,180,109,158
54,181,116,99
34,173,91,122
28,155,102,152
41,155,71,123
56,157,117,81
35,175,101,83
18,172,98,132
25,178,110,154
54,151,55,156
23,161,109,157
55,164,78,131
39,158,110,128
59,199,118,136
45,179,65,132
57,196,69,172
42,171,80,141
31,168,69,108
20,162,52,81
44,151,107,173
59,154,95,111
45,183,61,137
38,158,82,171
19,151,96,99
46,192,88,117
47,156,118,166
28,194,80,178
33,173,69,141
47,189,68,94
51,182,97,172
47,151,70,129
44,156,80,113
30,163,111,134
38,166,63,118
33,165,61,93
28,180,87,122
18,150,63,121
49,154,70,166
35,158,98,83
50,165,105,144
25,166,69,148
19,168,66,148
25,191,103,85
37,155,60,132
35,183,82,141
41,189,70,148
56,195,103,81
42,197,64,143
51,161,107,101
40,199,108,159
56,172,88,131
48,175,112,136
38,173,82,100
29,161,117,173
34,164,85,104
34,170,101,167
39,153,116,164
46,172,115,88
47,174,96,164
24,195,99,152
36,197,103,162
31,193,61,126
46,152,75,94
40,151,106,89
53,158,78,178
42,171,87,106
51,164,95,100
25,179,111,161
26,180,65,132
22,151,110,164
27,194,105,119
59,198,68,138
42,196,81,133
20,154,70,116
29,191,52,152
22,194,102,167
57,172,52,169
43,166,89,142
57,151,54,122
24,156,65,150
34,151,57,141
20,173,82,170
22,159,119,128
37,186,52,159
19,150,98,93
27,179,99,175
28,180,98,101
32,187,76,130
18,197,66,153
45,188,79,154
37,172,75,131
40,187,82,94
27,164,78,117
49,188,91,144
26,171,65,140
30,176,78,142
27,183,76,96
56,154,55,155
38,186,56,177
21,174,70,122
24,171,96,104
53,156,79,170
30,199,83,86
24,185,115,141
49,165,57,124
25,153,63,134
21,158,97,164
19,151,74,135
29,190,110,147
28,195,116,152
33,185,98,86
35,174,97,90
20,177,77,85
52,150,112,173
56,175,112,92
51,157,103,84
24,166,78,178
21,185,105,119
38,154,53,155
54,185,75,134
22,170,100,140
41,158,53,130
32,169,104,162
29,157,116,134
18,176,115,138
22,193,94,169
28,167,50,106
40,181,106,174
23,184,99,177
32,171,104,135
24,176,88,169
27,194,99,163
20,197,106,98
48,194,97,109
57,173,113,125
56,151,105,144
42,172,117,179
30,153,112,173
20,174,103,126
39,178,108,82
18,181,72,89
58,176,108,141
55,166,61,171
41,174,70,154
47,167,99,93
48,172,116,170
18,172,109,114
25,151,114,88
18,189,87,123
49,156,75,90
30,176,77,101
41,185,60,150
19,159,118,111
31,151,106,96
42,165,109,110
21,191,106,119
23,179,107,168
52,180,60,174
56,183,59,138
18,175,69,176
19,156,56,167
52,199,66,155
48,183,80,156
21,168,87,84
47,157,79,118
40,155,74,146
33,171,116,157
20,198,111,159
37,186,80,123
39,193,59,118
19,154,81,133
50,197,82,123
44,178,88,172
59,197,75,89
31,176,79,112
21,166,98,81
27,188,91,161
43,197,53,170
29,172,86,148
50,183,112,138
48,161,117,169
20,189,56,115
33,190,107,99
37,180,71,138
55,178,113,133
48,158,62,119
55,177,93,113
31,179,108,127
51,190,96,158
24,191,106,152
42,162,75,81
31,185,80,135
55,168,80,137
27,179,119,156
51,160,63,103
19,187,76,126
24,198,114,155
43,196,118,120
52,191,117,145
57,150,65,106
19,180,107,136
42,175,79,98
28,189,74,176
54,190,83,150
19,153,101,116
38,186,103,166
37,164,88,161
24,178,55,155
19,159,110,154
36,181,72,122
23,192,74,147
19,191,70,153
31,168,106,179
23,183,117,115
36,185,88,147
35,193,66,90
41,181,64,162
56,151,114,146
54,156,117,158
51,180,64,170
28,194,80,149
52,179,63,133
36,175,105,170
29,195,96,150
22,163,69,94
30,152,66,179
27,151,100,167
53,161,102,91
28,192,75,135
56,166,102,146
23,174,71,167
32,166,53,110
45,188,80,130
53,185,96,123
52,163,72,159
19,161,104,131
36,155,114,151
29,176,81,152
20,171,110,124
27,169,92,176
48,177,119,123
24,186,94,92
32,165,71,146
40,151,59,133
42,153,104,97
46,197,71,125
32,188,54,162
40,153,97,106
48,194,53,85
53,173,113,141
41,173,53,105
18,180,83,105
51,156,111,125
57,150,51,153
27,167,86,127
20,184,92,178
37,167,70,85
28,151,103,129
44,159,81,110
32,165,117,117
23,195,104,175
34,169,116,83
19,156,79,178
37,190,71,155
54,175,111,128
19,151,69,88
20,163,97,138
20,195,116,115
28,173,51,153
32,188,97,113
46,159,102,178
24,162,62,101
22,188,73,175
41,165,75,82
30,162,112,127
33,196,54,111
22,193,112,158
53,160,73,177
19,171,92,170
48,190,76,144
58,193,54,142
36,152,115,171
56,186,84,146
23,175,86,86
30,188,66,162
18,184,113,101
40,199,64,136
41,198,86,153
32,156,86,91
51,192,79,171
52,157,92,125
48,166,102,158
42,182,76,164
40,193,104,114
54,194,98,179
45,161,80,129
28,193,88,173
29,165,80,174
44,174,72,122
50,168,117,85
34,169,56,143
33,159,63,88
53,197,76,81
58,185,89,171
43,155,111,131
53,169,116,176
45,183,55,154
28,181,114,177
31,150,79,129
19,178,66,129
44,161,87,110
50,168,114,100
59,192,60,109
49,176,71,141
59,164,104,95
34,176,74,174
39,189,108,178
51,192,119,128
52,161,118,102
26,177,79,124
47,154,107,84
24,163,108,83
59,154,116,121
52,195,72,123
24,174,100,102
48,158,114,134
55,160,95,91
58,178,100,81
41,172,55,149
31,175,95,134
51,180,90,89
51,184,72,132
32,180,116,145
48,167,106,175
37,154,102,163
34,160,110,89
29,176,116,100
40,177,109,171
18,152,82,149
51,156,72,125
41,174,118,163
34,182,50,111
22,181,61,161
42,191,118,147
34,160,87,150
29,159,110,116
31,169,101,136
51,197,93,93
31,180,118,110
51,177,58,107
20,187,94,83
52,173,80,105
54,195,117,116
24,170,59,127
37,175,119,93
27,178,104,153
19,175,108,157
34,155,119,99
33,169,79,89
39,181,85,85
19,190,102,173
18,186,109,150
50,186,96,111
43,170,61,164
20,192,80,176
20,182,79,81
44,171,55,94
59,155,51,145
36,153,91,134
40,168,118,108
53,194,87,176
23,179,119,134
52,178,72,167
29,166,60,133
41,155,104,153
33,184,101,172
32,168,76,122
19,191,76,128
19,165,101,136
48,173,52,143
19,183,119,82
39,176,53,140
53,169,109,97
32,195,81,158
25,188,83,99
59,151,86,165
38,183,66,174
53,160,110,89
45,179,89,104
59,157,60,123
24,164,60,158
50,190,96,153
25,168,69,169
40,182,111,98
32,170,87,139
47,187,99,93
36,177,111,94
49,161,109,179
50,180,59,105
18,176,50,139
25,162,80,96
54,197,86,108
48,193,56,110
42,191,113,156
44,157,119,94
22,174,59,93
42,190,103,84
48,156,107,154
56,169,117,97
24,174,113,156
51,197,65,109
59,199,83,126
38,182,80,106
39,189,110,84
24,151,79,129
31,183,103,113
59,175,68,111
49,159,61,139
47,160,78,146
18,165,103,152
39,153,62,165
44,192,103,147
29,161,105,146
33,151,91,111
46,162,99,111
33,152,68,159
54,153,110,129
21,198,97,179
29,173,82,107
37,188,71,142
46,199,83,125
26,151,112,103
19,159,91,118
27,168,116,159
36,192,68,100
21,189,63,160
54,171,119,83
34,182,81,131
35,160,94,128
39,170,101,151
55,183,72,174
46,190,101,162
18,150,114,139
46,172,74,136
34,199,96,173
55,181,90,136
27,192,103,95
56,154,98,165
52,182,107,158
18,185,95,88
59,180,85,81
56,197,92,101
53,167,71,108
42,186,70,85
55,192,92,172
40,181,108,96
49,173,103,92
43,152,64,171
37,152,82,107
44,175,108,119
19,152,85,92
42,153,119,93
34,175,52,149
36,187,88,173
55,196,104,149
41,165,86,156
34,160,118,95
25,177,51,90
20,155,51,91
42,161,81,112
49,191,93,133
24,169,67,166
44,162,103,144
46,197,117,137
26,175,64,165
29,166,88,177
57,188,95,126
35,163,112,88
43,188,51,99
47,150,93,142
48,167,80,166
55,150,95,81
31,198,110,94
22,191,106,138
36,150,109,137
20,186,74,155
18,153,67,119
32,173,61,116
33,173,112,166
39,168,89,131
33,162,55,90
23,182,82,128
30,171,60,111
26,199,92,88
39,167,79,143
41,184,96,86
52,161,75,166
53,186,63,151
48,183,52,114
20,163,61,172
31,188,92,156
25,189,51,134
26,179,88,165
23,159,56,165
37,180,90,116
30,154,114,93
47,155,104,127
20,165,77,94
29,184,60,98
40,164,65,113
39,156,75,94
34,191,96,153
24,162,59,126
31,165,61,151
46,160,62,83
42,191,118,93
37,187,77,116
28,166,108,169
44,178,79,132
40,181,64,144
59,193,68,105
30,184,92,174
57,155,113,111
52,166,108,154
57,150,92,177
30,161,72,80
26,160,100,129
52,184,117,127
54,189,87,164
49,192,95,116
21,173,72,147
51,165,118,88
21,161,102,164
49,180,56,152
40,186,55,177
22,170,55,144
21,182,109,115
22,194,85,87
26,163,114,176
32,187,105,163
54,169,63,175
37,177,52,170
40,175,78,80
31,150,62,121
36,151,53,83
46,194,75,104
49,190,104,99
43,164,98,130
41,158,88,113
26,180,97,151
26,154,105,99
20,154,83,168
27,154,99,90
33,160,67,87
45,157,112,129
57,198,116,149
59,154,79,90
33,199,94,128
20,180,74,111
51,186,117,96
44,153,53,94
27,156,52,123
57,193,101,101
18,158,80,103
39,174,102,113
58,154,50,114
37,189,94,124
36,180,106,148
57,156,57,138
52,158,65,155
38,158,57,155
50,154,83,150
28,164,114,152
53,150,94,149
37,194,103,152
35,176,95,164
29,182,71,149
37,158,97,143
59,166,109,139
35,187,75,153
31,190,78,139
43,189,66,87
34,160,105,145
57,153,73,142
57,159,101,136
49,184,78,87
28,183,109,152
18,172,69,123
37,186,75,107
44,152,102,105
41,154,115,107
43,187,54,153
51,177,70,131
19,184,107,81
22,175,72,164
31,152,66,97
45,184,74,144
23,176,91,178
40,180,111,146
41,172,60,146
39,150,96,88
32,168,55,106
54,159,91,175
50,156,84,125
57,175,82,158
56,159,67,175
31,152,64,146
28,170,81,159
42,191,77,105
37,152,89,160
45,158,79,82
42,164,106,139
56,177,60,95
28,154,77,106
52,170,84,126
58,164,70,121
41,153,62,156
49,199,112,157
32,182,70,141
23,164,60,121
38,181,70,147
45,153,112,98
24,182,55,84
32,165,75,146
53,166,86,169
26,176,65,127
43,163,94,83
39,192,81,91
18,194,73,106
34,181,96,87
30,188,114,133
58,157,77,105
33,193,53,141
22,152,109,127
58,152,102,110
26,184,73,159
44,167,100,139
30,189,99,160
35,163,52,120
28,173,115,111
29,153,99,168
54,190,67,91
40,176,81,138
36,191,95,117
42,159,54,124
53,169,117,161
46,150,75,153
51,174,85,157
41,178,62,104
44,196,56,87
42,184,57,94
33,187,71,99
46,170,117,158
34,171,90,153
41,162,93,124
34,177,54,117
22,178,58,88
26,192,59,152
37,152,96,135
35,158,66,107
36,167,105,100
37,168,71,89
53,163,109,135
50,177,79,136
21,170,72,113
25,170,53,150
59,158,85,126
38,197,50,101
27,199,113,82
41,176,50,127
57,153,113,138
58,181,91,100
54,167,51,81
56,187,104,151
40,189,113,147
53,164,83,162
36,169,74,118
36,186,72,162
48,151,66,88
35,150,119,119
26,169,98,123
58,155,68,83
42,160,78,126
48,196,107,174
38,195,50,110
58,179,89,149
25,178,64,102
19,191,82,124
47,157,99,152
18,177,80,113
43,165,97,92
56,167,109,171
41,175,98,101
36,169,60,127
41,199,86,116
34,191,75,163
22,183,111,161
57,154,116,95
56,177,61,95
55,196,96,110
37,189,66,144
27,179,80,91
30,172,85,109
43,158,64,130
19,189,91,93
24,159,103,165
42,166,54,80
40,198,76,168
20,176,103,138
30,172,67,96
40,173,86,162
42,187,105,108
36,163,52,83
36,174,78,141
47,182,90,96
56,170,85,122
21,159,119,107
18,191,106,159
29,177,61,90
54,153,91,150
33,165,91,95
32,183,86,142
26,190,87,164
31,197,73,114
48,174,92,171
27,150,89,136
30,171,54,150
37,158,51,90
50,195,53,108
46,197,73,160
42,168,71,167
58,189,94,101
44,161,73,89
47,183,85,90
27,164,72,152
49,192,57,101
32,159,96,107
28,160,112,161
31,151,105,177
23,196,108,177
44,166,62,115
48,172,61,158
22,180,59,82
28,150,101,172
52,173,113,81
22,199,78,97
58,197,76,133
18,192,66,154
18,178,95,118
46,150,62,118
51,195,87,138
50,162,119,153
23,167,104,143
59,160,52,126
36,190,93,163
35,193,65,164
28,164,102,161
58,159,67,120
35,175,99,119
25,151,87,139
47,184,50,83
23,191,65,142
44,194,102,95
20,152,116,102
48,188,82,155
49,161,76,178
34,150,63,153
30,182,101,85
27,174,87,135
23,158,79,154
31,195,109,128
56,157,55,148
20,153,68,108
30,198,92,177
51,151,118,132
44,156,117,177
26,197,98,86
36,168,95,119
23,172,76,121
44,177,82,149
52,174,70,104
55,151,69,123
53,161,50,89
57,199,52,118
24,184,102,156
18,174,75,120
28,166,98,178
29,195,87,139
25,163,113,99
32,182,103,112
57,191,71,112
40,157,60,117
35,193,109,93
30,165,88,128
26,192,65,96
42,168,94,153
54,190,82,107
29,182,115,172
51,160,72,145
26,197,105,88
36,154,90,102
29,156,80,108
19,158,64,121
58,154,90,124
47,187,74,134
50,190,106,179
30,166,52,167
37,193,55,158
44,193,75,158
49,152,67,168
49,193,103,93
34,163,102,151
34,182,78,159
20,157,63,86
57,189,85,162
53,173,55,110
41,172,103,131
32,166,61,172
48,178,111,89
54,175,86,84
59,155,75,157
41,168,68,135
43,174,90,164
54,188,76,143
55,175,114,131
52,196,98,119
50,180,80,161
59,187,95,164
20,190,68,162
18,195,63,128
26,160,75,144
34,156,58,91
46,156,106,164
21,196,71,117
36,168,83,88
30,198,110,172
35,198,114,122
39,174,105,114
50,151,50,171
30,171,91,173
34,181,106,173
51,188,64,145
22,171,115,153
33,186,104,143
58,195,79,176
20,170,62,104
39,157,63,146
32,168,53,157
49,198,56,145
36,161,114,93
24,166,51,134
21,188,79,139
25,150,107,152
33,152,56,98
52,151,118,156
31,167,107,163
24,176,100,157
52,170,50,155
32,186,98,105
20,198,54,127
49,177,74,156
36,174,109,114
39,167,67,161
49,157,61,86
20,169,72,132
48,174,70,161
47,191,97,80
47,171,101,84
57,152,59,90
53,183,110,96
59,166,104,177
52,193,105,140
44,175,98,94
27,167,107,171
46,193,119,141
42,190,64,132
53,199,58,86
47,168,95,161
55,162,69,81
49,153,94,170
59,160,94,150
40,153,114,108
21,161,104,93
23,190,107,103
33,165,51,177
58,176,91,98
32,159,88,108
59,156,88,107
57,172,71,160
46,157,53,104
21,181,52,137
39,158,55,111
58,191,82,85
35,169,93,158
38,175,58,100
44,168,82,168
28,164,95,139
50,194,81,111
27,156,63,108
32,158,96,148
27,184,59,177
38,153,68,106
43,174,89,131
33,156,59,120
56,176,75,109
52,176,52,135
30,182,54,92
37,156,92,174
26,163,55,177
49,150,104,153
21,163,110,175
55,190,65,178
38,162,105,84
45,162,103,179
36,161,91,112
46,179,98,89
33,156,96,107
54,190,107,159
38,198,112,125
24,154,119,148
51,152,98,121
40,154,84,162
51,176,96,157
59,181,71,92
27,188,85,150
22,178,69,144
31,186,63,151
44,193,62,179
24,165,116,136
46,175,84,105
35,166,53,116
22,164,69,155
56,163,101,119
36,156,69,131
35,199,106,135
58,188,61,80
39,198,64,123
30,175,82,160
29,178,64,101
24,161,60,132
51,164,69,94
20,160,97,96
55,184,83,86
50,169,72,139
44,189,104,126
36,198,67,121
53,170,116,144
36,161,52,86
36,153,93,144
51,153,109,146
21,164,115,162
24,181,94,158
21,198,104,88
29,174,55,177
24,168,73,96
22,189,113,144
26,152,82,102
46,185,114,94
55,150,83,130
38,180,71,155
38,192,58,151
23,184,85,128
25,165,76,110
43,188,71,109
39,173,73,109
44,186,106,161
29,178,118,124
54,178,71,112
42,172,101,124
58,173,78,125
42,162,118,137
51,190,91,145
38,192,60,125
41,177,73,119
21,181,57,96
24,157,105,147
34,171,51,172
21,195,107,148
57,150,116,94
45,188,107,137
21,193,104,128
27,176,89,106
35,195,110,132
32,172,113,90
24,198,66,121
19,195,113,102
51,172,88,116
22,194,75,93
41,182,117,81
36,180,85,175
46,189,58,82
29,160,74,105
28,197,84,149
25,156,100,89
42,189,92,115
52,191,57,121
58,161,68,95
25,175,65,118
29,153,88,83
24,154,83,98
19,165,50,153
56,198,76,111
29,170,86,159
42,177,57,160
41,180,119,90
35,170,117,108
49,197,80,115
42,161,50,111
36,162,85,119
29,186,50,136
27,184,53,118
24,197,66,107
54,159,93,101
23,163,74,98
47,155,66,147
36,169,103,100
45,195,66,163
37,199,103,102
51,167,80,171
45,174,85,80
19,156,66,96
52,190,89,162
23,172,99,100
51,165,110,142
50,158,108,100
35,171,80,106
20,189,61,148
39,163,81,139
44,153,65,177
42,188,100,162
35,164,99,132
28,164,100,102
40,155,106,178
38,159,51,149
18,182,111,82
58,154,60,163
38,155,65,174
27,193,112,106
39,164,102,154
38,167,55,116
30,190,74,112
29,196,61,144
24,182,89,116
50,170,58,93
55,159,99,111
44,181,77,118
18,155,74,134
53,158,85,141
27,163,62,148
52,165,99,168
49,160,96,177
42,196,90,144
35,163,73,179
55,190,88,81
19,199,63,84
37,156,60,142
25,170,52,130
38,188,59,116
32,175,116,126
28,161,88,137
56,196,83,154
25,174,110,97
18,184,66,96
31,198,74,112
56,192,105,129
50,199,74,139
27,150,109,130
21,161,56,95
22,156,118,165
33,195,98,135
19,155,81,93
58,188,108,139
29,183,119,115
40,158,96,125
23,199,62,175
21,179,97,126
38,165,118,109
56,165,54,104
40,151,76,166
35,184,68,141
57,164,96,126
49,170,72,100
58,187,102,93
18,193,92,155
29,189,82,87
29,196,80,102
35,171,108,142
59,171,58,159
36,150,55,138
37,163,60,171
31,180,80,137
36,169,113,99
30,168,117,104
32,169,74,157
29,153,81,125
45,190,85,141
31,155,51,115
30,173,55,94
47,165,70,118
59,187,73,113
37,154,78,130
21,188,91,81
51,194,59,83
43,174,53,177
36,169,81,145
19,167,71,122
31,165,59,122
22,172,111,153
39,188,64,89
31,172,87,111
32,176,75,159
33,194,72,170
39,185,98,178
54,188,115,134
33,155,109,141
34,178,107,103
26,194,59,135
18,188,114,130
38,178,99,102
41,162,50,176
54,172,56,124
19,173,97,131
41,170,68,144
37,193,70,118
54,174,92,145
43,166,87,143
36,186,56,155
18,155,84,88
48,177,107,153
46,195,118,159
21,170,113,91
18,192,93,162
37,196,75,107
48,191,85,158
36,193,89,175
45,158,101,85
24,151,54,137
34,150,66,94
19,191,67,94
35,192,73,106
37,164,114,167
51,199,82,116
58,165,112,178
42,177,86,96
25,171,83,171
52,159,118,114
34,166,95,90
49,157,112,134
30,174,99,158
26,194,61,102
19,168,108,129
28,156,50,155
25,170,59,112
22,194,77,124
19,158,72,109
28,160,71,165
29,175,103,118
26,171,89,86
35,187,111,159
22,187,73,178
26,179,97,136
35,163,93,80
42,166,109,138
56,155,102,88
37,168,70,91
44,193,98,155
28,150,116,170
35,186,85,141
48,166,101,159
35,193,83,178
54,187,98,112
40,156,106,162
48,189,72,152
47,152,64,122
19,165,59,86
36,180,114,115
40,193,109,94
51,170,101,136
55,166,85,111
50,186,106,176
34,193,93,87
52,196,61,164
48,167,119,112
47,186,76,163
44,151,58,83
36,151,82,110
53,166,58,111
27,160,51,95
41,179,86,164
44,199,87,121
49,155,79,93
37,190,62,83
44,168,61,94
49,198,94,134
33,188,55,158
18,163,78,146
21,152,82,156
49,168,103,125
23,170,86,124
44,196,119,155
40,155,106,114
54,175,72,115
33,155,77,127
39,151,85,168
46,168,91,100
37,163,67,101
43,184,96,88
22,184,100,179
21,178,67,90
45,162,87,177
45,151,69,107
22,158,118,140
42,190,87,113
55,165,117,131
48,151,71,168
31,197,98,106
43,186,56,156
48,182,73,130
37,168,119,102
30,191,115,90
58,171,79,82
50,186,73,122
35,152,115,117
26,168,78,173
51,176,69,175
50,185,65,149
44,194,119,133
23,189,68,128
31,189,109,136
20,175,65,159
23,191,58,145
41,191,102,82
40,181,54,143
46,173,102,146
20,196,114,125
58,164,82,110
31,161,96,102
52,158,119,104
51,165,56,138
19,188,119,111
39,188,72,158
51,176,109,88
22,150,53,116
40,164,88,110
54,171,112,94
35,196,87,178
53,186,111,86
43,162,80,146
35,193,98,171
49,195,74,85
25,180,118,152
55,187,94,169
59,177,73,109
29,181,59,95
28,157,73,138
34,170,95,122
32,179,88,152
20,179,103,105
48,181,60,176
24,166,111,101
44,163,75,143
44,165,51,164
52,190,85,178
45,199,118,106
20,170,54,86
22,177,72,167
28,163,86,155
29,164,111,124
41,173,68,82
59,151,81,155
30,160,53,160
47,161,55,179
20,173,86,122
40,183,106,94
46,156,78,176
43,159,97,172
18,164,82,162
47,158,102,102
34,185,70,112
55,194,94,99
56,168,56,137
48,186,60,143
51,152,118,86
58,160,85,130
46,186,114,94
34,153,67,87
23,190,86,131
22,192,57,162
48,150,94,118
25,170,89,91
40,164,108,166
48,162,91,143
20,185,67,81
38,182,108,149
52,160,88,144
40,165,118,132
39,175,96,131
31,191,109,141
54,170,76,121
51,196,61,127
55,160,72,140
43,184,79,174
19,161,89,93
35,188,57,167
24,195,107,153
55,167,51,131
44,173,80,120
53,169,92,150
28,164,58,125
23,179,69,170
28,160,95,156
44,192,115,144
32,167,109,157
38,160,100,107
36,188,113,141
28,194,97,175
48,187,104,104
23,192,70,100
52,152,100,90
21,190,95,120
58,166,99,82
26,168,93,91
43,150,67,113
27,154,99,87
31,198,102,161
59,150,72,155
28,170,109,168
38,190,58,129
34,186,64,81
56,192,93,80
47,168,70,108
39,190,85,113
33,193,73,103
22,153,65,93
44,185,119,141
41,155,115,143
30,176,84,86
34,158,92,133
38,168,99,88
41,157,77,154
52,195,105,98
46,196,105,114
27,173,80,109
50,165,77,110
35,197,71,135
36,174,112,173
34,187,86,166
40,177,83,90
53,170,95,146
28,150,91,179
24,193,71,157
20,194,109,138
45,169,110,173
54,171,52,129
26,188,112,105
18,167,115,161
28,160,53,131
54,171,74,128
22,151,62,169
30,170,114,123
32,178,92,159
39,191,101,85
38,190,115,81
38,160,52,120
29,186,53,165
52,191,84,113
30,175,102,125
32,189,55,160
42,187,82,89
39,187,73,111
43,157,62,113
50,160,89,84
39,158,74,121
54,195,54,156
19,169,110,112
21,199,100,117
37,197,110,128
47,171,98,157
59,159,117,141
57,179,114,127
45,152,113,178
37,197,93,177
50,189,72,142
26,191,95,173
19,174,85,144
55,170,84,179
53,183,79,131
35,152,62,87
58,193,79,163
33,150,118,85
40,180,77,95
46,170,80,101
21,188,73,135
26,194,67,136
33,191,72,156
21,151,52,93
42,189,50,140
32,193,56,171
48,166,56,158
34,171,118,164
39,186,64,125
21,174,81,151
34,180,95,139
26,152,58,120
31,157,110,128
48,161,71,122
29,177,101,116
56,161,53,149
57,196,67,122
24,175,52,127
33,198,112,177
57,164,82,156
48,186,102,88
45,159,74,126
22,158,84,162
30,166,111,167
33,194,70,117
48,155,109,120
23,164,56,95
40,193,81,86
48,165,74,144
29,178,51,120
24,196,66,154
55,161,84,148
56,177,71,136
19,180,92,120
51,168,82,85
28,155,90,158
43,185,61,117
32,192,69,113
23,154,71,92
22,167,75,160
23,193,55,125
56,198,104,90
37,187,110,176
51,155,87,172
57,177,67,176
56,192,116,127
26,175,100,141
58,154,103,165
33,161,86,148
43,183,54,154
44,198,63,128
51,192,119,93
25,158,70,110
18,156,53,177
46,153,88,90
33,167,119,166
52,182,68,176
38,166,107,129
19,150,118,168
29,193,87,179
43,164,109,91
20,182,84,178
56,192,86,129
24,179,85,112
19,163,105,113
19,190,118,96
47,173,59,101
34,186,108,82
20,179,84,141
35,185,52,164
23,170,91,176
31,156,91,139
50,179,104,109
32,182,60,122
27,152,103,160
36,153,113,110
27,186,58,88
36,198,51,122
58,181,117,106
19,157,54,169
44,159,108,95
26,169,100,135
55,184,61,94
22,160,50,147
26,186,99,120
32,190,105,92
45,167,56,121
51,177,100,80
37,169,81,128
53,187,86,123
31,160,67,105
55,178,117,96
50,154,108,165
44,174,61,82
47,167,96,92
40,196,104,165
59,198,103,166
26,170,115,173
57,196,112,176
52,154,66,87
50,177,86,144
51,198,85,110
30,190,74,144
52,167,102,157
52,183,72,166
56,187,99,160
19,177,66,149
20,191,92,179
59,163,110,87
52,155,97,81
32,176,108,143
46,189,67,113
47,171,82,84
30,184,84,143
19,165,52,90
46,178,73,109
31,172,96,149
37,156,65,132
35,195,93,126
35,177,75,171
53,192,109,172
25,179,97,165
47,154,109,165
54,187,88,102
38,189,81,146
20,196,106,141
58,181,79,150
26,162,115,111
24,188,51,114
42,177,88,107
23,152,106,95
52,163,99,111
55,165,114,108
42,172,112,145
43,187,92,106
21,186,88,109
42,167,62,160
49,188,106,153
37,197,117,170
24,161,75,101
59,157,93,118
45,175,101,114
42,165,89,145
50,175,96,176
22,199,86,102
55,172,79,148
38,163,93,145
52,198,116,85
26,191,98,87
39,186,89,97
54,169,52,102
33,176,77,106
20,162,106,110
20,166,76,92
21,155,118,140
25,198,58,131
47,184,73,151
23,154,101,114
54,198,69,174
54,176,82,132
35,193,59,80
52,156,61,176
31,160,118,166
19,172,101,85
40,187,112,177
43,184,95,165
30,157,68,120
41,176,58,120
24,167,54,169
57,154,108,146
35,163,76,143
48,156,61,126
55,191,74,121
19,191,115,100
52,159,72,92
47,168,91,149
52,156,100,84
34,161,73,119
24,190,89,173
45,157,95,116
19,189,116,96
35,161,87,113
25,175,62,146
40,174,84,82
37,175,101,135
34,176,51,175
26,181,102,81
35,183,90,133
59,191,71,120
46,182,83,86
28,160,117,134
26,193,51,153
41,191,76,133
58,179,92,169
30,156,93,154
34,181,100,130
58,150,68,157
34,153,89,80
27,165,64,120
36,177,75,124
51,181,108,153
55,171,105,104
24,159,85,164
46,166,67,121
21,181,109,176
49,166,60,126
42,181,52,108
33,184,108,146
36,187,84,117
54,176,60,162
56,179,58,100
43,159,67,114
48,170,117,145
27,181,52,108
56,152,99,119
50,175,118,157
21,187,60,98
54,183,63,86
25,179,62,126
46,197,79,122
35,198,61,155
38,176,116,97
33,183,72,107
35,187,50,85
53,190,68,127
42,168,60,118
53,154,76,80
57,195,106,158
26,150,51,106
57,158,115,117
52,167,93,145
24,175,109,101
58,170,73,95
24,152,107,168
36,161,116,107
50,158,80,152
57,153,71,139
54,191,107,146
40,151,60,132
57,178,70,170
38,185,80,92
43,172,63,152
55,175,76,163
35,162,119,116
45,180,60,113
52,152,63,99
56,192,61,117
22,168,105,101
34,190,70,145
36,157,117,173
49,181,88,161
29,193,73,148
30,171,92,107
30,176,109,175
22,189,72,88
35,181,101,155
27,174,80,84
43,180,69,118
21,163,67,178
53,170,116,100
39,152,63,161
18,197,58,127
29,194,103,161
22,177,75,108
27,188,92,140
31,197,94,122
20,165,106,106
20,188,109,154
24,198,75,120
19,162,84,112
51,169,89,166
18,157,90,119
38,151,73,170
54,197,88,142
37,199,84,174
51,180,118,96
46,167,88,87
35,191,93,123
47,173,89,149
29,187,50,111
44,189,74,143
33,194,69,102
33,174,108,168
19,170,80,178
42,182,99,126
29,186,100,109
24,197,51,178
49,199,99,159
54,175,105,135
54,194,51,166
56,197,60,130
52,186,81,135
32,168,85,133
56,171,108,148
24,166,55,117
31,161,117,166
53,169,72,170
53,186,73,150
43,191,66,122
34,173,62,98
36,176,73,137
47,186,105,131
44,160,56,114
20,154,54,89
27,181,79,171
23,183,63,108
53,188,73,114
25,187,118,132
55,190,68,89
30,161,83,173
50,167,96,104
42,174,88,155
32,196,60,121
42,199,81,100
42,192,78,135
59,167,83,89
50,181,53,127
37,166,112,129
31,174,108,143
33,186,87,174
56,156,99,138
50,153,113,161
29,196,85,87
57,176,118,135
44,177,101,160
19,166,51,94
49,162,59,102
51,191,74,121
43,191,83,170
38,155,85,136
50,174,62,115
44,152,92,112
53,174,105,148
39,179,97,161
32,192,97,143
46,183,83,135
47,167,106,105
34,158,93,107
33,152,91,155
29,165,67,112
33,168,91,158
51,173,85,168
38,197,54,164
30,198,91,116
44,180,102,103
18,192,89,150
56,187,63,124
41,188,96,146
52,190,119,161
35,175,116,118
25,165,109,163
23,163,59,111
27,178,85,144
45,198,85,161
44,164,80,113
52,194,93,161
45,188,51,120
38,185,118,109
52,190,74,168
36,158,104,122
45,177,82,138
43,190,105,139
45,150,81,111
49,195,99,111
40,196,78,119
52,154,118,121
36,190,56,159
42,193,86,175
58,156,111,86
26,175,58,80
59,191,69,122
34,156,111,81
42,176,64,166
42,164,110,117
57,157,103,133
20,175,119,151
35,181,86,163
34,191,58,168
41,195,67,167
34,199,86,113
56,195,111,143
33,196,59,131
36,185,85,107
38,171,110,170
19,198,67,175
58,154,66,160
22,151,59,111
52,165,72,115
44,157,99,149
48,190,118,128
39,160,75,131
59,199,52,149
48,189,98,142
46,158,70,171
40,185,52,165
20,176,66,100
36,154,115,93
34,174,62,106
18,170,96,153
45,151,52,161
43,169,103,140
52,150,109,107
35,193,80,129
26,161,81,126
30,199,54,135
58,171,67,130
59,177,53,97
40,172,108,91
45,170,89,126
54,185,102,177
31,183,110,172
32,158,73,157
37,195,104,137
23,181,75,153
48,189,90,153
22,179,100,179
56,169,109,165
29,157,112,137
52,176,54,152
36,190,119,97
28,159,98,165
51,189,61,152
51,159,73,86
36,185,79,157
52,180,75,179
29,189,114,127
18,184,76,94
39,182,61,83
23,169,58,165
44,160,68,96
43,159,113,95
47,170,99,125
29,160,77,129
19,199,73,96
33,180,86,88
27,158,83,139
53,168,60,129
20,173,96,178
58,179,65,152
18,168,99,174
58,181,71,142
34,177,118,125
57,163,116,118
29,150,82,82
20,163,70,114
40,183,93,96
59,165,116,89
49,192,54,103
27,183,116,128
41,167,61,149
19,198,115,118
24,174,53,138
51,177,55,133
42,158,92,169
18,171,108,122
33,151,78,153
28,168,106,148
32,172,63,82
59,194,69,170
19,187,116,103
57,170,76,122
42,161,111,82
52,195,57,110
28,150,70,152
52,191,51,85
54,155,105,109
18,169,109,100
51,177,113,163
20,170,71,167
20,177,67,128
56,176,99,117
41,150,90,169
29,178,56,172
37,194,72,133
51,153,86,131
52,169,96,133
46,154,119,157
59,150,93,81
58,188,82,136
28,176,96,169
34,173,64,107
20,188,58,175
25,161,72,96
55,193,72,164
42,197,58,105
27,156,77,95
41,193,101,132
37,187,78,121
31,152,70,133
36,182,95,91
32,167,96,86
21,189,62,133
38,165,62,159
33,156,83,94
36,151,76,137
44,153,72,109
22,185,82,134
19,150,104,94
41,190,118,148
55,155,76,159
44,181,117,140
45,163,83,129
57,171,112,107
20,163,63,86
38,177,54,113
34,181,91,178
58,159,84,153
45,193,80,142
40,171,55,81
29,157,103,87
39,174,115,84
52,188,116,123
21,155,111,108
50,190,80,150
48,178,77,121
49,181,73,105
33,171,74,165
49,194,79,166
26,192,109,110
18,166,91,149
31,153,61,95
18,186,50,167
39,198,88,103
54,197,65,148
54,179,51,169
22,180,59,104
58,166,59,130
24,190,58,100
57,182,82,120
37,172,90,158
42,171,84,168
27,193,108,121
41,181,54,131
24,199,53,93
37,152,98,125
33,186,109,113
25,170,102,97
53,154,57,173
53,196,114,126
31,167,77,137
31,184,108,82
19,163,60,150
59,163,87,176
51,174,58,119
31,162,87,111
46,167,65,141
36,192,68,84
42,180,59,168
53,190,102,80
30,188,112,139
19,195,72,139
24,194,96,155
47,185,106,117
37,175,58,95
34,192,72,167
48,199,89,141
44,153,57,89
55,198,82,141
30,191,68,134
59,179,68,174
21,172,60,100
18,151,56,150
59,166,76,102
34,164,63,143
41,167,86,94
37,187,107,159
33,162,81,110
20,184,118,125
55,180,57,167
57,156,62,142
56,186,96,151
28,184,58,170
35,154,78,144
34,164,60,153
31,159,102,157
59,166,109,171
28,177,96,109
59,152,90,162
29,182,108,81
48,173,53,93
41,187,91,114
18,182,113,175
56,168,109,80
50,191,80,82
38,179,92,154
18,171,68,160
45,188,118,147
59,157,106,106
35,153,96,109
55,167,80,82
54,177,101,147
29,177,74,101
27,151,117,159
32,182,53,83
22,173,110,85
30,199,76,167
51,190,116,83
41,185,67,98
44,164,114,163
54,168,101,113
40,183,95,93
28,188,62,151
26,178,57,121
26,151,118,92
22,177,52,111
42,163,96,109
24,186,71,124
36,178,51,149
23,187,58,173
54,196,111,168
39,192,89,92
29,151,63,94
45,177,61,115
22,171,63,154
41,187,116,146
28,183,118,99
36,165,61,139
49,176,95,166
55,152,116,146
54,195,83,116
59,168,86,145
36,177,56,98
43,184,89,119
20,194,88,109
47,176,84,118
21,170,113,91
57,166,65,148
57,174,110,80
46,183,55,139
29,195,118,86
27,182,66,125
36,171,101,114
59,152,72,87
41,165,92,159
52,161,51,160
29,151,119,135
48,177,50,151
27,190,96,87
34,158,101,80
35,161,77,174
20,192,119,92
26,167,87,87
57,183,71,139
57,178,54,130
29,164,63,106
57,198,104,176
18,182,66,146
37,196,68,122
41,151,79,128
43,198,88,113
47,154,64,173
52,173,62,115
31,167,82,124
51,153,79,175
56,166,80,175
43,186,116,105
30,150,53,149
41,185,108,100
50,187,114,135
20,194,104,93
51,182,113,166
54,165,52,160
33,161,87,98
42,178,99,170
36,171,116,125
26,165,56,102
51,164,104,118
54,186,100,148
19,195,77,114
36,198,96,157
45,150,91,162
49,157,70,103
48,166,111,90
54,188,105,112
27,171,112,85
31,150,98,148
55,178,75,128
48,154,75,141
26,163,94,83
25,162,55,101
48,161,53,82
59,190,95,163
52,198,101,91
38,186,50,152
31,176,105,80
41,151,105,104
19,166,94,146
41,174,77,123
53,164,52,95
53,199,111,110
43,156,70,170
35,191,56,175
41,163,82,150
20,180,80,103
54,196,111,135
20,190,52,168
47,185,97,157
40,167,92,135
24,159,84,108
27,189,71,111
29,177,114,83
23,199,97,129
31,174,55,101
29,198,112,155
30,175,51,154
50,155,118,124
28,161,119,167
54,170,79,115
57,182,98,135
44,190,55,118
46,179,84,103
42,176,105,163
55,156,57,88
37,152,92,103
18,198,96,163
21,190,87,90
44,151,76,143
48,165,59,130
43,154,69,128
39,151,80,103
39,198,56,91
38,159,68,126
28,188,108,93
19,167,74,159
49,157,87,129
21,153,84,80
53,182,110,91
57,159,93,140
56,189,106,177
57,160,73,83
19,197,89,103
49,180,53,111
26,188,102,102
22,156,58,119
53,198,107,103
55,176,105,84
39,194,103,131
20,185,61,92
53,196,58,163
28,153,68,96
50,192,54,168
41,171,80,136
53,163,67,178
27,154,53,128
32,151,84,125
46,190,102,140
52,185,81,157
33,187,97,167
51,182,68,87
39,184,73,140
25,184,96,128
50,182,78,123
23,167,92,121
34,182,54,132
55,174,52,167
31,190,98,135
58,189,84,110
44,170,55,177
21,192,69,108
18,171,91,129
52,193,108,167
41,187,63,179
43,166,93,86
29,194,72,144
38,196,77,94
32,158,117,137
21,182,66,135
45,160,80,85
48,166,116,164
49,153,110,155
59,182,52,86
38,166,64,167
53,178,65,167
41,176,72,113
18,198,119,152
46,188,68,149
57,162,105,144
41,181,92,83
40,187,119,179
39,156,95,114
32,190,94,166
50,179,106,127
20,164,63,81
18,151,71,167
23,178,79,115
32,198,103,145
55,194,102,179
43,167,103,126
19,193,118,111
23,190,108,158
54,166,101,153
38,187,73,87
55,165,94,83
52,194,97,140
20,185,54,172
57,184,75,103
42,177,113,148
54,172,76,137
57,197,53,155
59,165,72,155
36,178,90,103
34,153,110,122
35,197,113,159
37,197,53,146
59,173,59,154
44,167,73,167
20,164,68,85
29,169,111,89
55,177,72,110
23,188,82,179
44,189,99,165
19,169,81,135
54,168,85,172
59,166,75,135
59,175,57,137
32,154,107,147
44,181,56,152
21,172,108,141
28,163,89,147
52,152,117,84
24,171,104,161
19,195,116,113
52,187,56,134
41,180,62,121
35,181,65,107
50,167,70,127
56,178,94,162
40,164,93,94
33,159,104,144
27,150,113,142
35,165,110,130
26,185,58,115
42,166,83,117
22,152,75,102
46,188,76,81
32,185,93,161
26,198,103,141
37,181,115,99
47,199,56,83
25,154,75,129
31,179,88,110
48,166,109,143
41,172,93,115
52,168,78,156
53,156,64,115
52,154,89,100
19,196,79,110
19,171,54,120
47,178,71,170
42,150,60,96
27,191,61,90
47,176,91,117
18,191,74,92
30,191,73,120
31,183,94,95
40,178,83,114
44,168,103,86
33,156,76,124
57,177,66,82
18,157,55,84
58,155,116,132
53,164,102,82
53,160,101,114
26,167,92,148
18,150,101,149
31,169,100,170
56,179,72,139
53,159,91,123
58,165,117,114
52,184,100,96
56,152,52,111
20,150,111,107
36,166,107,131
44,185,62,89
20,192,108,85
27,172,70,97
37,156,81,159
57,154,62,168
54,176,112,89
32,158,52,134
18,177,63,88
46,164,50,87
34,195,115,177
56,161,69,106
34,157,89,109
28,167,74,171
18,193,99,161
22,180,73,169
55,162,91,83
59,193,85,160
39,153,56,134
33,199,107,159
30,168,105,124
34,160,74,177
20,179,84,160
51,163,102,104
29,186,79,155
35,158,67,81
25,165,112,148
49,189,77,92
36,183,87,131
39,179,86,179
45,195,80,148
45,156,101,160
23,194,58,101
30,165,59,146
49,178,110,84
55,196,56,141
58,172,106,165
21,155,87,120
23,161,108,98
30,177,56,173
30,170,93,111
48,166,119,152
51,181,98,92
27,167,57,149
39,182,50,148
42,189,50,102
42,193,83,90
58,190,99,161
27,195,85,158
27,185,103,100
59,168,112,171
59,182,92,135
35,186,58,82
42,187,67,103
25,183,78,133
58,164,58,89
38,178,81,141
39,172,78,130
29,189,74,113
53,198,88,91
42,170,73,116
24,155,91,153
21,175,76,140
46,181,81,117
55,176,112,93
35,151,52,147
28,182,88,167
35,168,92,111
49,185,81,93
22,168,108,105
31,196,111,135
19,165,75,87
53,176,56,174
31,191,69,116
29,190,92,166
52,150,81,153
56,166,86,157
30,196,51,132
58,178,95,114
52,156,66,117
40,151,82,107
27,174,111,140
36,184,81,162
40,163,75,127
51,198,94,176
36,182,104,140
57,178,77,173
46,173,66,147
25,193,59,154
48,158,115,157
32,198,83,175
56,198,117,130
24,180,112,159
25,174,76,160
29,199,67,166
51,183,98,139
20,178,108,111
55,151,112,171
20,178,75,169
33,184,89,123
46,155,80,108
30,169,91,162
34,152,117,128
51,184,58,162
25,195,93,152
55,185,96,113
25,163,97,85
56,162,81,123
42,189,56,179
48,167,117,125
36,171,52,124
23,194,83,168
32,178,114,171
35,181,61,112
40,181,86,137
50,191,62,128
19,177,87,164
48,180,56,101
19,194,105,139
36,192,119,96
45,155,55,177
39,167,113,161
32,179,115,157
38,150,82,179
19,195,106,92
57,182,81,92
38,178,52,142
33,167,111,129
32,172,80,115
20,167,69,118
23,184,83,96
54,158,98,131
36,175,89,101
33,177,85,145
36,171,71,88
23,161,69,88
45,159,118,122
44,155,59,96
48,176,81,94
50,150,65,156
19,162,59,121
24,166,105,87
44,157,50,147
51,150,76,81
23,194,82,85
25,157,110,112
18,188,93,151
48,195,103,108
33,186,88,150
38,190,66,100
21,189,74,136
23,180,83,171
24,180,75,127
40,180,86,106
27,181,82,103
36,165,103,86
47,198,118,138
25,199,112,95
52,190,70,117
53,165,81,116
49,156,98,177
34,174,66,83
28,160,117,135
23,190,70,115
37,156,58,175
26,164,60,152
56,173,110,113
49,165,116,105
25,187,98,150
25,173,57,106
58,188,62,85
58,187,59,162
58,150,100,138
18,154,119,91
50,165,60,143
29,197,109,108
36,150,73,160
54,156,119,135
25,183,95,133
25,183,89,106
31,198,98,80
21,190,53,131
25,174,63,93
31,155,57,160
42,169,98,166
38,155,97,152
32,151,66,93
36,156,94,153
22,172,98,117
23,170,118,127
46,154,59,131
28,155,89,155
44,186,81,93
54,193,94,160
38,155,79,94
56,192,107,111
22,180,73,150
35,185,98,108
44,172,93,102
22,159,76,165
51,158,71,80
19,193,72,88
59,197,112,90
20,181,50,135
32,198,62,161
47,152,112,177
47,166,81,82
24,168,115,165
19,176,52,155
18,181,97,165
36,160,64,144
49,186,92,97
45,164,117,137
37,190,98,83
34,151,104,107
30,167,117,101
41,194,106,113
43,158,99,123
30,183,114,154
53,163,117,86
23,181,104,109
30,154,82,173
32,170,66,132
34,164,52,161
40,196,59,155
24,151,114,137
19,163,90,125
28,198,117,138
21,160,89,126
18,199,107,169
29,150,85,162
21,164,99,112
23,163,56,94
44,173,63,92
43,169,72,134
29,150,88,93
37,163,50,158
23,181,116,142
49,177,115,83
19,162,106,128
24,181,95,144
42,150,51,156
43,168,102,101
31,169,54,107
38,158,86,115
23,156,75,125
50,193,72,128
32,178,70,98
50,161,55,126
59,154,58,104
32,198,73,140
38,180,51,175
22,154,100,156
50,182,105,123
41,173,53,133
28,190,117,89
56,150,88,136
52,180,111,113
52,165,108,87
50,196,73,163
49,155,89,100
27,154,119,107
34,189,80,122
46,172,119,175
22,161,57,130
18,174,92,164
21,161,76,134
51,167,54,103
51,160,54,82
41,171,52,105
20,155,114,175
49,156,69,168
36,196,93,86
29,172,58,152
45,159,78,175
28,187,99,131
33,170,75,154
50,157,61,144
52,151,63,168
32,162,57,155
50,181,72,89
56,172,117,80
41,183,87,158
54,151,65,160
33,159,86,136
19,169,54,175
48,159,101,138
53,163,73,92
55,156,117,169
58,154,109,172
34,198,51,151
48,177,61,144
57,168,73,136
20,197,109,174
49,190,107,99
22,180,98,129
42,150,110,125
47,160,90,81
30,180,97,91
18,169,118,119
26,181,66,126
59,162,70,121
30,168,119,88
51,161,71,149
35,171,88,157
46,152,117,156
42,173,53,154
53,159,100,104
36,181,85,104
45,167,51,120
55,186,91,167
53,196,108,147
27,196,52,150
58,152,60,83
57,184,62,166
47,188,50,119
26,192,114,93
18,184,83,113
53,177,100,96
45,198,79,121
36,184,72,176
41,183,93,166
31,178,83,163
22,169,106,117
44,184,55,131
35,184,105,163
44,190,69,108
33,167,65,130
40,180,86,154
23,174,74,116
26,198,89,124
33,181,80,138
43,166,76,174
19,176,64,146
49,194,52,123
43,165,105,168
37,187,77,142
20,182,90,104
48,155,89,158
34,167,89,155
52,152,108,158
42,181,95,84
32,182,86,179
44,164,107,91
36,150,74,86
58,174,68,159
31,170,52,153
32,171,90,121
20,167,112,126
18,187,79,125
50,194,118,132
28,193,56,99
23,169,98,85
42,194,112,163
28,173,97,164
35,153,111,178
35,166,57,167
28,192,68,112
18,186,62,83
49,179,107,127
24,151,69,80
37,151,52,160
38,184,79,139
49,194,55,115
23,173,84,179
47,173,73,107
43,177,110,141
25,189,83,119
19,161,100,161
20,190,105,106
34,158,113,110
39,175,111,163
52,153,93,118
53,161,88,116
31,175,106,151
32,170,112,178
46,190,115,84
46,157,106,163
33,178,75,167
50,166,92,134
39,189,119,139
44,156,110,87
19,184,81,176
37,185,78,179
32,186,64,166
38,178,95,144
52,170,73,88
20,191,99,131
46,182,84,104
52,154,75,157
22,173,96,81
56,199,102,140
27,180,72,131
25,170,117,99
29,165,119,109
48,178,61,80
44,190,111,178
42,164,102,137
48,167,65,90
19,171,89,105
22,160,81,101
27,175,105,137
34,170,73,167
37,158,77,155
43,166,103,139
20,196,102,105
31,193,109,149
50,194,93,101
30,187,62,165
43,172,105,81
51,199,110,84
24,193,55,175
35,183,104,117
36,150,106,149
41,168,90,138
52,197,58,115
27,180,63,123
28,180,114,112
20,189,91,102
29,172,87,113
39,167,75,138
37,164,65,170
47,197,76,161
30,162,88,166
46,174,99,147
31,160,51,118
55,191,81,97
36,154,54,170
43,189,66,101
41,181,113,87
36,172,58,118
37,176,99,150
40,156,83,112
42,180,83,165
34,178,87,107
53,172,107,106
49,189,112,115
53,188,75,114
34,177,104,138
30,197,119,99
57,158,67,118
48,197,53,153
51,169,60,163
41,151,90,86
41,168,57,85
54,157,99,82
27,171,55,120
38,171,81,171
43,192,63,134
48,190,65,169
42,199,110,101
40,170,68,110
42,183,111,125
44,160,78,111
58,189,73,151
27,191,92,167
23,160,59,163
46,198,71,106
20,198,113,160
55,184,50,90
41,171,57,119
53,182,62,92
43,185,93,123
54,154,103,126
24,190,96,139
54,164,106,131
39,190,87,97
54,150,84,94
39,162,50,162
46,181,108,144
21,180,103,123
36,185,100,149
50,176,61,127
35,161,67,118
58,192,116,106
43,161,103,143
20,161,94,167
45,190,101,134
39,199,99,81
31,151,114,132
43,161,113,174
22,172,98,139
23,191,86,144
56,164,113,130
33,185,67,167
38,169,60,137
31,166,79,164
36,195,86,179
38,174,65,113
50,172,58,87
29,186,119,95
48,187,86,125
26,198,102,123
48,170,68,136
40,184,92,169
18,151,110,143
46,159,119,160
36,197,78,100
56,159,68,156
52,194,65,91
33,193,99,83
21,196,105,116
57,171,65,155
41,163,109,173
44,166,57,143
56,176,105,160
58,169,72,97
49,198,72,139
20,161,51,159
26,151,66,136
56,182,68,95
30,166,81,170
35,157,94,145
18,184,68,81
40,176,95,135
27,171,88,130
34,181,117,158
46,177,117,148
59,155,95,171
39,182,116,130
39,196,92,83
28,155,57,104
22,177,86,94
37,179,83,103
22,196,88,124
40,172,90,111
45,189,104,138
58,165,85,137
32,152,96,96
32,165,93,85
25,184,63,142
46,155,114,118
30,193,50,130
51,193,66,92
38,161,71,115
56,155,59,169
44,172,54,122
21,181,82,134
37,174,57,100
27,158,95,147
31,164,104,102
43,175,83,103
44,158,94,97
38,196,102,108
56,175,90,172
26,179,89,144
21,178,52,169
54,167,85,123
43,159,61,95
53,182,95,158
24,175,96,177
40,179,102,107
18,186,95,172
52,174,96,108
51,176,50,101
57,176,99,127
36,152,85,121
58,153,113,110
46,176,55,89
47,193,114,174
48,192,104,80
52,188,107,146
55,192,100,162
49,159,63,95
44,168,116,156
30,179,82,109
39,197,108,160
49,186,95,146
19,190,72,163
39,189,60,175
46,155,79,173
21,186,116,134
56,182,64,81
31,169,106,165
30,159,102,157
27,150,118,104
21,150,74,100
47,168,59,130
25,179,63,113
26,170,66,94
40,184,80,113
26,159,57,138
49,182,114,108
56,172,60,155
23,181,119,99
54,158,74,99
47,184,80,124
36,187,116,139
53,173,100,82
38,196,53,132
24,193,98,125
37,151,119,171
35,174,107,126
49,158,87,111
43,181,93,94
19,182,84,124
26,169,87,90
26,159,95,129
31,189,71,80
18,176,82,98
29,199,119,80
55,150,95,107
35,190,113,114
53,166,96,100
54,152,72,158
47,190,84,88
55,168,54,148
52,159,84,85
45,154,100,123
54,176,68,129
25,195,97,160
31,199,63,135
53,165,116,111
53,163,79,128
42,174,77,163
45,197,108,86
18,153,83,140
49,199,55,174
47,153,56,83
35,184,117,141
55,182,81,142
35,194,51,134
39,172,97,118
42,178,109,146
47,165,60,124
21,154,116,90
36,177,88,108
42,195,76,137
24,174,102,129
53,171,108,136
48,193,90,83
46,168,112,160
30,197,65,104
18,161,60,131
48,152,59,170
34,156,54,167
45,169,79,103
39,193,118,175
22,197,94,91
19,194,108,110
46,191,59,98
30,171,108,80
20,187,99,161
35,168,119,98
56,175,90,94
37,187,106,83
34,163,116,95
31,176,109,178
29,191,65,172
40,167,66,105
56,155,82,110
41,155,111,148
43,193,86,152
35,161,73,162
24,179,100,156
33,158,79,136
25,174,56,131
38,186,68,127
57,166,79,98
50,165,107,157
42,158,101,132
53,181,108,166
43,154,109,136
36,190,114,164
22,159,65,153
41,150,93,88
46,167,60,170
50,176,114,161
41,193,110,160
35,152,57,89
39,197,78,100
50,181,67,178
34,172,61,132
33,157,114,86
47,186,118,136
46,187,111,155
44,191,60,110
22,163,110,169
30,194,61,86
46,174,85,111
34,176,107,143
32,169,66,175
30,176,76,94
57,188,71,151
27,198,76,81
56,166,92,155
18,171,72,102
42,197,72,175
22,152,101,170
20,175,111,115
53,153,90,106
20,193,117,169
52,166,93,163
23,199,101,122
47,184,79,100
37,150,75,170
47,152,65,124
19,152,92,161
50,151,57,163
45,157,64,159
54,156,88,109
34,163,90,146
50,158,119,125
28,162,85,165
39,170,94,115
18,154,50,145
26,197,62,134
59,186,69,124
42,152,112,130
55,152,79,98
58,184,99,103
18,175,75,160
48,181,58,97
43,150,61,113
46,178,69,134
39,189,67,99
45,186,92,169
26,175,86,142
35,179,54,109
33,161,91,102
48,158,110,127
28,161,92,149
56,156,107,159
29,168,85,117
44,189,81,140
27,155,60,151
21,189,108,170
27,159,94,104
29,189,64,134
50,174,83,165
18,164,69,130
23,199,115,176
22,195,98,95
36,173,66,104
49,172,118,128
18,170,65,117
46,163,99,155
48,154,109,87
18,177,88,137
45,167,54,167
22,187,110,97
41,198,85,84
46,175,96,109
41,189,88,107
56,191,116,111
41,178,94,109
21,158,87,102
49,195,55,87
54,184,66,136
22,150,105,124
57,194,115,98
58,199,79,123
54,171,66,109
23,162,82,164
43,150,104,153
53,166,118,172
24,156,50,117
57,171,108,100
21,172,88,174
37,157,71,115
56,199,87,97
43,160,71,106
31,156,67,92
41,157,79,89
23,169,102,101
39,176,66,110
58,165,86,179
56,171,58,103
58,150,63,171
23,170,75,110
45,195,106,106
43,197,109,162
52,167,114,135
34,184,79,80
27,190,107,171
32,188,74,92
59,162,66,166
42,159,90,153
33,177,75,172
34,187,64,173
30,165,100,90
38,167,89,82
31,190,67,138
43,178,118,100
47,169,100,91
56,184,69,116
51,173,90,145
51,177,70,113
50,166,87,161
47,161,62,178
35,159,88,137
32,193,85,121
42,164,82,130
28,173,98,104
29,159,100,152
37,193,109,152
52,176,111,140
36,171,72,151
42,190,94,167
28,155,66,164
19,162,109,110
41,152,82,128
20,156,100,152
44,189,92,92
36,189,100,83
25,154,72,127
44,187,59,90
31,158,65,127
48,182,50,136
21,191,99,157
49,163,103,123
38,189,112,157
40,194,118,104
30,184,82,89
18,164,70,155
19,152,90,151
43,193,105,112
28,195,103,140
21,172,102,124
19,156,106,119
45,181,95,106
19,157,66,151
40,157,104,132
37,157,55,139
42,156,117,82
59,193,57,172
55,191,83,114
19,184,56,117
29,189,87,112
25,182,106,81
46,177,68,169
45,164,83,103
28,176,60,135
29,185,50,87
47,191,51,153
49,196,84,154
38,167,65,80
42,162,97,152
57,197,109,172
30,156,52,120
48,180,60,104
56,194,95,93
57,195,67,137
20,188,116,137
19,175,111,121
56,152,82,88
42,155,106,165
32,198,108,153
54,175,85,103
36,199,103,137
50,166,110,170
28,155,118,102
40,165,113,93
35,186,100,159
47,183,101,115
36,163,57,94
48,186,86,81
39,184,60,95
54,184,103,175
24,155,95,160
54,185,99,113
22,155,83,104
45,167,89,141
52,196,78,164
34,150,72,163
33,190,86,130
21,176,68,147
19,170,82,171
40,177,74,97
26,159,118,95
46,171,62,93
20,185,79,145
44,161,96,81
40,160,108,115
35,199,91,163
52,167,60,144
42,175,65,158
59,178,115,164
19,172,71,99
39,186,70,166
23,196,91,108
36,171,92,163
22,187,63,168
37,176,50,132
43,152,98,86
53,175,77,132
30,151,118,155
37,171,63,136
38,168,106,82
36,173,112,128
24,184,95,151
37,178,69,137
48,170,101,88
40,172,54,158
37,187,53,156
36,185,86,97
29,197,108,108
55,184,97,152
29,170,102,167
59,186,115,94
44,182,108,103
45,178,58,169
18,194,119,133
49,151,104,141
37,171,60,125
24,197,55,131
21,179,90,98
58,154,104,176
41,170,95,146
54,189,72,165
25,158,54,125
45,158,84,168
44,184,89,150
40,199,77,106
58,172,50,120
34,179,108,111
58,151,114,175
22,189,58,121
36,199,100,176
48,150,99,135
41,168,90,153
22,183,86,136
56,163,74,90
32,183,110,139
33,182,119,122
35,199,62,123
55,159,95,103
59,164,102,152
47,151,109,113
45,167,119,135
37,199,50,178
50,178,116,171
28,160,50,103
41,166,76,129
31,151,102,116
35,161,79,177
58,186,108,104
19,171,52,111
37,155,104,133
44,160,74,107
39,172,77,170
45,188,106,112
29,167,110,179
22,197,100,152
46,181,84,132
43,192,83,109
45,185,54,99
30,171,78,97
55,166,95,154
47,168,60,157
29,173,83,135
42,173,85,177
55,156,110,140
32,179,113,158
44,158,104,176
52,172,108,99
59,155,82,145
52,185,60,130
40,186,72,167
25,155,96,173
29,159,66,115
42,160,78,135
59,183,110,133
22,161,107,168
55,178,53,101
23,182,58,143
28,168,50,132
28,152,88,147
25,169,84,124
49,195,100,157
54,187,73,147
25,191,75,159
57,183,64,137
52,165,66,87
56,171,53,154
51,192,69,174
40,198,98,163
46,174,107,107
28,193,58,147
41,152,50,127
39,198,62,99
54,161,58,125
24,186,84,139
48,172,112,80
30,199,112,152
22,150,61,142
46,197,117,96
39,156,99,138
34,164,112,87
39,199,73,81
56,190,102,143
42,180,88,114
39,166,50,85
20,184,54,112
58,181,111,164
41,193,78,96
48,183,104,155
33,170,93,167
35,156,90,103
44,151,110,115
53,183,100,98
32,151,56,149
46,186,82,86
18,151,118,115
31,179,84,173
57,194,78,140
49,177,84,101
31,154,61,153
23,154,91,111
37,184,87,141
41,175,104,146
47,172,67,150
49,172,51,96
26,166,54,91
46,171,79,93
30,167,54,102
26,186,102,145
18,167,90,137
35,167,108,91
58,165,52,132
18,198,92,122
30,174,110,94
51,151,119,145
47,163,75,168
29,189,58,126
29,156,113,84
57,155,78,168
35,193,81,101
40,194,60,155
52,183,95,178
38,185,63,146
25,160,55,155
49,175,91,118
56,155,53,88
26,194,77,173
26,174,64,109
39,178,65,177
59,187,58,138
49,169,53,118
39,176,113,114
55,192,57,98
28,183,65,90
41,161,73,110
50,182,70,152
33,181,65,136
57,161,59,152
47,150,80,177
36,152,71,113
50,184,91,136
46,199,57,129
57,188,90,114
34,182,91,96
53,188,56,161
48,150,66,122
23,177,99,114
25,155,88,168
54,175,92,155
51,174,85,162
47,153,74,89
46,163,56,92
41,181,87,163
38,185,64,88
28,191,95,175
27,174,64,116
28,180,119,175
40,184,113,171
55,151,50,149
23,154,54,123
50,182,85,102
43,180,99,149
31,191,91,152
25,157,65,145
19,192,118,164
41,153,63,168
43,183,53,161
28,169,54,84
43,164,72,141
30,159,106,163
25,171,69,160
28,175,79,114
19,164,101,174
37,175,98,105
32,199,69,149
40,162,103,150
53,160,92,157
40,150,70,164
36,157,78,90
40,176,63,116
41,181,74,81
33,175,87,158
18,197,56,101
22,152,89,153
21,195,57,98
18,192,88,107
18,192,85,91
50,171,109,141
50,181,53,90
27,192,52,179
59,178,63,124
19,161,74,110
40,160,94,105
18,199,51,114
57,168,88,80
41,193,92,80
23,169,53,156
46,191,72,163
31,169,107,93
36,152,106,138
43,197,52,123
51,186,90,151
44,154,50,81
33,184,78,106
32,161,54,101
26,188,109,90
51,181,105,127
28,176,85,147
31,164,83,126
57,187,110,154
33,177,66,112
35,166,79,99
55,186,110,126
22,155,80,147
30,151,114,179
53,168,90,164
23,198,90,133
58,168,110,80
58,175,84,175
59,185,51,157
21,187,82,127
57,177,80,91
47,173,90,175
48,172,93,122
45,165,83,101
25,179,85,103
43,174,61,134
56,163,86,157
27,159,76,165
19,172,50,103
43,160,116,178
55,195,117,83
31,191,73,174
36,176,72,153
32,151,101,92
49,177,109,103
24,152,56,97
44,154,55,166
46,150,103,106
34,192,75,135
40,156,106,83
48,150,91,116
45,175,87,172
24,199,84,106
41,168,81,154
22,174,104,133
43,151,97,104
27,168,55,148
47,199,73,131
32,193,105,110
37,182,87,149
44,161,116,88
33,167,107,91
35,196,65,124
53,195,87,154
59,158,66,131
45,191,57,148
30,175,57,126
36,161,72,82
59,151,72,136
25,151,107,104
48,170,104,113
52,155,103,119
46,169,91,132
44,176,81,104
48,160,67,134
44,151,81,151
56,152,85,163
36,166,69,162
34,155,102,120
37,182,80,102
55,191,92,161
18,153,91,103
57,183,88,84
46,156,62,128
19,192,58,133
37,168,112,113
49,150,114,135
40,154,105,141
40,183,74,131
52,175,67,168
21,161,94,80
52,182,110,123
56,178,78,83
24,184,63,112
42,153,118,101
42,161,79,177
39,187,100,124
42,185,52,92
29,196,78,138
53,161,88,107
30,152,56,171
21,176,65,84
54,196,70,158
31,150,55,97
42,186,68,111
49,178,98,100
34,164,101,132
27,172,95,90
19,160,69,116
22,182,108,139
57,171,97,93
45,153,116,105
31,184,51,109
53,188,77,97
34,158,79,173
31,178,93,82
28,151,58,81
18,158,97,98
49,178,52,98
20,192,83,107
46,198,71,158
47,194,95,137
27,185,82,93
48,184,84,147
26,189,119,90
18,173,71,164
44,182,111,114
34,193,70,167
33,180,84,139
59,172,56,84
30,199,62,104
46,153,109,137
29,172,72,149
56,182,108,155
53,170,59,165
44,162,88,174
22,166,119,89
58,170,116,98
41,156,108,106
36,170,109,153
53,163,90,124
56,171,100,135
43,150,91,87
42,180,78,168
42,179,62,105
42,199,61,124
18,178,60,128
47,176,111,121
43,163,101,133
30,172,98,107
50,193,107,149
48,192,73,123
58,161,97,89
56,171,82,126
47,167,106,99
43,154,74,80
25,185,95,178
59,175,109,145
47,191,89,125
33,177,118,96
45,188,71,178
42,179,100,106
25,167,63,148
46,173,119,92
26,163,109,89
50,171,90,91
23,167,84,161
42,172,99,114
18,191,80,153
58,185,58,174
33,164,109,151
21,175,112,125
39,197,62,140
25,194,54,142
40,158,90,155
40,172,74,163
47,192,67,166
53,155,108,169
19,192,57,97
29,157,113,145
28,181,101,121
50,183,103,87
28,188,52,169
46,180,89,146
19,191,69,106
20,161,68,152
29,167,63,134
22,189,87,101
24,156,81,138
31,183,108,88
27,194,114,129
22,173,101,166
25,184,74,136
47,156,63,141
32,180,102,128
41,191,97,141
55,172,82,101
43,170,87,125
18,180,80,122
39,160,93,176
45,190,53,159
37,151,114,175
20,166,81,97
50,154,64,127
40,181,62,152
34,172,70,119
19,152,86,121
36,178,86,142
45,173,62,144
44,168,70,113
20,196,83,155
31,170,76,94
40,181,85,93
35,194,67,166
36,176,116,161
49,171,108,108
29,181,75,165
43,184,99,97
30,153,99,161
19,153,93,101
37,189,57,145
50,193,93,153
33,153,86,139
19,155,81,153
39,174,100,141
29,192,118,176
30,197,110,155
53,180,91,177
24,174,73,110
41,169,96,156
57,184,71,107
20,193,110,125
21,197,59,127
57,188,108,176
57,188,54,121
20,162,63,160
47,162,102,164
42,153,64,96
38,173,118,100
35,198,76,177
55,192,107,91
34,184,69,84
23,194,93,98
35,165,114,121
54,151,110,101
32,174,54,150
26,165,73,121
22,152,66,165
59,178,71,145
36,179,107,104
49,172,98,173
48,169,64,144
54,177,55,179
44,154,111,167
38,171,93,130
53,155,111,123
46,198,84,165
36,179,56,150
52,165,81,112
29,197,79,159
33,158,60,177
50,180,71,153
37,199,102,166
41,160,95,109
31,190,108,151
50,160,105,151
30,182,58,136
51,196,107,174
52,174,74,98
34,182,70,108
50,151,110,149
25,192,85,130
34,171,104,138
53,156,89,168
55,186,109,160
39,189,115,94
34,162,80,84
57,171,92,170
34,175,106,112
45,171,64,113
45,193,109,108
51,178,92,114
40,158,67,153
53,159,54,129
38,166,70,118
53,151,105,89
22,164,59,143
20,156,93,139
34,166,109,152
38,155,119,175
56,164,96,161
31,184,99,127
26,173,58,104
48,165,96,152
54,187,101,86
40,190,117,83
21,181,66,140
57,189,103,124
22,163,52,174
49,195,91,120
35,189,103,119
38,188,118,110
38,185,95,139
57,198,101,149
37,170,75,157
47,193,87,177
20,172,63,146
33,169,74,95
55,176,105,91
48,173,99,140
29,179,77,86
40,194,95,155
34,173,55,170
28,171,114,134
21,179,87,149
35,189,96,154
52,152,97,128
56,162,97,141
55,183,118,108
51,183,86,143
23,181,98,129
21,152,78,136
54,195,57,161
30,171,109,86
28,178,70,108
33,189,65,117
49,158,105,125
57,162,73,110
46,165,75,82
45,162,54,104
37,169,64,152
57,199,110,154
57,167,59,155
59,165,56,120
33,160,86,124
35,198,74,131
49,152,63,117
30,175,103,85
42,195,50,177
49,159,96,113
42,182,109,171
36,171,65,115
37,170,90,138
38,180,85,82
23,164,74,149
35,156,50,138
27,165,117,104
23,164,68,139
51,153,58,133
39,171,100,125
33,167,73,86
57,179,90,158
25,165,87,169
41,153,92,153
27,152,80,166
40,154,73,175
42,156,53,137
42,160,89,98
30,196,80,171
54,153,94,153
28,198,109,150
43,178,65,103
27,172,53,131
52,174,51,136
46,199,50,112
54,167,69,80
45,157,116,167
40,193,82,172
24,168,109,140
55,193,68,81
25,182,96,134
48,196,85,174
52,159,94,117
24,190,107,163
39,175,62,133
23,167,63,120
30,171,117,173
46,194,68,145
27,175,92,173
21,190,54,112
59,159,61,89
50,168,67,81
40,155,65,155
20,190,117,131
18,152,87,154
27,189,88,102
44,152,73,167
19,151,85,165
27,189,105,138
19,155,75,83
30,189,92,170
41,170,55,108
51,192,100,116
39,169,96,155
20,165,66,89
22,197,67,127
56,185,93,122
40,197,104,158
34,197,74,137
31,187,117,174
41,196,119,125
39,150,113,118
20,163,67,88
51,175,109,132
40,165,92,87
24,155,64,124
41,159,82,131
53,153,53,158
45,158,59,159
45,175,57,177
22,183,90,85
59,156,76,164
57,183,78,112
25,169,83,108
32,197,103,85
59,175,85,95
55,182,105,167
54,196,75,97
23,164,92,125
57,194,56,179
55,196,105,128
23,173,86,116
56,175,54,175
33,170,71,127
46,154,80,178
18,195,70,176
21,152,93,80
38,173,107,88
43,160,83,142
48,183,88,129
33,163,104,89
44,174,81,104
55,157,113,124
44,176,119,98
54,172,71,96
45,177,111,97
20,152,101,96
28,184,94,106
24,162,70,154
21,179,53,130
49,157,66,121
33,172,74,102
22,177,100,99
24,178,82,179
48,192,100,155
36,193,116,118
28,178,80,161
31,197,90,119
54,190,77,166
19,154,119,179
53,172,83,100
25,175,50,143
49,175,96,147
50,151,107,88
58,159,115,120
58,191,71,157
31,162,53,141
59,160,101,137
40,172,93,113
58,161,58,126
46,183,90,121
48,188,55,116
39,192,87,97
36,168,87,129
59,153,70,147
51,169,86,178
51,190,88,114
44,188,65,162
46,167,112,171
45,163,104,178
24,193,55,134
41,167,84,93
59,175,50,109
58,181,119,165
27,167,57,106
49,152,96,128
26,156,89,113
56,156,104,106
50,158,110,127
21,156,99,100
27,187,89,80
26,169,71,118
30,167,83,85
27,187,55,140
58,186,111,118
52,173,72,164
47,198,102,173
24,156,119,121
32,183,116,90
24,155,108,169
48,172,111,174
36,166,102,87
35,172,79,171
24,169,80,164
35,199,76,103
32,190,107,178
31,189,108,170
27,184,73,122
30,162,102,86
30,183,107,124
45,183,83,168
51,189,52,167
48,185,63,114
26,173,57,135
56,182,51,99
51,197,71,129
56,166,89,126
46,198,118,131
36,184,62,96
18,150,70,115
34,155,112,179
48,150,98,85
56,179,95,157
18,185,78,126
18,199,76,169
47,195,82,142
59,171,68,168
28,198,73,134
55,183,118,101
43,188,84,159
51,168,112,139
38,184,61,151
21,185,67,135
35,196,88,170
45,192,110,135
45,151,107,98
37,173,117,147
40,176,64,159
37,153,102,141
35,159,93,82
23,168,100,175
59,173,85,112
28,196,50,152
57,179,111,124
46,172,102,88
31,154,90,110
39,152,74,172
26,194,95,113
20,189,119,153
31,161,108,163
43,153,52,145
35,173,61,107
31,163,116,158
25,178,87,103
46,166,75,105
25,185,91,158
51,155,92,133
36,177,107,137
58,197,98,165
25,154,76,134
50,193,58,113
28,172,52,93
45,184,83,117
23,158,74,116
19,197,72,116
56,192,113,101
26,195,113,131
44,182,118,138
48,181,114,158
49,166,100,148
48,188,90,131
58,198,113,89
40,193,104,170
25,195,106,159
28,198,93,124
25,163,117,171
50,186,110,178
40,155,79,99
43,178,99,91
55,188,92,167
41,177,82,120
27,164,55,115
52,159,91,104
34,157,102,84
46,178,83,104
21,196,107,166
54,198,68,141
43,196,55,151
18,191,71,133
45,189,101,153
40,170,105,108
24,193,84,140
20,189,90,145
33,160,77,106
59,155,89,145
52,181,86,167
35,170,94,101
36,156,84,162
49,166,117,171
44,198,115,142
50,181,76,129
24,194,61,112
40,159,82,90
43,199,110,108
26,187,71,113
26,155,51,83
31,199,51,108
34,189,60,159
25,194,58,95
48,166,96,113
57,199,51,83
30,192,67,119
51,193,53,135
55,177,112,164
36,197,111,134
37,163,85,85
55,175,112,89
59,187,76,171
41,150,86,89
26,179,65,155
57,172,92,81
22,186,88,113
40,150,57,132
28,178,74,87
58,185,87,170
39,194,58,94
49,183,97,86
45,197,92,168
36,185,97,115
33,190,83,104
28,189,116,85
42,170,80,87
26,178,110,171
47,174,101,179
20,155,80,156
22,167,86,120
45,169,107,127
19,173,102,113
40,188,52,165
28,156,53,97
44,152,61,98
20,191,104,106
24,190,88,178
32,178,78,156
38,183,66,108
27,187,94,159
32,177,91,112
58,166,62,119
54,199,84,131
34,151,62,139
19,158,108,104
39,192,119,179
48,152,86,176
49,165,52,148
33,162,92,89
56,175,110,98
36,185,115,170
27,166,109,84
51,177,65,114
40,170,65,96
28,160,58,141
54,191,54,177
46,196,68,139
58,174,80,138
53,195,71,89
37,163,65,126
44,167,100,167
22,198,61,111
23,166,54,161
21,178,53,113
41,173,54,111
34,178,116,156
20,155,86,132
24,172,60,150
42,167,109,162
33,161,65,91
28,152,113,84
24,174,77,101
46,190,57,148
43,186,58,172
32,164,77,140
20,158,103,176
37,194,93,93
54,164,97,161
39,153,60,101
20,184,59,130
40,172,95,155
54,189,97,101
20,180,68,141
32,183,74,84
36,162,63,138
27,151,90,84
54,187,78,107
59,186,74,142
26,173,91,147
30,170,118,137
46,167,111,90
43,162,89,117
52,176,80,164
41,190,80,105
22,163,108,117
54,198,63,177
58,163,118,159
58,155,95,107
51,188,102,91
58,155,66,158
35,180,64,98
55,167,70,173
50,192,52,151
24,154,53,81
44,172,74,149
55,174,78,145
25,160,80,170
21,181,105,165
28,167,61,87
20,154,106,94
36,187,102,140
32,174,104,132
37,187,50,83
20,173,63,155
43,182,51,164
48,174,118,129
25,180,118,160
36,192,101,82
40,151,95,86
57,189,99,99
27,187,68,127
39,164,69,127
19,152,86,87
28,180,61,93
56,184,109,162
54,192,78,138
50,162,51,101
20,157,91,107
30,181,85,136
49,181,95,146
55,180,103,114
42,182,65,129
41,189,66,160
42,178,74,128
55,163,111,134
32,193,90,151
55,197,66,93
37,178,101,147
23,174,64,138
28,164,61,111
33,178,110,121
31,184,114,85
18,152,68,170
35,195,97,173
40,183,55,147
41,181,75,102
22,188,86,92
42,156,53,104
20,152,114,110
20,188,51,179
25,167,62,136
45,186,64,87
31,151,76,95
53,171,110,148
50,193,51,134
27,197,78,98
25,162,116,114
19,197,70,114
54,173,104,126
29,184,108,103
36,159,119,100
33,191,97,113
20,182,116,134
44,185,86,128
54,185,52,113
28,190,51,124
47,161,110,138
37,194,72,89
40,191,104,94
40,198,83,110
28,158,93,97
20,161,68,166
24,175,76,138
18,159,109,170
36,188,96,177
24,177,60,113
57,180,88,138
36,157,63,94
51,155,75,110
30,178,56,122
56,165,63,151
50,196,63,120
52,160,65,110
42,173,86,161
36,158,61,170
52,183,82,103
28,196,83,93
29,189,102,109
49,185,119,154
23,195,74,85
44,180,85,94
29,176,80,164
25,177,108,136
51,194,55,106
21,164,67,158
37,177,115,135
55,168,61,148
52,158,75,112
55,161,108,136
35,179,88,138
24,150,71,154
18,192,72,139
45,164,90,130
19,191,105,111
38,157,81,135
53,159,115,157
44,154,119,111
50,166,118,119
34,160,113,142
27,150,53,146
38,188,106,157
48,168,95,176
52,180,119,118
40,164,71,146
44,179,63,110
20,195,50,87
33,171,65,90
55,174,65,126
35,199,63,126
25,192,91,134
31,194,119,111
31,171,60,133
25,165,99,126
49,179,95,119
25,160,85,145
53,159,89,167
43,158,110,148
19,165,116,156
41,194,97,131
58,180,118,95
27,155,74,109
57,187,73,81
43,188,69,114
36,163,95,97
54,170,60,176
41,196,66,117
57,185,106,105
54,161,52,103
41,185,115,142
24,150,93,93
45,172,104,177
21,181,79,164
22,188,95,99
35,150,67,166
34,161,98,99
21,166,74,171
22,191,59,171
50,178,93,160
56,160,72,119
19,164,54,98
22,186,58,80
32,187,98,91
41,188,94,132
55,183,53,143
34,194,97,125
41,191,116,121
39,182,99,161
54,190,114,179
55,151,73,120
41,152,109,112
49,153,85,147
35,187,101,145
27,189,79,175
44,165,92,142
39,159,52,170
49,169,82,84
22,165,59,83
25,188,82,155
31,167,86,143
31,172,113,115
29,169,118,153
41,183,95,124
24,166,83,124
35,194,88,139
37,154,96,123
52,159,115,154
47,169,94,148
40,152,86,166
34,189,88,134
25,188,104,91
39,169,53,145
33,152,92,91
38,161,93,172
57,184,62,157
29,179,66,96
48,156,69,129
43,157,102,102
18,166,94,90
49,174,86,124
56,191,63,129
52,182,99,119
44,171,102,161
53,169,86,88
23,187,107,160
49,169,100,112
51,189,110,120
18,191,115,143
19,195,70,169
36,155,92,131
55,195,97,119
35,187,82,118
25,175,83,161
44,195,99,173
24,165,58,119
33,189,67,127
35,176,71,161
46,167,53,162
43,177,104,146
25,151,108,132
51,176,82,166
30,188,102,80
37,165,117,133
48,180,102,110
30,162,103,160
19,198,108,90
39,189,63,145
37,154,107,89
44,180,69,114
57,159,65,151
57,183,56,154
18,166,86,151
36,170,88,106
52,159,88,141
20,162,109,108
34,162,105,160
54,187,102,86
47,177,86,170
46,161,72,86
44,183,101,110
28,193,118,178
31,153,100,118
28,158,94,100
59,197,51,121
56,174,115,173
44,190,80,119
55,162,59,153
39,185,99,82
42,176,85,150
24,153,100,98
49,178,69,132
35,166,119,103
46,180,104,172
49,172,76,136
51,197,92,161
45,163,106,118
29,179,86,164
56,174,76,107
46,184,110,125
26,176,94,118
30,187,119,122
41,150,110,94
58,157,90,168
51,197,59,103
23,154,65,149
30,185,77,165
49,191,109,146
48,199,106,148
27,177,80,141
27,162,51,124
46,188,75,110
40,187,118,111
34,160,65,157
37,167,85,150
36,196,64,147
22,178,89,156
44,163,78,113
31,191,97,139
32,182,65,129
50,189,67,101
25,183,88,127
33,179,110,131
21,188,63,81
37,196,102,165
18,151,109,84
23,178,64,86
23,153,117,151
34,159,73,170
21,195,70,116
41,184,69,165
23,166,91,94
38,163,75,169
19,156,113,141
54,161,85,130
52,164,106,81
23,162,87,101
35,193,102,105
30,193,88,109
32,167,85,153
26,176,68,174
55,190,99,161
53,179,74,89
18,152,84,145
31,153,106,160
51,195,95,90
20,190,76,145
58,161,85,95
24,151,94,107
50,160,99,151
50,167,51,111
48,196,52,124
20,186,75,92
23,165,71,113
59,187,111,139
57,187,97,103
21,181,116,160
24,157,112,95
18,173,62,158
49,171,93,80
49,162,64,167
39,177,85,123
21,194,56,80
48,189,58,123
54,180,114,178
28,162,101,143
26,198,54,159
36,175,77,148
18,190,86,93
24,199,69,89
52,188,100,126
32,164,111,100
30,151,63,171
20,166,101,114
24,184,86,165
43,153,80,162
49,154,51,80
41,189,118,157
58,150,64,92
31,166,68,134
44,159,59,140
29,161,95,165
51,163,75,174
31,174,109,107
32,197,112,134
22,170,62,174
45,163,95,161
58,178,59,163
47,152,118,104
37,180,90,179
50,168,115,168
26,173,56,114
38,165,71,108
50,190,109,154
19,163,96,112
32,195,91,100
48,155,87,161
23,164,118,145
19,170,101,106
59,195,110,156
41,176,111,100
55,177,115,141
39,180,83,108
57,175,75,142
50,188,92,150
38,183,79,168
37,171,69,162
42,169,64,94
27,173,102,119
44,153,89,119
22,196,87,90
28,152,88,110
42,160,80,162
19,166,76,92
58,193,73,129
27,196,103,113
32,193,103,100
35,150,75,80
33,179,100,122
50,190,102,101
45,151,79,162
52,157,66,88
41,155,72,166
20,178,113,135
58,169,69,127
55,179,93,113
32,184,98,170
54,167,115,139
35,163,118,81
51,161,59,140
28,163,95,122
47,184,63,154
59,178,100,138
25,152,114,111
36,158,69,109
25,161,60,140
27,155,115,80
29,199,104,116
55,188,59,118
59,166,53,102
24,199,114,137
49,167,94,179
27,152,78,113
57,167,84,109
26,195,84,165
23,192,110,139
31,164,118,149
21,195,89,178
34,182,98,83
25,164,88,145
35,160,113,167
55,182,76,97
19,160,58,122
57,163,104,157
20,189,72,86
22,195,83,85
39,194,83,133
50,190,84,164
30,179,91,106
49,161,115,123
28,179,50,128
53,164,65,112
59,186,50,130
47,162,101,173
40,152,107,123
45,163,57,151
50,157,106,147
47,150,110,106
54,172,107,122
44,196,90,105
36,158,71,105
27,188,58,132
21,199,55,104
45,186,103,148
25,199,115,131
50,186,103,106
24,157,119,150
21,168,71,137
46,151,76,172
18,157,114,164
43,180,100,96
30,157,101,141
41,192,65,118
29,165,65,173
18,156,62,109
49,169,100,88
40,185,66,142
57,168,72,176
50,167,94,122
28,160,98,120
32,176,90,155
26,150,73,134
23,167,59,128
35,190,86,139
59,172,76,110
27,191,115,172
36,196,69,161
58,193,54,99
43,189,68,106
33,157,94,107
56,180,62,83
22,199,107,146
58,167,50,97
18,166,82,174
45,163,95,103
30,190,115,129
24,161,111,82
20,187,104,94
40,170,75,104
28,153,85,103
52,188,57,163
56,190,94,159
39,193,52,138
27,181,94,173
48,181,78,171
32,155,114,104
21,192,117,121
50,188,103,87
56,165,91,92
34,193,111,171
21,177,63,141
48,191,56,124
22,195,93,115
42,165,70,145
50,175,97,163
35,154,64,115
49,190,115,179
37,196,63,125
45,157,79,89
43,156,72,81
50,188,108,113
33,193,82,121
48,159,104,89
24,158,113,98
18,194,82,100
42,195,89,148
59,154,66,82
47,169,96,133
25,165,89,92
33,176,67,143
48,172,96,163
27,193,55,84
19,171,71,157
28,190,72,146
46,169,100,92
46,194,93,103
50,151,73,85
55,178,70,97
30,199,111,145
36,175,86,141
23,171,91,148
40,152,104,173
51,153,68,92
19,183,98,160
55,192,102,118
30,180,70,116
52,197,84,167
34,164,85,98
52,166,59,110
50,168,116,100
45,171,110,125
39,178,90,105
49,153,77,99
28,163,118,124
53,199,65,140
24,154,79,136
57,165,102,157
36,189,103,167
37,160,62,97
45,192,65,107
49,190,52,125
56,190,91,146
56,160,86,100
34,190,118,107
30,158,105,147
43,163,88,143
31,174,78,165
19,192,70,82
23,165,95,172
45,171,72,125
53,168,91,109
55,198,89,150
21,197,85,171
29,196,101,107
30,189,82,170
32,176,116,89
22,179,114,166
27,179,80,177
25,153,96,87
26,153,118,125
35,161,117,166
46,153,101,113
32,194,59,177
26,177,104,115
44,161,84,147
21,183,114,129
25,167,69,116
47,192,71,131
47,159,63,174
54,164,63,81
50,190,110,109
26,198,78,114
50,187,63,128
56,161,96,163
20,172,112,81
58,195,108,83
36,157,70,171
39,155,92,80
59,194,113,152
53,160,115,159
23,158,102,178
44,178,52,98
45,193,112,138
28,180,95,89
21,155,110,150
51,166,68,172
26,173,92,150
55,160,118,103
28,175,89,142
31,190,117,154
27,160,68,97
24,186,85,142
32,172,62,154
36,155,66,119
43,192,95,87
46,158,83,171
41,166,87,88
44,151,84,113
19,178,112,166
35,194,94,179
54,160,85,116
36,154,103,151
53,158,58,130
57,178,65,101
22,196,52,162
54,165,117,122
51,152,61,138
42,199,110,115
33,151,117,130
45,178,103,122
57,160,104,170
20,197,52,166
23,165,101,107
49,193,98,139
20,184,82,161
45,183,78,160
46,153,100,127
33,182,79,157
40,191,116,129
23,188,50,175
49,187,96,102
54,160,117,115
39,175,98,135
34,173,68,103
19,163,76,161
41,156,92,122
55,180,55,164
20,157,104,137
41,155,79,123
24,191,71,176
58,161,99,149
34,152,113,83
25,160,62,99
24,191,83,179
23,156,110,175
27,154,70,151
59,158,103,152
35,173,88,150
21,195,96,100
58,198,118,163
54,185,113,106
59,156,84,87
50,193,77,100
52,160,57,120
18,168,102,165
51,152,72,139
35,161,54,146
37,196,92,126
33,159,83,178
38,167,111,149
49,165,72,155
52,167,87,123
25,182,54,128
35,154,64,177
20,183,60,147
50,166,58,140
58,197,77,158
30,168,64,88
56,184,110,168
36,171,113,155
56,183,85,113
35,187,103,163
54,190,72,137
30,157,108,140
46,178,89,169
36,193,109,96
56,152,75,120
33,156,75,146
53,185,87,130
33,158,90,167
35,199,103,100
30,192,108,128
39,154,97,98
55,183,92,86
44,192,89,121
27,181,107,149
56,188,117,115
55,165,105,141
48,166,77,132
22,153,100,133
43,153,119,162
21,150,85,88
57,181,84,112
54,190,70,144
19,192,105,128
19,161,72,174
44,159,57,158
48,164,63,115
52,161,101,139
23,199,100,146
19,169,118,129
39,161,87,128
54,183,103,152
26,159,91,140
26,176,118,117
25,196,102,93
57,193,116,149
22,178,54,132
18,189,80,157
21,164,102,82
22,166,70,146
28,161,98,143
48,154,106,160
40,169,67,149
37,171,61,114
22,185,84,145
35,173,85,151
25,177,92,126
20,169,110,166
44,197,66,108
35,166,101,95
44,190,104,128
24,165,113,129
54,155,84,146
40,189,109,103
41,192,55,177
18,172,55,81
42,198,56,117
33,171,71,97
22,198,116,156
47,189,55,98
38,196,79,120
43,178,96,142
23,190,54,89
27,155,107,169
52,155,80,107
34,179,83,172
40,169,101,167
36,180,72,119
53,161,54,90
27,173,91,157
19,198,54,149
18,171,57,116
43,165,81,154
22,170,86,131
37,162,79,97
51,155,78,124
57,179,64,128
20,190,82,142
41,150,116,129
56,160,77,122
24,178,76,87
36,180,75,85
32,166,112,146
48,180,72,137
57,167,50,158
38,194,51,103
31,179,51,137
32,152,94,166
34,199,90,152
26,162,72,106
50,198,92,156
41,172,68,152
30,198,104,115
58,175,85,105
33,164,58,85
28,197,112,132
55,182,87,175
49,156,57,82
40,190,63,97
53,176,101,84
35,180,99,117
39,192,106,111
51,165,75,170
21,166,108,82
30,199,63,90
32,158,85,102
40,178,78,110
48,154,117,136
47,180,85,97
36,175,103,118
23,152,105,126
33,189,73,87
48,193,89,111
57,169,69,172
41,194,72,175
58,178,52,108
36,155,105,159
33,160,55,174
45,151,79,153
40,162,102,113
29,189,88,175
54,193,87,127
29,194,102,126
21,157,114,101
46,185,80,90
24,189,70,131
32,157,104,102
43,174,81,136
32,184,103,156
55,172,73,83
52,190,86,82
34,183,90,125
58,188,112,129
42,151,63,89
53,196,52,89
28,189,60,146
30,157,85,161
20,195,113,147
42,164,102,176
58,189,56,134
32,176,65,177
59,166,92,105
30,190,108,123
41,174,57,105
33,198,110,154
58,186,79,164
39,182,109,81
48,188,99,95
24,173,104,117
28,177,112,115
55,155,117,120
38,176,108,125
54,153,70,122
47,176,96,149
34,191,51,100
40,183,50,101
55,199,115,106
46,188,84,159
54,192,95,81
50,151,110,132
53,183,94,152
46,182,61,175
42,169,84,132
46,152,117,83
49,161,50,128
56,152,61,179
30,184,86,91
44,192,117,134
37,160,74,152
57,196,51,117
33,197,116,178
50,188,80,112
50,152,58,130
24,153,100,156
35,189,86,129
27,153,117,128
20,155,68,173
36,194,55,150
28,173,78,147
20,166,105,122
32,186,64,165
22,199,119,108
20,167,101,91
56,192,76,106
18,182,62,89
35,183,95,131
44,165,63,173
31,160,92,164
20,178,113,168
54,197,119,123
26,195,116,88
58,185,97,102
19,158,96,138
37,167,93,105
26,173,85,147
36,180,59,162
38,172,93,98
48,194,109,92
40,189,63,150
49,178,84,117
24,154,72,165
31,177,105,149
21,177,89,168
26,166,92,177
49,150,70,105
44,152,96,91
31,186,95,160
26,164,111,163
50,198,74,126
34,174,68,122
41,154,86,161
31,163,96,134
44,179,70,126
51,166,67,106
42,150,78,80
48,163,59,145
50,161,95,129
52,155,96,170
18,162,110,113
47,166,104,90
37,155,62,123
59,197,117,134
33,166,63,117
37,175,59,106
46,152,62,160
36,195,100,96
58,162,84,104
50,195,84,163
35,197,108,102
36,183,94,87
20,179,85,144
56,185,77,118
21,190,81,164
21,182,101,131
51,161,104,84
22,190,89,150
48,169,101,170
43,192,115,171
19,174,91,81
30,174,109,163
56,163,50,86
59,182,66,155
57,188,84,169
27,161,116,171
42,191,56,95
42,197,76,140
19,158,107,84
45,191,54,139
45,175,77,145
57,150,56,94
39,150,89,88
21,150,115,165
20,158,75,89
45,155,93,133
52,174,84,87
36,193,75,99
35,191,66,98
44,193,83,87
27,162,97,123
20,153,114,109
19,198,101,99
34,152,64,138
42,168,105,178
46,186,114,164
21,197,96,174
59,168,50,87
39,174,80,137
23,151,87,143
36,194,80,120
48,181,118,91
32,159,82,123
26,150,95,150
32,181,88,156
47,179,90,135
38,177,94,124
55,186,66,116
59,184,61,125
56,152,65,155
36,153,66,133
46,179,54,83
41,161,97,171
44,187,77,100
30,169,114,107
26,155,70,105
40,168,84,146
35,175,56,136
26,186,80,172
32,173,79,136
20,196,73,167
21,155,98,178
49,156,106,165
35,172,64,139
54,197,86,141
50,167,57,106
19,170,61,114
25,181,101,120
21,175,116,126
19,168,65,154
53,151,98,96
48,161,87,98
29,159,72,121
26,169,89,82
51,158,116,112
26,191,62,80
22,153,99,161
30,185,83,167
56,164,71,108
40,184,117,170
22,156,84,110
21,155,112,93
31,191,83,166
49,199,72,173
56,191,70,87
37,194,52,138
56,168,89,149
44,181,73,131
45,173,111,144
18,161,102,127
46,163,67,139
55,157,116,100
57,157,57,85
38,189,52,90
30,156,76,166
51,179,75,124
41,156,83,102
34,196,89,142
19,171,100,102
53,160,113,99
25,178,59,167
18,164,81,141
29,162,94,157
31,183,59,123
30,167,81,177
23,190,106,109
44,161,117,137
35,180,64,147
48,167,75,130
35,173,102,167
59,153,92,119
22,191,79,120
26,176,105,103
33,191,58,91
29,163,54,151
29,177,89,153
50,189,52,104
28,158,101,138
27,152,101,176
45,186,65,156
21,159,95,152
45,196,60,92
52,186,56,144
47,188,73,87
47,168,50,91
49,150,94,167
33,167,52,116
30,184,98,126
50,152,63,89
46,190,78,128
38,183,61,88
54,199,91,97
51,171,86,110
21,180,56,130
35,184,108,115
34,191,110,164
24,168,110,161
40,188,61,106
40,193,57,139
25,171,66,146
21,157,104,136
53,185,69,133
31,155,117,119
25,179,87,86
27,168,83,174
35,154,115,139
58,179,116,125
59,159,89,160
21,192,64,158
31,167,111,155
56,174,50,173
53,195,112,80
32,194,73,91
35,156,86,103
59,150,104,176
40,152,106,106
46,196,77,150
33,171,112,145
26,156,53,138
59,198,73,153
22,170,67,89
50,186,73,173
51,181,119,127
27,169,117,122
43,168,57,172
56,184,67,127
43,197,85,139
58,166,88,176
32,170,115,161
51,182,75,80
24,192,72,131
22,196,53,140
52,198,92,152
25,150,54,145
26,159,56,108
45,198,69,129
24,172,114,122
24,177,78,95
24,159,68,86
53,170,95,106
45,194,82,162
28,160,76,82
24,188,114,161
54,174,65,90
54,167,108,89
49,162,111,166
55,198,70,118
54,153,117,115
57,162,94,112
21,190,118,93
19,163,55,137
51,161,98,177
32,195,93,154
36,163,66,132
53,154,58,128
23,192,61,140
32,186,68,99
35,178,59,136
24,168,87,101
46,191,92,84
26,183,110,172
48,183,108,146
36,150,74,152
57,155,119,87
38,185,94,103
44,168,83,137
56,198,66,161
29,165,102,165
25,182,102,146
50,193,95,110
22,160,116,101
45,173,66,152
49,151,54,105
20,196,116,124
51,176,66,103
24,195,94,87
34,166,116,175
41,156,61,141
50,190,106,93
26,179,82,171
35,179,90,144
38,171,86,153
43,199,54,113
30,161,66,90
46,198,93,142
52,163,64,149
23,184,57,115
55,163,111,144
37,180,81,145
41,161,59,163
40,150,81,96
49,177,95,127
55,180,94,133
30,152,86,171
32,163,76,158
59,183,85,95
22,170,112,121
23,158,73,113
23,196,52,109
40,162,101,148
32,175,56,117
46,175,54,152
43,168,94,89
56,154,55,83
18,158,63,106
40,185,95,168
52,188,91,87
30,196,79,174
59,174,66,114
19,153,97,101
44,159,93,120
44,157,96,161
38,186,99,170
59,175,105,174
22,175,117,179
33,198,70,141
41,150,52,99
44,181,56,102
59,160,60,125
55,165,54,152
30,166,117,117
59,175,87,125
34,166,104,108
27,180,84,92
46,196,78,81
25,196,80,110
26,173,93,172
54,171,56,90
40,184,111,119
37,196,54,110
43,179,62,163
18,158,65,163
44,161,101,124
36,193,87,123
38,166,69,121
53,189,87,120
56,167,71,121
20,192,81,119
19,152,56,99
18,158,106,87
25,153,50,121
49,153,58,178
40,180,53,135
44,156,56,106
18,160,116,140
57,187,101,148
25,157,115,114
58,177,74,127
52,172,58,177
27,154,113,157
35,194,59,173
46,177,80,111
25,190,112,120
34,179,69,149
40,195,111,136
21,175,102,129
49,197,78,131
32,157,76,106
38,197,57,178
29,150,89,114
38,187,61,126
33,173,53,106
30,158,69,168
30,161,118,159
21,162,84,114
50,157,93,163
30,187,60,159
37,189,64,155
24,181,85,114
20,197,111,81
18,160,99,156
43,150,119,89
40,183,66,82
55,181,53,161
36,158,56,88
56,193,83,124
42,165,115,86
51,154,73,146
34,173,69,99
18,161,50,151
50,173,70,110
59,160,116,114
55,157,98,107
18,170,92,96
32,183,79,123
40,168,109,168
30,155,66,100
39,159,58,92
56,175,50,99
34,154,93,85
54,194,88,141
34,185,74,154
28,189,105,174
22,176,68,149
28,197,57,141
44,175,114,93
20,173,113,137
34,172,116,139
28,198,83,105
59,174,98,102
21,184,71,98
53,194,108,105
21,182,75,135
18,174,102,103
25,199,58,138
43,168,106,178
44,163,100,105
57,199,96,98
44,195,57,175
57,171,65,151
55,186,93,131
47,161,109,130
44,155,109,155
56,197,60,125
41,174,112,97
32,151,102,88
49,198,109,83
27,171,61,82
35,196,72,109
44,195,76,171
58,191,85,156
40,170,114,137
47,166,94,90
33,197,87,136
59,172,103,150
58,151,119,82
27,181,107,91
28,194,107,167
56,178,119,159
25,199,70,146
53,168,55,98
55,198,72,136
24,161,109,137
37,170,119,109
32,198,100,142
57,183,100,174
49,166,105,150
36,195,56,141
30,152,108,128
49,195,105,136
23,160,76,94
38,163,107,169
30,163,88,172
54,182,104,169
48,198,106,158
20,194,85,85
44,175,95,102
44,153,96,162
43,186,104,96
52,193,51,152
40,173,74,143
39,164,113,122
48,167,109,178
32,194,106,144
21,174,85,99
33,169,61,142
27,166,84,166
57,150,57,103
35,192,68,128
23,170,64,114
26,161,66,133
24,178,51,169
42,195,74,82
50,191,62,143
35,177,85,172
58,150,80,179
36,199,85,106
19,171,87,163
36,186,88,149
21,188,96,160
34,164,63,102
37,161,112,149
55,187,53,138
44,150,57,144
43,197,67,83
46,169,66,135
41,195,60,175
19,192,86,162
19,189,116,162
59,164,102,97
47,162,62,167
27,157,69,127
38,169,93,96
44,158,86,149
34,169,85,150
23,165,82,101
53,151,69,130
49,178,110,107
33,154,59,167
35,196,114,82
59,186,103,96
40,162,101,115
48,174,56,133
35,184,92,175
52,165,80,164
39,192,69,155
56,169,101,130
59,190,97,95
21,173,96,170
49,172,91,105
35,197,114,175
50,194,54,92
28,167,96,89
37,168,102,126
46,176,99,106
36,157,56,154
45,178,74,96
31,166,107,105
47,151,114,106
53,174,50,146
59,192,93,156
44,163,104,160
59,154,101,159
33,184,114,109
51,169,107,89
35,155,76,90
56,184,91,147
32,151,96,105
22,179,82,86
37,165,62,160
48,183,75,144
34,170,74,104
53,199,82,88
34,182,117,140
38,167,111,147
44,170,53,105
24,198,68,133
19,154,103,170
20,171,99,84
34,168,61,173
59,182,53,104
54,179,62,154
45,168,57,120
20,173,79,135
28,150,92,111
58,175,53,139
27,157,91,176
52,153,73,90
39,177,52,145
21,180,66,127
49,173,85,117
42,173,72,161
18,152,102,155
24,154,93,163
37,155,85,130
28,171,85,93
27,193,115,105
47,159,56,173
35,186,63,89
44,183,111,170
37,190,77,110
58,174,62,167
29,157,61,165
37,164,86,135
30,158,89,85
40,163,93,163
29,199,91,127
24,160,61,174
35,169,54,134
41,176,84,174
27,150,78,142
55,185,114,98
56,183,57,159
50,162,87,111
41,167,118,100
51,158,66,107
27,194,98,116
51,182,113,81
24,189,79,144
44,164,70,125
46,186,72,168
48,171,114,156
23,151,76,128
49,180,101,147
27,194,81,143
52,156,65,88
42,151,63,90
56,184,52,120
31,165,72,126
31,158,84,167
40,193,51,130
49,175,111,155
28,159,107,80
25,158,56,112
38,195,94,101
31,159,58,115
59,184,90,110
44,193,60,126
20,191,108,145
56,158,80,109
50,166,56,134
19,177,81,85
44,177,110,85
32,164,58,160
19,152,81,81
54,160,88,141
22,158,109,84
40,185,80,134
35,164,50,137
24,175,79,150
18,150,116,97
21,152,97,88
40,168,119,175
30,167,74,115
19,198,100,156
22,164,56,121
30,188,111,172
48,173,69,82
41,154,60,114
19,166,61,105
36,174,91,102
18,187,101,156
53,176,86,121
51,176,83,150
20,153,55,81
31,153,74,81
19,156,94,138
54,192,72,130
23,178,104,175
32,184,113,86
55,192,104,165
25,195,92,167
41,179,69,97
46,156,90,121
31,196,85,164
33,169,65,117
59,150,108,153
34,182,78,108
18,182,56,102
18,177,100,140
46,170,98,172
22,199,105,132
52,168,67,141
44,190,98,132
50,193,79,102
39,185,63,160
27,167,104,109
21,181,96,153
20,193,65,155
32,155,116,178
55,172,56,118
47,194,50,144
46,179,91,126
26,165,104,151
49,153,115,143
24,193,86,162
49,171,52,172
44,171,97,123
45,163,108,150
49,174,87,92
22,159,59,155
20,166,115,91
21,195,74,146
47,160,86,139
52,157,83,179
35,155,114,91
30,181,108,140
40,168,58,176
22,199,73,153
58,162,94,139
41,194,88,154
51,195,53,80
44,151,60,157
29,198,99,161
42,195,67,134
30,189,98,172
31,174,92,171
40,155,111,129
38,167,73,115
29,192,78,157
26,172,99,117
39,181,59,157
40,195,108,116
55,192,95,164
33,199,117,123
52,184,54,90
41,194,108,159
19,193,54,97
32,175,66,136
31,152,103,87
55,198,116,131
50,183,111,158
29,157,75,166
51,159,79,101
49,177,100,100
46,187,56,118
32,159,99,132
37,153,53,98
49,160,69,117
37,196,55,90
28,176,73,133
18,154,119,169
51,175,90,99
24,161,104,118
35,179,116,126
41,156,78,149
30,157,76,167
29,155,88,81
41,182,53,136
56,193,106,148
55,166,102,147
57,194,90,129
44,164,93,154
38,157,80,142
44,160,67,109
46,153,80,80
32,173,56,159
53,188,83,111
29,151,100,164
23,190,62,100
54,188,54,99
40,185,67,164
44,164,56,142
22,167,115,161
22,169,112,104
54,157,88,178
23,173,80,87
56,188,116,142
35,180,71,110
29,166,70,152
50,151,104,167
40,154,76,87
19,166,86,120
29,188,76,81
42,154,106,83
23,170,71,154
44,181,91,137
30,160,62,146
45,152,50,130
26,152,71,179
42,154,119,89
55,160,117,156
25,152,78,176
28,159,110,103
26,195,98,144
41,194,80,127
36,173,96,87
44,192,64,172
24,160,116,143
25,190,66,128
58,157,97,179
39,184,91,98
47,160,80,86
42,197,65,149
57,177,53,161
55,187,115,136
51,153,95,159
59,156,57,120
41,173,82,152
20,191,84,140
32,189,107,111
45,198,105,146
52,189,108,176
25,154,99,123
57,176,83,145
26,158,86,114
55,153,99,166
33,170,93,88
37,186,54,143
35,179,68,163
29,162,98,123
49,171,54,131
23,178,92,120
19,164,79,104
43,198,119,177
29,182,98,131
52,156,116,148
29,166,91,137
51,180,110,112
47,178,70,124
33,182,79,141
46,172,74,171
47,187,111,176
35,151,51,109
28,175,89,102
35,173,107,106
37,183,92,118
40,175,78,131
50,181,107,94
34,174,65,153
50,171,67,172
44,174,114,128
45,179,65,112
42,151,117,149
54,180,111,105
47,164,107,101
59,170,82,174
43,155,109,115
33,169,90,95
20,183,119,122
40,198,50,85
33,180,105,101
29,184,90,157
18,163,65,155
56,163,92,147
40,198,107,96
21,158,117,172
42,155,96,99
28,175,116,104
59,195,78,179
25,173,97,103
48,167,54,102
41,163,82,94
53,196,62,171
18,192,82,113
55,198,51,157
47,174,116,141
21,164,73,157
57,162,88,143
32,178,79,123
26,181,66,81
54,163,93,150
26,175,112,134
24,156,92,136
44,191,102,114
55,166,101,162
49,165,83,164
53,155,102,89
39,171,106,172
56,164,108,176
38,166,57,102
31,196,96,176
32,191,62,102
28,168,95,111
25,198,103,177
37,186,94,155
46,183,110,157
48,150,70,103
39,180,79,80
48,158,53,127
34,162,56,178
21,163,102,126
33,192,111,160
54,164,88,121
29,151,101,134
41,167,115,156
49,155,51,141
26,173,83,136
47,163,56,145
47,164,82,133
55,156,102,163
36,160,64,109
24,185,117,92
20,195,105,161
42,187,86,157
27,186,71,173
28,182,84,161
45,163,112,121
55,167,85,146
22,183,75,168
21,150,117,159
39,164,77,150
35,159,51,84
30,151,87,93
29,182,78,84
25,166,104,136
49,176,73,114
30,181,114,145
50,191,79,145
39,183,111,113
42,190,88,127
26,190,57,146
19,150,101,114
46,161,114,121
42,163,79,115
34,197,73,171
53,155,61,99
46,159,62,152
23,184,63,143
20,199,94,97
58,179,103,111
50,196,70,93
36,169,101,92
38,195,81,176
34,166,59,130
51,185,114,151
54,185,51,110
34,164,96,147
30,195,66,175
39,163,76,97
28,169,114,143
21,158,93,107
53,181,110,102
21,156,99,119
33,193,107,117
34,179,109,146
49,181,110,104
46,180,105,127
44,157,100,156
49,196,57,92
44,192,113,170
27,184,109,140
18,199,75,111
48,185,106,157
53,159,91,151
22,190,119,144
44,190,93,179
39,152,59,143
55,189,55,160
27,199,64,137
51,162,58,91
45,151,100,122
57,151,97,114
23,186,61,80
54,178,118,109
38,199,59,129
35,188,54,127
29,194,52,110
29,193,105,173
26,192,98,154
30,186,110,141
40,183,106,127
19,192,73,133
34,182,52,101
27,173,116,85
26,177,85,164
20,157,117,179
37,179,119,95
44,164,111,145
49,162,63,151
21,152,56,137
25,170,112,140
46,184,94,153
56,170,71,163
56,152,69,174
19,179,60,178
54,159,116,158
51,165,92,98
38,172,65,173
38,162,119,150
23,194,105,177
49,170,83,150
29,197,87,132
46,158,97,177
30,166,87,151
29,160,75,88
22,187,107,117
40,195,58,132
23,180,65,88
54,184,70,142
58,172,119,81
56,160,88,158
26,172,119,152
30,194,99,151
32,187,91,89
49,174,90,167
50,180,82,170
25,171,116,109
34,197,66,127
47,196,67,172
41,197,91,155
19,184,72,114
31,165,109,90
33,156,62,129
40,154,92,130
29,188,64,80
35,172,52,108
47,190,72,84
52,164,100,120
38,162,62,179
44,192,51,97
22,194,51,105
49,195,91,110
34,189,83,142
46,194,51,165
33,165,84,159
25,177,104,101
37,158,91,176
59,189,59,100
44,172,76,163
42,156,116,121
56,157,87,96
29,159,50,84
39,197,65,124
31,166,99,132
22,167,62,83
47,173,72,100
32,186,85,105
24,152,83,171
59,174,71,109
34,180,60,166
55,172,117,172
40,199,100,108
38,154,67,84
24,185,66,99
32,199,77,84
54,150,119,94
30,158,102,177
18,157,71,93
53,194,105,169
43,156,64,138
47,166,85,133
25,160,87,147
46,155,52,172
58,151,62,82
32,179,93,173
31,161,56,108
39,195,63,163
32,170,105,143
43,161,103,89
37,187,96,99
28,191,101,116
59,164,72,102
49,172,54,149
41,172,85,94
48,160,58,176
31,185,82,112
58,175,73,122
55,185,87,88
43,189,51,138
33,188,51,178
25,187,102,173
47,179,101,174
56,181,70,85
47,157,116,177
20,166,62,88
50,199,110,115
29,194,52,144
44,171,118,151
24,187,56,117
43,171,117,91
23,163,55,150
57,178,114,101
43,161,78,131
46,187,95,161
23,198,113,153
46,174,106,102
53,153,88,175
50,162,118,141
52,196,106,86
56,164,68,93
34,162,97,112
35,150,77,138
58,153,64,163
24,172,93,91
27,182,98,118
21,184,110,150
23,165,103,121
36,199,52,147
28,177,112,126
32,199,74,135
57,177,110,175
29,175,56,153
34,152,64,112
50,181,73,85
26,153,101,108
28,192,52,105
58,151,118,143
33,162,53,91
58,158,60,160
21,185,73,108
53,180,116,156
39,157,82,119
44,151,61,124
59,170,69,80
37,195,99,178
58,150,117,82
20,185,113,103
39,187,111,161
39,179,61,142
33,192,77,107
19,174,110,137
32,158,58,164
32,194,67,138
44,157,100,97
37,184,91,136
33,167,53,145
49,175,90,177
44,188,53,145
37,162,98,106
34,191,102,147
41,165,79,125
29,176,64,170
45,165,78,88
39,178,51,170
41,157,95,106
30,194,96,155
54,186,95,135
57,154,65,165
43,192,98,139
38,171,78,137
28,186,110,124
58,185,66,124
33,186,92,171
34,156,88,174
45,180,97,164
28,164,67,120
26,190,116,141
24,168,56,90
22,154,100,102
42,162,101,90
42,185,60,87
30,191,56,84
30,170,110,150
30,173,114,178
41,160,115,122
38,181,53,98
58,156,69,84
20,164,91,146
44,194,55,157
57,176,96,155
29,196,84,157
20,174,115,103
59,161,119,81
57,167,108,160
51,157,106,148
35,191,56,134
47,160,91,163
36,150,82,129
53,162,64,143
44,195,75,95
38,192,116,119
20,198,100,160
24,194,53,138
26,181,97,166
29,174,107,105
47,153,115,85
40,155,52,98
21,154,66,176
52,167,74,98
55,184,91,174
59,159,93,178
47,173,106,169
55,150,59,164
50,155,69,127
54,179,96,179
49,180,114,123
58,160,85,175
24,179,108,101
18,197,81,139
49,155,70,161
50,199,74,162
36,177,73,159
40,163,58,142
27,189,100,152
44,167,82,101
58,190,72,115
29,177,111,95
52,158,70,172
27,179,102,123
37,183,81,81
49,165,90,91
53,159,97,148
46,151,79,89
56,175,56,164
46,164,102,150
45,194,105,136
34,167,114,102
19,155,64,166
22,154,76,103
43,186,78,82
49,193,92,146
26,181,51,117
49,187,90,152
22,174,60,134
57,187,84,166
40,174,71,178
23,178,102,142
30,180,84,98
42,185,61,151
47,194,107,131
54,184,81,123
51,192,112,129
53,166,58,127
36,196,86,150
28,162,81,169
35,190,89,151
58,158,95,100
30,196,57,112
19,180,90,160
43,170,62,105
27,170,89,159
25,168,74,93
39,182,88,118
51,154,64,132
38,196,98,125
51,185,52,173
23,183,114,171
38,196,88,138
18,170,89,95
59,163,106,160
50,170,76,167
21,192,67,178
40,155,112,93
56,165,56,103
48,176,95,107
59,177,69,103
50,188,114,167
38,167,102,133
19,182,111,118
56,159,56,164
46,195,57,160
43,162,60,158
37,156,82,157
32,185,64,153
54,178,109,137
37,178,88,164
42,174,103,179
41,153,117,149
30,154,112,91
55,166,76,110
49,176,61,177
18,196,101,161
34,174,98,89
20,164,97,168
35,194,100,113
28,170,73,122
56,162,53,179
18,168,78,103
57,162,75,123
29,165,102,114
59,152,92,104
27,193,82,139
55,190,63,104
42,199,80,97
29,197,74,158
30,162,66,169
36,166,87,121
44,154,78,107
29,192,112,148
27,153,71,173
23,187,110,99
43,174,103,129
42,188,102,157
34,187,61,93
51,172,71,137
56,166,64,163
58,166,79,153
22,165,109,81
30,156,68,109
23,154,105,95
45,158,106,108
50,166,68,175
25,173,117,105
31,166,90,171
46,177,105,91
58,182,95,110
38,152,71,139
48,151,66,96
29,169,65,158
42,160,104,86
31,188,74,94
24,160,53,95
24,188,74,141
40,186,83,137
53,157,106,136
31,173,110,150
29,187,53,95
27,177,113,175
40,196,72,110
57,194,116,101
20,170,83,97
29,190,56,176
44,156,119,143
32,175,119,165
45,183,106,175
52,177,100,179
50,199,99,128
18,183,79,106
25,156,75,115
29,154,100,142
43,192,64,142
26,172,58,100
19,152,62,132
31,181,62,96
38,182,100,129
28,176,54,118
58,170,115,99
41,167,86,94
38,155,77,161
35,161,119,162
52,183,107,144
35,186,97,103
24,152,101,81
30,177,72,179
35,180,107,114
28,172,63,158
30,197,51,139
27,184,100,116
40,196,113,140
45,158,62,127
41,182,96,107
29,192,78,131
46,166,117,95
36,187,98,122
58,192,101,84
19,177,73,113
51,168,64,163
38,153,88,110
20,153,86,153
56,166,61,102
20,199,101,124
52,196,59,176
30,156,106,174
27,154,55,137
36,199,61,171
27,171,70,165
31,172,86,126
44,161,50,158
25,173,58,163
41,161,115,176
59,168,53,178
50,156,77,92
59,172,100,113
37,184,70,128
49,189,106,146
22,181,71,136
55,173,64,133
46,196,58,130
53,171,108,173
31,158,69,139
28,170,58,116
49,181,60,98
40,173,55,149
21,161,67,100
33,192,119,169
41,153,51,134
32,177,77,154
49,175,76,159
55,184,61,160
46,161,98,161
37,195,56,147
55,189,65,94
36,170,91,172
22,165,95,149
39,165,57,116
52,174,61,173
25,167,115,82
40,198,72,132
20,183,75,103
41,175,95,110
32,170,96,138
58,171,61,112
23,166,50,110
38,193,96,93
46,192,84,127
45,154,92,121
34,174,55,146
50,183,96,123
50,167,54,175
34,183,71,97
35,180,114,107
52,197,83,148
24,188,89,104
25,198,71,174
20,197,117,139
40,160,84,160
56,169,67,120
18,190,106,142
24,167,55,95
52,185,91,162
57,189,63,107
55,154,84,144
53,189,73,110
23,177,95,137
19,182,71,138
51,198,86,140
40,173,99,146
39,161,102,168
48,155,68,100
48,150,50,142
38,163,112,94
43,156,71,104
43,151,78,117
22,156,81,115
21,189,85,119
26,182,60,123
44,159,52,179
22,177,84,106
33,179,85,137
41,179,67,117
56,164,74,149
42,180,79,141
46,160,82,92
25,184,97,178
31,166,85,89
19,194,85,106
23,189,66,173
47,177,63,156
34,155,69,169
31,152,110,97
50,160,91,137
44,198,109,153
52,164,57,175
56,170,88,142
44,181,60,172
49,150,103,120
21,174,78,136
24,192,75,155
26,179,94,101
36,170,99,143
34,194,70,139
23,186,87,131
20,180,53,88
45,179,87,127
25,162,84,136
23,179,54,170
47,173,104,84
23,164,86,148
43,182,70,87
46,158,103,122
49,165,92,165
48,159,96,101
38,199,73,157
51,195,81,87
33,195,73,96
29,174,76,84
44,197,66,114
26,173,116,176
30,170,52,95
54,172,102,102
41,164,93,106
30,174,108,150
56,154,75,166
53,165,69,118
39,179,79,139
58,165,91,173
27,198,51,138
38,166,72,88
39,155,98,168
23,191,107,121
57,185,82,175
56,184,67,169
51,174,79,98
33,194,110,111
25,152,96,95
20,177,80,100
30,182,67,161
42,171,63,87
20,160,115,121
25,186,83,80
45,187,91,163
40,196,94,132
46,178,96,179
30,174,62,112
40,193,115,85
18,179,53,121
19,160,105,143
39,151,58,89
23,151,98,125
37,192,95,178
31,156,78,105
47,179,111,154
29,169,50,101
49,159,102,171
26,152,89,100
20,195,89,128
53,171,88,97
19,152,74,127
47,165,78,150
28,192,57,98
50,180,102,177
40,168,53,93
36,197,93,142
44,184,116,124
21,184,88,166
54,199,69,145
36,182,72,167
51,159,51,97
35,152,72,99
29,173,118,155
22,190,66,155
55,161,93,134
32,182,105,90
35,194,74,121
48,156,65,145
19,174,71,143
45,196,92,87
20,184,55,169
47,150,81,107
49,180,112,97
37,196,97,115
51,167,119,116
20,173,73,80
32,172,90,80
43,177,52,92
19,175,101,95
22,154,102,168
25,153,101,81
37,168,101,170
45,166,80,177
38,169,75,138
28,166,75,80
50,166,113,114
32,194,77,112
52,186,107,89
44,189,67,164
57,165,115,136
31,198,67,141
48,157,111,82
36,159,99,95
50,163,86,148
26,150,91,103
34,191,85,154
20,168,89,125
54,154,85,172
23,165,112,137
25,192,105,95
29,198,99,108
33,169,73,174
33,150,74,162
30,193,73,115
26,162,103,139
39,187,119,166
21,181,75,116
52,159,68,139
33,178,91,112
29,187,107,157
48,185,77,119
33,174,67,114
34,153,89,160
28,166,74,109
54,154,109,101
41,178,72,123
39,190,111,93
50,154,55,133
46,192,76,124
55,166,105,143
36,181,92,124
51,189,75,131
30,154,117,145
58,183,81,145
25,173,113,112
47,199,86,145
59,196,96,170
59,192,79,109
20,155,119,121
43,160,99,134
57,155,108,136
27,168,59,83
55,157,111,87
32,189,75,134
30,180,57,114
59,171,87,140
31,167,71,97
53,196,111,134
42,181,115,134
36,181,99,98
46,174,73,93
29,154,100,80
31,162,54,129
22,176,113,143
46,171,104,139
19,195,95,84
29,180,67,131
32,159,91,130
52,165,89,88
42,185,88,153
22,171,113,178
58,167,103,167
58,179,83,162
18,185,106,115
33,151,118,153
35,166,119,100
27,159,76,129
48,178,58,138
52,173,56,89
21,154,62,170
24,190,117,128
23,190,89,149
47,183,82,169
35,162,68,125
34,176,64,166
22,173,68,159
29,158,94,160
23,191,104,169
29,196,95,98
44,155,97,165
22,185,58,157
58,165,90,88
26,165,77,120
41,153,75,149
28,159,73,171
50,153,82,144
24,181,93,160
40,165,114,89
22,190,52,165
22,192,116,100
30,197,81,90
37,194,51,118
32,171,112,81
31,153,78,166
49,168,55,175
54,183,94,86
37,151,119,99
29,178,59,131
25,150,116,159
44,178,99,149
43,188,75,84
57,188,118,157
23,157,55,138
32,180,54,80
26,181,103,107
52,169,112,80
42,169,87,176
28,154,112,171
56,154,50,154
49,195,117,96
33,166,67,127
57,152,56,138
48,194,71,129
53,161,55,110
35,186,88,91
57,153,97,148
41,156,111,137
40,199,75,144
19,188,94,121
49,164,68,104
26,163,115,80
55,154,113,86
45,193,90,110
26,172,111,94
41,170,89,100
55,192,85,97
37,179,117,100
31,183,56,130
50,155,109,93
42,172,56,159
38,159,83,151
52,196,112,154
37,154,56,131
36,193,100,168
31,193,110,84
24,192,56,139
28,158,77,126
45,158,71,165
25,182,119,142
45,190,85,166
23,194,109,142
27,190,111,102
23,156,113,164
35,198,114,86
28,183,81,105
39,166,109,104
32,162,96,106
41,157,59,153
47,178,61,145
57,176,91,85
44,178,51,89
49,184,57,131
56,171,119,133
36,183,87,167
55,158,116,81
41,198,68,108
57,190,104,125
41,175,103,151
19,169,97,101
25,163,89,96
49,150,98,118
25,192,75,103
54,186,108,152
50,168,105,162
45,177,81,147
42,189,79,116
53,157,101,80
38,155,105,169
56,152,77,147
52,159,94,96
52,150,84,81
55,197,60,98
41,154,108,114
51,156,109,156
40,171,97,162
28,195,86,176
24,185,79,128
38,190,94,107
28,180,113,118
54,158,75,94
59,175,109,106
44,156,56,156
55,195,67,146
59,196,54,175
31,168,69,144
37,159,81,123
20,161,113,161
44,157,58,96
45,152,92,83
46,190,101,98
33,169,56,159
35,171,117,99
58,160,106,146
31,169,67,169
31,160,61,90
36,169,82,134
23,189,92,169
24,175,67,146
37,164,110,176
53,164,102,99
42,188,98,158
55,193,84,94
33,175,72,124
22,163,66,139
27,176,119,178
36,187,68,169
56,182,101,120
25,158,77,135
53,177,55,119
52,188,54,169
37,156,76,127
46,164,102,117
23,160,92,156
55,154,113,86
30,165,88,117
32,156,95,87
54,180,78,154
50,161,103,124
29,160,65,136
25,162,61,87
28,160,115,157
34,186,70,137
45,199,61,107
22,165,81,164
32,180,86,124
59,194,63,106
36,175,68,132
42,150,83,118
48,156,93,156
34,158,64,169
20,158,108,132
27,198,93,177
50,196,93,112
45,188,101,88
37,198,76,95
48,192,73,140
21,175,53,130
33,184,96,174
49,195,118,176
41,166,88,153
46,175,79,173
28,167,59,164
24,171,80,80
41,160,89,84
41,168,107,87
18,150,86,108
59,171,92,93
51,151,114,137
45,185,98,147
50,186,53,165
40,191,93,150
43,194,59,133
18,187,117,148
58,178,109,177
29,175,99,158
45,179,98,169
32,154,56,157
55,189,86,174
20,190,82,108
56,151,66,115
21,159,67,170
22,161,91,135
23,160,53,168
51,153,117,103
50,153,56,130
43,190,112,147
49,161,65,174
40,152,108,170
43,164,50,119
40,163,98,116
49,161,68,124
51,173,102,106
54,193,85,120
59,166,72,170
57,152,114,103
55,156,113,119
24,178,51,114
57,170,102,115
44,153,93,144
41,166,61,102
26,172,89,114
22,191,61,85
36,174,60,133
44,160,71,80
18,189,105,122
51,165,102,113
41,167,51,157
44,152,54,111
47,174,113,123
32,172,87,95
43,165,80,142
29,190,84,168
29,173,53,133
59,166,82,92
41,154,91,100
25,152,71,165
54,151,114,157
45,171,61,149
26,185,59,168
20,191,100,111
30,159,68,102
58,194,78,107
58,165,107,172
43,193,54,130
41,170,94,97
25,195,91,113
28,184,100,161
46,152,64,87
52,162,113,137
26,194,78,164
49,193,76,95
29,158,83,116
20,176,63,150
19,162,66,130
25,155,93,89
27,187,63,151
37,150,52,159
20,198,54,148
43,196,77,130
24,196,70,169
38,156,114,151
22,158,111,170
34,174,89,95
48,192,71,170
56,169,76,141
43,199,115,117
47,187,50,116
38,157,72,110
50,179,86,152
32,175,78,140
44,180,53,139
41,176,67,170
35,186,68,164
30,175,71,104
51,195,80,81
49,196,99,131
37,176,90,138
43,197,107,163
21,171,66,177
32,155,107,120
26,198,83,161
45,194,103,178
51,164,119,83
41,159,117,119
27,188,50,113
52,183,73,100
54,152,53,112
26,195,70,109
31,193,63,148
52,152,92,123
21,170,52,151
57,158,57,162
25,178,91,120
53,176,51,166
57,155,65,126
45,188,88,88
24,194,106,119
44,166,87,114
28,190,109,121
59,192,92,169
59,166,111,86
22,153,72,124
32,198,61,112
36,163,92,137
34,158,79,86
50,181,81,129
28,178,75,160
37,175,87,105
33,190,87,128
38,198,65,165
54,187,70,101
29,174,105,140
22,176,106,134
21,154,75,156
49,158,76,133
38,178,72,145
48,173,115,157
53,181,90,134
53,197,78,172
28,188,62,100
37,154,78,100
55,174,74,169
58,184,90,101
39,152,106,96
55,179,104,93
44,189,73,80
58,199,71,93
43,151,105,90
24,176,103,80
29,184,113,153
48,150,89,165
20,180,103,147
49,197,78,122
33,179,63,106
34,174,105,87
30,161,117,101
44,182,111,125
27,199,119,146
46,184,67,171
25,192,64,85
58,191,68,149
58,199,55,86
29,165,85,119
58,196,103,167
34,158,81,148
34,194,92,85
26,191,115,86
23,159,116,171
38,176,89,97
27,167,92,119
19,166,105,103
27,158,104,106
38,188,101,93
45,167,104,86
59,184,66,171
22,196,50,153
38,178,85,108
35,187,93,131
43,182,108,155
47,169,110,151
55,176,67,87
31,160,85,100
37,185,118,113
22,182,74,120
30,160,65,167
41,154,95,140
47,155,105,150
27,178,58,121
56,160,68,134
53,160,57,173
42,188,108,144
22,189,94,125
18,181,76,97
40,197,84,86
35,177,94,156
52,161,66,135
29,195,93,169
20,157,79,93
22,159,56,137
43,155,51,81
34,180,93,132
42,183,74,110
21,195,101,94
34,183,96,122
56,193,115,87
58,185,66,157
47,172,58,113
21,162,101,116
52,172,100,127
19,163,78,124
36,152,50,92
49,180,87,168
23,192,104,137
18,153,108,87
35,185,119,157
55,195,60,156
41,185,112,98
35,180,105,91
46,179,55,129
42,154,57,166
34,151,65,159
45,189,96,134
51,166,84,125
44,153,82,80
59,175,105,115
52,190,65,162
31,190,62,84
37,185,90,94
43,160,87,176
40,153,92,176
29,190,86,83
29,181,93,169
21,195,61,98
30,176,101,152
18,193,65,120
31,192,87,111
36,165,71,110
27,155,96,99
50,167,101,127
37,163,89,141
23,199,63,88
38,193,115,157
48,186,78,131
35,152,85,85
30,160,109,140
38,155,69,90
19,168,83,117
18,163,100,166
35,181,115,81
55,181,52,133
58,157,107,142
39,189,95,133
58,199,114,123
55,157,58,154
55,152,106,163
32,169,97,110
44,172,72,106
42,162,90,99
59,174,90,80
50,165,107,103
59,161,69,129
59,161,77,173
51,152,72,154
34,159,94,161
50,184,91,150
25,196,86,134
40,177,62,80
29,157,72,113
23,155,51,110
18,190,68,122
55,189,77,158
40,173,98,97
53,176,94,134
55,177,65,141
32,186,56,165
56,155,87,175
37,155,112,175
56,162,109,163
29,166,70,128
18,150,60,103
33,174,99,139
35,161,114,109
45,191,51,135
35,152,118,174
55,191,110,109
36,169,71,166
28,158,52,97
51,153,55,132
50,155,77,150
55,185,79,143
57,153,59,91
41,199,105,91
47,199,103,136
20,184,119,173
19,172,96,139
52,163,95,86
40,190,57,178
29,167,57,161
23,169,112,83
51,187,108,157
38,168,89,152
47,177,97,83
49,194,76,104
44,180,59,143
27,150,106,132
32,183,68,139
47,180,67,177
35,155,94,165
43,158,69,112
21,192,96,97
22,167,89,108
59,178,77,124
31,182,89,99
40,168,92,159
57,166,56,145
38,175,51,92
30,171,79,136
41,184,95,171
30,166,75,119
30,192,85,80
49,169,83,92
46,187,117,167
44,162,115,163
23,150,108,152
24,160,112,114
58,162,74,91
26,159,74,124
44,166,87,176
21,190,50,103
32,167,87,157
29,176,117,118
32,192,100,115
47,157,59,97
45,186,81,112
31,198,89,163
59,168,88,119
36,177,109,173
36,158,117,135
56,170,71,109
24,173,81,118
42,150,93,166
51,189,53,106
26,159,95,150
36,173,52,133
59,196,103,95
44,184,88,91
48,156,111,147
56,152,69,136
25,197,106,126
23,151,65,166
44,154,115,178
47,161,109,172
55,164,84,144
50,166,93,164
20,165,51,104
54,186,60,158
40,173,114,138
32,183,50,176
22,184,113,107
30,188,58,152
59,186,56,132
22,184,65,104
18,175,101,103
43,165,58,138
52,196,100,106
49,163,60,140
33,193,116,109
43,182,79,99
59,173,63,95
41,181,93,89
22,155,67,133
58,175,78,106
54,196,92,86
57,151,90,99
38,165,80,179
32,161,60,179
46,161,67,107
31,176,62,179
52,156,77,93
50,198,57,92
25,166,86,158
26,167,62,157
23,180,66,98
20,187,97,139
23,178,104,138
24,156,75,91
59,187,93,170
55,172,117,129
59,184,63,115
40,150,101,105
49,156,83,80
36,172,111,100
44,166,111,104
25,187,108,163
31,176,116,168
27,153,103,135
34,193,80,97
45,155,70,82
41,176,100,81
23,153,119,144
43,181,113,118
40,192,62,101
53,186,51,92
41,173,65,138
47,152,53,110
24,154,61,101
26,193,95,179
49,190,80,102
28,160,97,105
33,161,96,139
18,184,104,88
23,169,107,176
21,176,111,143
29,164,63,132
20,155,50,156
54,153,115,110
35,164,108,165
36,190,111,82
57,186,78,121
18,166,53,149
59,161,68,125
24,196,78,96
34,186,61,161
52,166,102,82
36,193,61,89
58,180,86,81
44,174,54,162
38,165,50,177
40,177,111,110
48,191,56,137
48,180,106,169
53,170,78,91
23,167,113,170
49,182,100,155
29,151,79,134
27,164,52,147
20,192,70,167
36,195,113,163
55,183,101,161
42,190,52,101
30,178,60,93
59,192,52,165
54,157,118,109
22,193,73,102
31,154,68,139
31,183,109,117
18,191,54,102
18,158,67,107
46,199,55,124
46,172,74,103
22,173,70,140
22,199,109,171
36,181,113,168
50,162,80,118
22,158,83,98
43,187,98,129
49,155,63,93
19,199,83,171
39,195,93,112
43,187,71,103
47,190,58,153
44,174,93,160
36,194,69,171
19,177,82,161
49,175,97,146
54,158,115,125
18,187,106,176
54,167,84,143
20,161,107,110
51,156,56,124
48,156,88,141
47,163,118,94
20,190,76,92
32,178,117,122
41,176,79,114
22,170,50,97
26,153,113,171
39,190,113,97
33,190,90,130
37,167,57,85
44,177,83,163
51,176,118,105
52,171,70,87
41,179,107,122
30,151,108,167
30,174,80,144
30,151,56,156
21,158,105,134
22,168,79,125
42,194,82,173
51,177,64,170
51,180,77,107
38,183,67,143
52,184,85,165
57,151,66,133
55,175,69,124
50,163,59,81
30,182,112,121
58,191,54,122
40,176,66,119
48,170,116,163
34,192,91,122
43,199,50,80
51,178,55,166
58,158,102,124
56,174,112,171
41,152,106,175
22,199,107,118
27,151,83,134
38,168,82,130
43,164,66,127
23,173,79,101
19,160,65,91
52,171,105,165
52,162,118,116
33,167,73,105
57,160,74,119
28,161,72,177
33,160,112,125
45,171,110,155
25,166,67,167
27,166,81,146
57,165,73,104
57,185,58,108
27,184,94,159
32,172,54,83
32,183,86,139
22,196,64,152
54,175,85,143
47,197,94,139
55,187,70,127
27,179,118,150
20,152,115,127
54,172,77,88
53,188,90,144
34,160,50,170
51,194,84,136
45,162,87,95
25,162,78,155
28,188,104,166
40,190,50,167
21,156,71,137
55,198,73,107
48,156,74,103
22,187,105,104
51,195,82,149
46,160,117,108
40,197,110,128
56,167,80,175
42,169,105,138
56,164,103,134
21,170,61,98
29,168,118,148
26,159,93,105
19,174,95,145
37,175,61,82
44,176,57,84
27,154,74,173
48,152,111,152
30,175,59,159
24,189,59,161
40,166,107,149
46,174,96,101
27,168,108,84
20,157,53,147
50,160,106,149
53,150,102,167
38,182,75,100
24,190,72,85
22,182,75,172
32,199,100,121
29,184,107,168
53,157,62,114
23,198,82,113
23,176,61,111
27,171,53,94
51,196,71,112
45,188,75,170
39,171,85,152
25,179,62,88
28,169,88,175
42,150,109,80
25,166,107,103
52,199,91,107
28,173,51,88
32,164,91,91
25,177,101,88
46,150,68,140
18,169,117,150
38,161,117,80
41,152,101,99
20,173,59,160
29,171,71,170
47,183,75,114
52,170,97,102
47,186,88,126