age,height,weight,heart_rate,workout_type,workout_duration
39,175,99,112,Cycling,79
36,157,112,168,Cardio,73
25,180,66,133,HIIT,27
56,154,89,118,Cycling,39
53,194,59,170,Strength,56
33,162,81,142,Yoga,11
48,151,82,114,Strength,109
59,189,61,159,Strength,83
37,182,113,123,Running,25
45,198,74,171,Cycling,60
28,167,84,147,Yoga,31
46,185,112,85,HIIT,111
38,178,71,98,Running,83
18,174,99,96,Cardio,60
38,179,75,85,Yoga,50
34,196,107,87,Cycling,18
26,185,74,92,HIIT,30
19,187,96,100,HIIT,94
20,178,52,120,Strength,52
44,189,62,148,Strength,51
38,177,54,91,Cycling,19
24,179,90,132,HIIT,35
56,159,107,174,Yoga,60
58,199,78,142,Cycling,52
21,157,82,175,HIIT,14
43,186,59,157,Yoga,90
28,151,110,112,Strength,61
54,198,69,108,Strength,76
40,159,99,169,Cycling,87
35,188,79,106,Cardio,101
26,168,86,115,Strength,112
19,160,92,85,Cardio,83
28,157,79,92,Yoga,31
39,182,51,127,Cardio,37
24,166,51,127,Cardio,16
21,193,73,173,Cardio,27
55,170,80,87,Yoga,63
42,174,55,89,Strength,67
48,156,71,109,Strength,15
29,192,107,88,Running,43
54,197,89,134,Yoga,108
42,179,63,128,Yoga,101
41,176,75,173,HIIT,108
20,158,58,112,HIIT,48
20,180,95,155,Cycling,86
44,167,113,131,HIIT,118
56,187,87,124,HIIT,80
36,170,83,144,Yoga,77
49,195,79,144,Running,103
27,198,97,108,Running,115
22,164,62,145,Running,45
47,193,57,157,Running,95
52,194,66,106,Running,118
19,162,65,91,Running,77
48,164,57,115,HIIT,100
28,189,75,97,Cardio,79
32,195,115,142,Cardio,12
39,172,95,134,Cycling,91
28,165,50,132,Cycling,38
32,190,71,136,Cycling,10
33,165,67,152,Running,27
59,158,91,160,Running,104
43,183,57,138,Running,50
57,161,97,167,Yoga,98
20,165,87,121,Cardio,45
47,189,102,170,Cycling,39
51,158,68,111,HIIT,39
23,188,78,147,Cardio,87
25,160,77,165,Running,24
25,165,60,93,Strength,53
53,184,85,115,HIIT,28
49,171,88,178,Cycling,114
53,193,76,128,Yoga,36
21,199,97,113,Cycling,55
34,161,54,109,Cycling,32
31,151,110,109,Cardio,40
20,165,100,112,Cycling,52
58,156,74,179,Cycling,95
38,181,101,119,Yoga,91
21,195,83,131,Yoga,54
56,199,93,170,HIIT,19
36,160,117,152,Yoga,32
59,197,92,150,HIIT,22
29,190,93,172,Strength,105
34,174,71,126,Yoga,117
57,179,62,103,Cycling,25
50,194,57,96,Yoga,51
56,170,55,88,Yoga,57
19,181,118,99,Running,29
19,172,75,90,HIIT,80
54,174,60,87,Cardio,12
36,162,61,145,Yoga,74
54,178,56,163,Yoga,115
38,189,82,95,HIIT,116
28,167,54,116,Cycling,70
47,199,83,156,Cycling,92
58,183,92,97,Cardio,101
23,182,53,168,Yoga,100
59,167,70,93,Running,107
36,151,83,104,Running,73
37,190,91,107,Strength,60
40,191,118,136,Strength,35
51,154,67,106,Cycling,82
26,154,107,97,Strength,26
56,189,104,177,HIIT,27
54,171,106,140,Yoga,90
50,193,73,177,Cardio,93
47,157,81,102,Cycling,83
34,192,89,127,Strength,13
24,169,110,128,Yoga,44
58,168,106,80,Cardio,48
22,152,72,90,Strength,62
52,199,52,90,Yoga,98
49,159,76,124,Cardio,74
39,152,112,158,Strength,35
21,170,87,81,Cardio,82
38,159,62,117,Strength,64
40,174,104,166,Running,82
31,187,111,80,Running,39
38,164,59,118,Cycling,55
40,191,100,155,HIIT,94
45,179,92,112,Cycling,81
22,174,102,105,Cycling,119
48,175,88,94,Cardio,74
35,185,55,90,Strength,96
47,174,97,155,Yoga,73
52,180,118,169,Strength,18
23,190,116,129,HIIT,82
24,160,87,155,HIIT,58
51,153,101,104,HIIT,114
42,191,92,85,Cardio,37
21,161,117,105,Running,59
39,157,64,134,HIIT,13
20,171,63,142,Yoga,47
55,159,55,114,Yoga,55
52,187,117,156,Yoga,40
59,176,67,161,Cycling,16
23,160,57,148,Cardio,96
37,170,107,115,Strength,54
45,189,55,92,Cycling,116
41,188,62,144,Running,25
56,150,108,178,Cycling,52
44,167,87,145,Strength,20
30,171,75,169,Yoga,113
57,171,75,108,Strength,102
51,195,106,98,Cardio,14
45,168,83,161,Running,52
58,156,59,179,Strength,47
59,195,79,120,Cycling,77
36,167,95,110,Yoga,68
40,181,83,160,HIIT,72
34,156,57,95,Strength,36
52,198,111,90,Cycling,82
31,168,52,153,HIIT,91
24,187,89,163,Running,82
40,192,60,84,Strength,28
59,180,52,134,HIIT,26
44,185,90,126,Yoga,12
57,157,118,156,HIIT,50
43,161,113,111,Cycling,108
20,174,56,134,Strength,101
50,176,69,179,Running,13
40,155,97,84,Running,51
57,156,79,134,HIIT,53
52,170,85,177,Yoga,70
25,171,57,80,Yoga,111
29,177,84,146,Cycling,73
41,194,101,154,HIIT,46
21,169,62,153,Running,35
45,172,65,155,Yoga,20
40,199,91,125,Cardio,22
57,155,60,129,Cardio,105
22,159,63,160,HIIT,111
31,195,53,147,HIIT,52
29,167,65,178,Cardio,88
38,191,79,138,Cycling,41
46,151,81,177,Cardio,89
56,190,89,121,Yoga,41
26,189,103,151,Yoga,111
57,177,69,111,Yoga,24
44,175,115,131,Running,66
36,165,53,172,Cycling,25
33,181,89,134,Strength,78
27,197,73,132,Strength,88
57,197,63,102,Cycling,76
23,166,89,146,Strength,16
53,170,64,133,HIIT,46
44,168,115,131,Cycling,49
59,174,76,87,Yoga,53
21,151,98,115,Yoga,79
57,161,90,86,Yoga,106
20,165,54,123,Yoga,32
29,150,85,98,Cardio,27
34,152,93,139,Yoga,71
25,152,112,159,Cycling,11
41,161,56,137,Strength,98
39,162,56,120,Strength,97
32,185,56,121,Yoga,54
36,179,119,111,Strength,56
29,161,86,171,Yoga,98
53,194,115,106,HIIT,85
51,184,106,133,Strength,75
25,167,78,135,Cycling,112
25,187,115,171,Yoga,97
54,175,85,140,Cycling,57
42,151,112,147,Running,39
57,194,91,141,Strength,68
24,178,77,179,Yoga,18
26,180,68,155,HIIT,49
18,155,77,150,Yoga,59
40,176,95,137,Cardio,76
44,194,82,104,Strength,66
19,154,101,143,HIIT,107
55,190,100,169,Strength,72
55,183,72,82,Cardio,26
37,171,97,178,Yoga,12
49,181,57,88,Cardio,108
37,154,96,96,Running,57
58,182,76,147,Cardio,71
54,161,86,168,Cycling,11
34,174,68,167,Strength,94
23,187,93,82,Yoga,85
52,193,90,119,Cycling,43
41,196,94,153,Cycling,117
41,180,104,87,Cycling,91
51,185,68,158,Running,74
34,191,61,166,Yoga,73
23,155,95,139,Cycling,28
55,163,103,89,HIIT,74
43,198,97,112,Running,14
25,158,97,87,Strength,104
25,191,114,155,Cycling,18
49,199,52,139,Cycling,23
43,193,84,160,Running,92
54,178,79,179,Running,12
58,185,78,144,Cycling,91
57,164,104,134,Yoga,41
38,167,86,105,Yoga,84
21,176,111,93,Running,56
23,187,87,107,Running,17
51,160,91,99,Running,81
24,170,99,167,Strength,73
19,174,84,123,Strength,57
56,191,64,158,Yoga,118
28,181,64,117,Cycling,69
33,170,59,100,Yoga,32
55,178,75,174,Strength,82
59,194,101,160,HIIT,113
41,171,99,128,Cardio,106
32,160,91,169,Yoga,43
53,172,55,130,Running,16
37,156,110,141,Strength,119
40,153,91,105,Cycling,50
40,155,98,96,Yoga,12
30,155,93,146,Yoga,48
18,183,95,161,Cycling,58
38,166,85,153,HIIT,44
51,160,115,142,Cycling,107
27,177,68,103,Yoga,20
51,167,74,147,Cycling,12
40,162,80,100,Strength,68
22,157,67,106,HIIT,89
43,160,54,102,Running,81
56,185,97,86,Cycling,86
55,192,115,113,HIIT,75
34,173,119,160,HIIT,46
40,181,91,117,Running,85
37,190,107,110,Running,33
41,182,82,144,Strength,13
19,192,68,103,Strength,78
47,156,113,142,Yoga,109
27,157,70,90,HIIT,70
38,179,81,172,Cardio,47
32,178,53,109,Yoga,86
53,166,104,130,Cardio,88
36,170,84,138,Yoga,73
40,152,99,123,Running,39
56,164,50,116,Running,104
28,176,71,110,HIIT,85
41,153,72,98,Yoga,75
23,191,53,122,Yoga,34
46,155,63,131,Cardio,119
27,196,70,88,HIIT,85
58,182,56,115,Cardio,87
38,159,108,158,Running,78
45,177,102,151,HIIT,64
23,157,93,146,Yoga,52
34,165,74,97,Running,77
32,173,52,93,Yoga,78
58,173,97,118,Cardio,113
29,160,52,137,Running,97
43,196,116,174,HIIT,111
44,155,64,164,Cycling,19
26,167,94,134,Strength,102
56,184,119,151,Cardio,16
38,152,109,90,HIIT,65
46,170,102,157,Cycling,118
28,154,97,171,Strength,53
23,152,52,163,Strength,40
18,194,50,116,HIIT,15
32,181,74,124,Running,18
19,159,64,92,Cardio,29
43,151,76,167,Running,92
20,174,116,149,Cycling,40
22,167,58,92,Cardio,109
21,183,106,170,Strength,23
28,189,72,176,Strength,54
40,163,119,164,Strength,78
31,154,64,133,Running,111
40,165,66,113,HIIT,60
46,175,50,80,Running,102
49,162,115,120,Running,100
21,190,101,177,HIIT,34
19,152,71,134,Cycling,34
41,181,94,123,Cycling,26
22,166,89,86,Strength,68
41,170,53,93,Cycling,27
59,178,75,145,Yoga,44
47,184,113,135,Cycling,96
54,193,53,155,Yoga,67
41,155,116,89,Yoga,113
56,166,119,135,Cycling,77
18,161,99,174,Cardio,70
33,194,98,141,Running,31
48,179,119,157,Running,72
49,192,82,137,Running,11
26,154,116,163,Yoga,94
35,171,102,111,Strength,25
46,172,95,95,Running,108
21,179,62,154,Cycling,108
41,171,85,97,Running,92
28,197,53,146,Yoga,105
27,172,112,134,Yoga,58
23,191,81,123,Running,47
45,170,102,149,Strength,112
51,151,84,85,HIIT,101
38,190,88,165,HIIT,10
39,172,99,102,Yoga,108
29,157,60,114,Yoga,75
30,195,50,95,Cardio,118
26,183,107,155,Cardio,19
48,171,87,106,Cardio,96
55,184,78,108,HIIT,104
29,188,115,124,HIIT,67
40,160,118,168,Cardio,104
31,189,109,176,Cardio,54
50,150,104,176,Cardio,76
39,178,61,172,Running,107
38,180,90,125,Yoga,77
54,190,100,145,Strength,36
57,199,107,160,Running,22
52,168,101,171,Cardio,79
44,170,88,123,Cardio,23
51,179,60,94,HIIT,117
55,188,88,139,Strength,48
18,155,94,109,Cardio,97
42,163,63,152,HIIT,81
30,166,57,87,Cardio,67
34,181,98,123,Cardio,86
26,168,108,133,Strength,106
51,188,82,176,Yoga,61
38,198,50,81,HIIT,39
48,186,64,118,Running,59
23,171,92,90,Yoga,74
32,173,75,112,Cycling,20
47,168,53,86,Cardio,30
58,186,86,112,Running,109
45,159,85,142,Yoga,107
19,182,93,107,Yoga,47
51,160,79,113,Yoga,28
58,175,100,135,HIIT,99
52,187,75,120,HIIT,51
36,180,115,148,Cardio,114
47,172,56,178,HIIT,104
45,159,74,135,Cycling,15
27,155,74,107,Yoga,90
51,185,77,128,Cardio,119
59,182,69,81,Running,110
20,188,105,122,Strength,17
41,196,87,101,Strength,26
37,174,56,89,HIIT,115
48,190,112,136,Yoga,75
50,197,87,148,Yoga,93
44,170,84,140,HIIT,65
19,190,115,156,Cardio,36
21,188,83,139,HIIT,79
54,184,115,138,Cardio,51
58,165,63,179,HIIT,69
36,165,83,122,Cardio,70
31,166,79,175,HIIT,21
56,177,65,91,Strength,58
26,151,82,90,HIIT,113
55,160,62,141,Yoga,70
49,152,102,113,Cycling,24
33,153,73,118,Cardio,113
48,186,73,94,Cardio,80
46,156,93,168,Strength,108
59,188,74,110,Strength,62
40,195,88,139,Yoga,91
51,163,90,89,Running,113
49,188,107,106,Cardio,61
50,185,100,129,HIIT,58
23,185,90,113,Yoga,55
23,170,99,81,Cardio,113
59,174,86,146,Cycling,68
39,174,116,100,Cycling,55
39,192,81,133,Strength,89
27,184,93,133,Strength,20
45,181,92,80,Cycling,93
35,174,65,148,Yoga,32
22,183,70,177,Running,119
47,187,93,97,Cardio,56
29,185,90,164,HIIT,117
24,173,117,145,Cardio,82
39,189,50,150,HIIT,78
26,157,114,152,Cycling,71
29,157,73,169,Cycling,37
29,173,100,136,HIIT,47
21,150,50,179,Yoga,108
43,193,66,151,HIIT,51
46,172,85,122,Running,66
48,187,74,153,HIIT,111
35,195,70,128,Running,65
54,183,57,152,Cycling,42
32,176,76,174,Running,11
59,162,90,81,HIIT,118
44,156,63,177,Strength,92
58,150,92,174,Running,78
29,160,88,82,Strength,76
34,176,59,145,HIIT,13
56,171,106,120,Strength,14
39,151,98,118,Yoga,40
50,161,106,95,Cardio,49
20,161,91,138,Cycling,97
23,193,78,102,Yoga,53
52,187,97,95,Cardio,49
34,194,77,168,HIIT,88
21,163,104,88,Cycling,102
43,197,90,149,Running,75
20,168,54,136,Yoga,110
35,168,50,115,HIIT,50
32,157,85,173,Strength,23
53,196,54,104,Cycling,25
41,163,118,165,Cycling,56
39,192,64,154,Yoga,81
54,172,111,147,Running,93
18,191,52,170,Cardio,64
25,176,62,145,Strength,36
38,164,66,141,Running,25
56,186,63,93,Strength,22
49,167,117,117,Running,96
47,196,106,91,Cardio,16
59,195,109,103,Cardio,64
56,178,107,131,Cardio,78
32,172,50,144,Cycling,110
39,166,92,163,Cycling,50
28,164,66,115,HIIT,32
48,161,55,156,HIIT,106
51,170,73,113,Running,36
57,195,105,125,Strength,113
58,152,76,176,Cardio,98
38,188,88,83,HIIT,112
34,164,83,174,Strength,49
51,189,90,130,Cardio,84
25,177,105,111,Yoga,70
55,184,57,129,Cardio,33
24,162,88,116,Strength,15
31,188,92,142,Cycling,82
53,175,72,143,Yoga,115
44,183,54,98,Strength,61
20,169,79,96,Cycling,112
20,179,90,148,Running,81
34,152,50,164,HIIT,109
25,178,118,82,Yoga,112
20,178,95,142,Running,14
52,192,77,151,Yoga,110
46,180,66,132,Running,25
20,187,62,97,Cycling,10
54,192,66,135,Cycling,82
24,156,84,93,Cycling,10
46,164,80,122,HIIT,11
28,161,69,111,Strength,102
34,152,101,83,HIIT,105
45,199,93,140,Yoga,62
33,177,117,110,Cardio,45
56,162,74,101,HIIT,100
42,169,62,101,HIIT,103
52,176,64,133,Strength,106
21,164,73,128,Cycling,37
42,157,93,154,Running,15
21,199,101,81,Strength,55
48,191,50,129,Cycling,48
51,181,61,101,Strength,74
19,188,59,82,Running,85
31,190,109,84,HIIT,63
51,182,85,85,Running,115
41,168,65,162,Cardio,33
24,197,117,151,Cardio,59
43,190,95,93,Cardio,103
27,185,114,121,HIIT,64
53,167,70,142,Strength,84
44,193,118,171,Cardio,45
55,157,98,114,Yoga,63
22,189,89,82,Cycling,28
45,162,87,168,HIIT,59
33,186,101,85,HIIT,50
55,188,90,82,HIIT,54
44,176,86,106,Running,87
30,180,78,90,Strength,90
31,182,115,136,Running,53
44,181,60,101,Strength,113
54,166,57,152,Strength,95
32,169,79,169,Yoga,44
56,192,79,89,Yoga,19
29,183,58,114,Yoga,16
18,176,60,178,Yoga,34
33,158,96,133,Cycling,23
48,173,99,105,Cycling,11
57,189,85,117,Cycling,51
40,190,52,177,Cardio,30
52,154,58,108,Cardio,76
52,166,59,109,HIIT,68
23,167,85,127,Cycling,33
50,199,50,123,Yoga,48
24,188,82,133,Cycling,65
46,161,97,142,Cycling,89
42,193,102,171,Cardio,107
57,175,51,141,Running,112
29,198,116,154,Yoga,49
36,198,79,171,Running,26
28,198,111,135,Cycling,59
47,160,107,131,HIIT,92
31,185,104,156,Cycling,26
43,187,100,172,Cycling,17
18,168,114,161,Running,88
29,185,108,147,Cardio,22
47,166,65,106,Yoga,13
28,184,73,113,Cardio,89
18,182,95,99,Running,28
37,158,51,124,HIIT,36
59,172,53,128,Strength,115
21,162,91,160,Cardio,110
51,155,100,178,Cardio,35
33,164,71,116,Cardio,39
37,163,117,123,Cardio,47
37,167,90,142,Yoga,82
38,150,67,131,Running,66
19,168,117,151,Yoga,19
35,169,109,136,HIIT,16
53,165,55,140,Cycling,96
31,157,61,165,Yoga,68
19,173,75,84,HIIT,29
58,176,118,122,Yoga,64
52,198,116,100,Running,107
56,183,76,154,Strength,85
59,164,101,154,HIIT,76
31,183,89,94,Cardio,112
52,180,92,160,Cardio,57
34,184,88,173,HIIT,11
35,151,109,176,Cardio,70
52,192,105,168,Strength,101
26,191,51,142,Running,34
34,172,83,127,Running,68
19,179,119,167,Yoga,79
54,180,103,84,Strength,59
27,169,113,167,HIIT,33
37,190,85,172,Yoga,53
42,154,61,115,Running,68
47,199,101,176,HIIT,89
45,192,112,131,Cardio,96
53,189,53,118,Strength,45
57,156,57,139,HIIT,37
45,178,68,81,HIIT,29
34,157,107,122,Running,29
29,198,62,103,Running,35
27,172,65,169,Strength,95
18,168,93,178,Cardio,15
36,154,112,96,Cycling,101
51,182,63,167,Strength,114
58,195,52,168,Running,94
19,170,83,103,Cycling,88
39,188,54,104,HIIT,22
20,161,63,128,Cardio,31
49,157,103,179,Cardio,45
46,182,73,103,Strength,88
44,150,64,145,HIIT,78
56,166,56,157,Strength,85
44,175,96,133,HIIT,78
47,187,78,96,Cardio,100
35,188,114,97,Cycling,38
32,164,97,87,Cycling,63
41,165,112,157,Cycling,55
22,180,57,119,Running,99
34,156,73,120,Cardio,78
24,172,104,102,Cardio,41
18,168,113,140,HIIT,100
46,157,54,137,Cardio,26
32,172,72,166,Yoga,56
20,162,57,105,Running,31
40,176,58,168,Yoga,42
53,192,111,139,HIIT,92
44,153,108,84,Running,79
36,188,81,147,Yoga,11
43,157,102,99,Cycling,67
39,154,63,161,Yoga,19
22,178,57,128,Running,46
59,156,112,114,Cardio,57
29,196,103,88,HIIT,108
35,165,53,171,Running,25
52,195,116,121,Running,100
20,182,107,125,HIIT,45
51,178,109,112,Cardio,104
41,183,104,100,Cardio,15
35,162,75,104,Strength,50
30,185,56,150,Cycling,33
34,152,103,131,Yoga,29
20,171,95,169,Yoga,38
58,189,111,171,Strength,79
37,197,82,136,HIIT,75
46,179,95,123,Running,114
38,172,112,128,HIIT,39
30,183,105,106,Cardio,109
32,185,114,86,Yoga,88
30,171,107,121,HIIT,101
32,180,68,126,Cycling,88
57,174,104,86,Cardio,13
19,157,94,146,Strength,24
20,188,118,172,Running,112
55,151,80,156,Strength,85
55,159,69,141,Cardio,86
28,187,105,96,Cardio,54
54,196,105,102,Running,24
49,196,78,176,Cycling,13
29,178,99,153,Cycling,97
18,163,87,83,Cycling,60
56,184,90,119,Running,31
31,186,89,178,Cardio,29
23,160,65,167,Cardio,43
25,150,79,152,HIIT,75
44,197,109,177,HIIT,116
51,180,71,117,HIIT,13
57,158,77,86,Running,54
44,162,82,86,Running,85
56,152,95,157,Running,111
21,158,53,169,Strength,12
47,192,51,166,Cardio,68
53,194,112,99,Cardio,40
24,165,83,143,Cardio,117
38,165,70,154,Strength,110
25,182,88,115,Strength,74
31,155,80,131,Running,21
22,184,114,124,Running,61
30,168,116,105,Yoga,113
57,153,115,123,Cardio,99
50,191,51,88,Cycling,98
50,179,97,151,Strength,108
31,174,63,143,Cardio,84
49,168,56,140,Cycling,90
48,199,54,120,Yoga,84
26,194,104,128,HIIT,89
32,164,116,92,Running,79
49,160,60,159,Running,112
58,178,96,162,Cardio,105
46,165,71,131,Yoga,46
24,185,93,175,Cycling,47
32,171,93,155,Cycling,36
18,155,102,90,HIIT,20
44,190,108,151,HIIT,99
45,169,56,114,Yoga,53
30,154,94,147,Strength,59
51,171,81,96,Yoga,93
32,165,89,122,Running,10
53,169,84,92,Strength,16
33,165,112,173,HIIT,24
23,174,98,82,HIIT,98
20,182,64,97,Yoga,36
39,199,106,141,HIIT,23
20,180,113,172,Strength,89
54,187,96,162,Cardio,96
57,166,94,172,Running,110
57,184,96,150,Cycling,96
36,165,112,99,Running,64
45,168,73,175,Cycling,32
52,154,55,121,Cardio,78
28,158,101,172,HIIT,37
40,176,50,91,Running,44
19,198,71,126,HIIT,39
55,151,78,119,Strength,96
50,177,59,134,Cycling,67
43,165,79,103,HIIT,24
42,177,77,126,Cardio,98
55,178,93,100,Cardio,75
58,192,71,148,Strength,59
29,199,53,161,Running,29
58,155,71,148,Cycling,76
52,169,80,122,Cycling,17
51,191,87,124,Running,24
53,194,91,109,Yoga,47
44,163,117,96,HIIT,61
28,175,101,123,Yoga,86
18,154,69,121,Yoga,59
36,198,65,89,HIIT,73
22,185,97,115,Cycling,17
23,191,92,138,HIIT,13
50,178,117,139,Strength,37
34,175,64,90,Running,70
30,163,54,89,Strength,65
31,184,99,113,Running,13
21,193,117,166,Strength,22
19,171,107,114,Cycling,85
47,179,104,148,HIIT,32
41,188,50,136,Yoga,72
29,183,108,114,HIIT,22
52,181,75,94,Cycling,21
45,178,64,158,Cycling,71
31,199,77,154,Yoga,107
50,184,118,125,Cycling,111
20,157,109,127,HIIT,93
20,194,57,158,Yoga,75
50,184,50,141,Running,99
46,175,83,133,HIIT,55
19,198,113,163,Yoga,83
57,153,103,92,Cycling,44
31,165,105,117,Yoga,21
24,192,111,126,Yoga,105
21,185,112,107,Cycling,109
30,151,71,81,Strength,70
35,197,99,81,Cardio,90
24,152,62,124,Cardio,37
33,190,107,170,Cardio,91
29,177,76,110,Strength,73
31,155,91,101,Cycling,104
23,177,116,96,Cycling,12
53,178,103,104,Running,116
30,186,59,144,Yoga,16
29,169,97,173,Strength,67
29,188,51,86,Running,105
36,156,86,116,HIIT,103
56,161,79,86,Strength,39
29,150,104,117,HIIT,84
44,177,110,80,Cycling,95
52,173,94,91,HIIT,109
22,183,115,166,Running,51
56,187,70,99,Running,58
39,164,113,159,Cardio,95
29,166,100,103,Running,49
32,187,90,115,Running,104
23,184,73,163,Cycling,107
56,198,59,143,Strength,64
53,169,62,110,HIIT,65
37,185,99,105,Strength,93
56,164,76,95,Yoga,68
40,191,92,152,Cycling,66
28,173,83,148,HIIT,21
47,166,64,121,Cardio,77
56,183,78,156,Yoga,12
27,177,103,155,Running,88
56,189,97,108,Cardio,66
46,192,100,129,Yoga,110
37,165,82,146,Cycling,84
32,164,83,137,Running,39
57,170,54,150,Strength,68
58,166,95,128,Cycling,108
53,186,81,130,Yoga,23
49,187,51,145,Cardio,105
20,172,78,130,Cycling,36
27,197,81,93,Strength,78
50,192,114,154,HIIT,89
50,178,92,166,Running,73
25,150,79,131,Running,79
18,175,115,132,Yoga,54
56,197,52,90,Cardio,60
58,194,67,118,HIIT,36
20,174,70,151,HIIT,67
43,178,112,95,Cardio,92
29,159,55,97,Cycling,100
27,175,99,124,Cycling,77
26,188,80,102,Yoga,13
29,159,82,156,Strength,61
28,151,58,129,Strength,16
59,166,114,81,HIIT,103
59,150,74,177,Yoga,94
30,160,85,81,Cardio,15
25,166,95,144,Yoga,31
27,172,119,150,Cycling,105
56,183,53,177,Yoga,35
55,191,90,164,Running,11
21,156,52,123,HIIT,100
20,158,76,173,Cycling,95
48,157,96,119,HIIT,116
25,179,68,146,Strength,73
47,156,119,107,Cardio,63
33,168,81,88,Running,76
51,176,56,88,Yoga,96
35,153,105,128,Yoga,67
46,190,117,154,Strength,39
46,160,105,112,Strength,62
47,150,95,96,Cardio,103
38,153,76,124,Running,16
32,198,119,135,Cardio,20
51,199,60,146,Running,109
19,184,54,112,Running,79
19,195,115,173,Running,68
33,152,73,80,Running,16
46,187,51,110,HIIT,102
22,199,60,91,Strength,63
19,195,100,108,Cardio,79
52,197,109,84,HIIT,29
37,162,56,135,Running,94
30,196,74,162,Strength,28
50,197,100,161,Strength,33
29,150,102,85,Yoga,82
39,181,62,171,HIIT,119
55,183,61,84,Cardio,75
41,181,80,164,Cycling,107
55,152,71,84,Cardio,72
54,196,96,100,Running,95
32,199,116,144,Yoga,74
23,188,91,161,Running,106
31,182,72,126,Running,69
42,193,115,116,Yoga,80
18,187,78,96,Strength,73
24,152,92,103,Strength,112
54,195,53,135,Cardio,37
52,160,91,81,Running,105
33,195,77,83,Yoga,19
25,187,91,125,HIIT,42
49,169,95,86,HIIT,48
30,188,53,87,Yoga,80
43,150,80,84,Cycling,41
47,152,96,143,HIIT,44
38,152,81,157,Cycling,113
48,193,75,171,Yoga,39
42,185,69,113,Strength,53
49,164,112,80,Cardio,109
27,164,115,142,Cardio,68
44,168,60,159,Cycling,57
19,150,112,159,Cardio,86
52,156,83,136,Running,36
29,186,83,178,Running,56
51,192,99,122,Cardio,42
30,199,50,95,Cardio,58
50,164,68,157,Yoga,77
30,168,94,172,Cycling,26
57,180,98,104,Yoga,40
52,183,87,95,Cardio,97
47,190,69,80,Yoga,114
19,183,55,98,Cardio,114
32,159,115,82,Cardio,115
35,195,100,133,HIIT,99
34,152,96,164,Yoga,15
54,199,79,92,Cardio,96
33,199,107,99,HIIT,90
33,169,67,178,Cycling,111
49,186,106,139,Yoga,49
48,152,116,167,Cycling,40
40,187,53,138,Yoga,83
28,163,117,142,Strength,65
56,174,108,115,Cardio,98
46,183,108,91,Yoga,116
27,167,51,96,Strength,111
19,171,102,121,Yoga,33
56,176,56,137,HIIT,46
43,195,64,144,HIIT,44
45,160,52,158,Cycling,86
39,175,83,127,Cardio,79
45,195,77,88,Strength,116
36,189,68,143,Cardio,33
30,170,106,119,Cardio,29
24,196,90,163,Strength,45
25,150,113,103,Cycling,56
25,172,110,94,Running,33
43,155,113,140,HIIT,32
30,160,71,87,HIIT,84
29,165,53,93,HIIT,106
41,154,80,138,Cycling,20
53,188,98,142,Yoga,39
43,178,64,141,Strength,42
58,163,91,145,Yoga,67
53,169,77,160,Strength,65
55,167,110,103,Cycling,56
54,184,109,169,HIIT,63
24,189,69,161,Running,110
58,180,88,155,Strength,35
46,172,113,111,Cycling,87
45,185,92,144,Strength,46
57,160,117,139,Running,92
21,195,111,107,HIIT,65
57,196,56,90,Running,81
34,188,100,113,Cycling,24
48,179,101,136,HIIT,106
24,167,72,81,Strength,59
42,151,71,153,Strength,79
46,161,83,165,HIIT,100
52,170,72,85,Cardio,99
45,157,88,178,Yoga,103
48,169,94,130,Running,68
58,162,105,156,HIIT,58
54,190,102,135,Strength,52
28,159,63,148,Yoga,105
18,188,86,129,Cycling,119
37,169,105,126,Running,53
45,182,56,169,Cardio,22
52,189,69,119,Running,12
26,178,115,178,Running,99
48,193,88,142,Cardio,24
35,154,117,154,Strength,103
38,172,71,158,Running,46
31,192,68,127,HIIT,19
56,161,73,82,Cycling,76
38,164,87,88,Strength,32
19,177,115,165,Running,119
45,168,69,81,Running,30
58,183,111,96,Cardio,114
52,186,110,160,Yoga,78
23,195,86,84,Strength,69
25,196,80,129,Running,118
51,168,104,95,Cardio,47
48,160,83,96,Cardio,89
20,156,63,132,Yoga,78
19,188,91,166,Cardio,95
28,191,60,168,Running,82
18,168,80,175,Cardio,43
57,186,83,142,Yoga,89
36,151,108,116,Strength,108
54,169,55,122,HIIT,15
36,195,74,82,Yoga,103
21,189,111,116,Strength,25
38,187,74,91,Running,88
35,174,119,148,Running,49
21,160,69,101,Cycling,68
31,154,51,106,Cardio,113
27,195,106,109,Cycling,102
35,167,94,130,Cycling,101
47,196,76,114,Running,81
32,189,94,167,Cardio,14
22,177,71,165,Yoga,79
28,164,81,148,Cardio,68
23,187,61,87,Cycling,21
24,162,84,92,Running,33
38,196,81,177,Cardio,119
31,172,52,127,Yoga,88
34,150,85,86,Running,105
51,153,88,170,Running,58
18,190,113,148,Running,93
26,157,100,112,HIIT,14
55,184,84,125,Strength,65
51,169,94,142,Cardio,75
32,188,74,94,Strength,108
57,163,87,145,HIIT,40
40,168,101,92,HIIT,94
46,176,105,146,Running,15
25,195,115,154,Cycling,48
19,157,69,171,HIIT,88
22,160,117,130,HIIT,21
58,177,116,161,Cycling,111
26,186,70,87,Cardio,18
58,195,114,104,Cardio,110
42,153,87,170,Yoga,87
36,160,76,111,Strength,69
22,152,112,85,Yoga,42
45,158,64,114,Strength,83
50,188,85,117,Running,44
56,151,109,166,Strength,87
48,152,57,82,Cycling,25
57,158,96,169,Cardio,103
19,196,86,104,Strength,42
53,154,109,100,Strength,40
21,166,76,156,Yoga,34
25,187,102,150,Cardio,14
39,174,99,169,HIIT,32
21,165,101,101,HIIT,86
47,183,119,176,Cardio,16
19,168,84,82,Strength,37
45,163,75,108,Cycling,110
34,175,53,135,Running,44
43,169,93,93,Yoga,80
24,176,83,132,Cycling,19
54,159,85,167,Strength,76
43,159,95,120,Cycling,85
59,168,57,123,Strength,50
30,188,114,147,Running,67
24,161,102,142,HIIT,36
32,157,69,88,HIIT,17
33,193,84,143,HIIT,114
48,151,94,114,Yoga,71
47,161,66,86,Running,106
21,188,59,117,Running,79
19,195,57,132,Cardio,33
18,181,94,106,Yoga,72
43,166,116,118,Yoga,49
30,158,97,157,Yoga,51
46,182,112,89,Cardio,22
43,162,92,90,Cycling,55
46,187,58,130,Yoga,47
55,181,91,152,HIIT,110
32,189,84,137,HIIT,99
22,181,117,172,Yoga,24
26,181,113,100,Yoga,41
27,154,98,146,Yoga,44
20,199,99,170,Yoga,79
53,192,77,86,HIIT,51
19,171,115,106,Cardio,88
46,188,99,103,Running,77
39,161,61,92,Yoga,28
26,185,119,162,Cycling,104
45,199,70,176,Cycling,40
51,190,99,164,Cycling,17
59,175,66,140,Cardio,73
33,197,93,83,HIIT,113
57,159,81,109,Cycling,23
28,189,51,150,Cardio,28
19,169,107,168,Cycling,46
20,151,93,139,Cycling,79
55,152,66,128,Cycling,88
34,172,88,103,Cycling,28
44,157,114,154,Strength,45
30,166,55,151,Strength,94
19,199,78,165,Yoga,59
18,157,95,150,Cardio,11
58,155,81,123,HIIT,51
56,172,105,166,Cycling,60
51,191,52,150,Yoga,28
33,181,114,174,Yoga,101
18,152,62,152,Strength,75
47,168,60,172,Cycling,116
52,156,106,112,Running,49
27,154,87,96,Cardio,70
36,164,75,150,Yoga,81
49,165,107,113,Running,51
28,185,103,111,HIIT,23
28,181,53,178,Cardio,16
58,190,79,80,HIIT,62
50,180,55,144,Cycling,99
38,163,107,90,Yoga,60
41,156,107,84,Cycling,40
32,187,119,137,HIIT,112
39,185,85,159,Cardio,28
23,160,77,123,Cardio,23
23,152,104,147,Yoga,48
24,180,61,86,Cycling,48
22,154,89,148,Strength,22
50,173,90,89,HIIT,113
18,150,111,127,Strength,78
22,179,86,100,Cardio,12
50,184,113,90,HIIT,78
29,181,75,120,HIIT,27
36,164,112,175,Cardio,24
55,188,94,110,HIIT,11
39,181,119,157,Cycling,57
30,159,57,130,Strength,16
34,193,117,151,Cardio,25
22,194,57,177,Strength,16
48,187,69,81,Cycling,50
33,174,109,152,Cardio,72
30,191,94,172,HIIT,73
25,176,68,164,HIIT,17
28,182,67,125,Yoga,61
42,160,91,99,Cycling,82
33,185,57,92,HIIT,102
44,151,108,102,Cycling,78
20,179,104,138,Yoga,63
51,189,95,93,Cardio,99
41,161,66,141,Cardio,14
21,187,88,131,Yoga,79
42,192,91,172,Running,106
38,171,68,126,Strength,47
44,163,52,153,Cycling,97
39,157,104,127,Running,115
34,177,70,145,Strength,43
24,191,72,157,Yoga,47
23,185,112,121,Strength,66
43,152,64,159,Yoga,78
56,185,81,110,Cycling,21
58,190,113,82,Cardio,82
58,169,71,123,Running,28
44,152,118,172,Strength,107
33,161,53,106,Cardio,56
55,167,61,113,Yoga,39
59,173,84,99,Strength,79
53,195,82,130,Strength,41
39,168,61,107,HIIT,96
24,153,92,169,Strength,110
22,172,85,156,Running,106
58,183,117,116,HIIT,108
38,173,114,95,Yoga,81
42,199,53,165,Cycling,39
52,187,96,129,Cardio,99
20,151,105,122,Strength,67
46,199,119,147,HIIT,84
24,183,61,130,Cardio,109
25,173,94,149,HIIT,89
49,170,63,87,HIIT,116
37,178,72,102,Cardio,91
50,169,107,170,Running,56
40,164,50,164,Running,81
26,171,57,158,Strength,109
35,157,76,172,Cycling,14
55,175,57,80,Running,50
59,178,101,162,Cardio,38
25,168,78,113,HIIT,95
18,190,81,116,Running,74
48,182,68,119,Yoga,112
26,195,81,158,Running,115
54,172,74,116,HIIT,45
56,172,92,103,Cardio,81
40,195,58,119,Cycling,98
29,191,95,94,Running,55
55,151,92,119,Strength,100
24,161,116,129,Cardio,52
43,165,57,113,HIIT,75
37,156,90,90,Yoga,117
38,177,87,164,Cardio,22
37,184,57,93,Yoga,71
24,187,103,109,Cycling,71
43,154,103,153,Running,92
22,159,80,157,Cycling,97
23,163,101,151,Running,49
23,188,71,150,Strength,116
52,164,110,83,Running,27
29,193,105,151,HIIT,98
50,183,102,140,Cardio,61
40,172,85,142,Strength,77
24,177,101,86,Cardio,105
56,153,90,144,HIIT,49
32,187,105,160,Running,32
58,199,94,145,Running,45
50,181,111,140,Yoga,33
43,153,119,146,Cardio,93
41,151,87,158,Cycling,70
43,177,61,140,Cycling,110
28,150,54,173,Strength,65
32,152,116,157,Cycling,70
48,164,78,173,Cardio,71
30,160,73,159,Cardio,78
47,155,112,119,Yoga,69
35,153,99,103,Cycling,65
50,168,80,110,HIIT,64
48,178,113,85,Cardio,111
31,188,85,174,Cycling,21
23,186,60,165,HIIT,98
49,178,91,157,Yoga,47
48,150,55,138,HIIT,13
21,188,63,87,Running,15
56,182,58,135,HIIT,94
41,164,86,176,HIIT,78
36,160,57,113,Cycling,65
53,158,116,84,Cardio,118
49,187,75,157,Running,119
52,196,92,119,Cycling,13
57,172,102,160,Cardio,29
46,193,55,106,Strength,15
38,155,105,110,Strength,39
43,162,98,163,Cardio,70
35,190,86,155,Cardio,112
50,194,77,106,Strength,60
55,161,52,126,Cardio,81
49,164,84,117,Strength,31
34,189,84,108,Cycling,51
22,183,73,142,Running,103
28,160,69,116,Strength,36
36,176,58,169,Yoga,11
47,152,62,117,Cardio,33
54,180,101,107,HIIT,78
52,159,85,115,Strength,79
47,168,66,103,Cycling,23
18,153,62,108,Cycling,16
38,178,68,173,Yoga,52
21,189,76,139,Cycling,75
57,198,117,121,Cardio,70
37,161,92,131,HIIT,101
54,170,59,177,Strength,80
55,175,99,175,Strength,90
27,173,95,110,HIIT,35
42,166,53,160,Yoga,113
22,172,108,120,HIIT,84
50,159,106,129,Strength,46
46,185,100,123,Strength,46
55,161,78,102,Cycling,57
21,164,68,115,Running,48
48,184,100,161,HIIT,43
34,169,116,98,Yoga,106
59,161,101,164,HIIT,56
47,152,98,121,Strength,34
29,190,82,161,Yoga,38
27,193,60,113,Cardio,19
30,195,86,89,Strength,85
33,175,77,140,Cardio,79
56,180,51,152,Cycling,116
37,183,95,128,Yoga,61
44,170,85,82,Cardio,62
28,194,72,156,Strength,100
57,185,112,136,Running,86
25,195,93,100,Cardio,73
32,170,114,133,HIIT,82
55,165,63,165,Running,103
25,172,88,130,Running,83
27,190,61,163,Strength,83
21,162,106,108,Cycling,87
40,165,68,156,HIIT,48
30,199,108,88,Yoga,111
26,162,56,106,Strength,105
52,164,90,138,Running,17
57,164,58,93,Cardio,56
21,156,71,171,HIIT,12
39,190,104,98,Cardio,102
59,157,71,170,HIIT,81
31,151,107,133,HIIT,12
26,156,106,118,Cardio,97
35,163,85,159,Running,23
19,157,107,86,Yoga,48
56,191,67,122,HIIT,48
19,199,73,81,Strength,87
30,184,68,100,HIIT,23
57,186,60,104,Running,17
21,182,55,159,Cycling,70
39,180,108,105,Cardio,58
25,150,50,81,Yoga,86
46,175,66,116,Cardio,26
43,168,117,93,Running,108
27,153,53,91,Cycling,11
59,198,106,140,Cycling,39
26,154,75,167,Cycling,56
47,187,102,95,HIIT,83
23,198,53,165,Cycling,114
43,189,54,160,Cardio,58
19,151,52,116,Cycling,16
26,190,69,112,Strength,115
20,177,67,93,Cardio,57
42,197,96,139,Cycling,30
58,160,67,136,Cycling,39
35,155,71,93,Cycling,34
40,196,106,158,Yoga,83
48,151,106,96,Running,106
24,151,59,154,Yoga,89
47,178,50,177,Strength,46
38,180,61,125,HIIT,79
29,168,108,149,Cardio,43
25,184,101,130,HIIT,101
42,172,58,136,Running,19
22,150,108,85,HIIT,43
35,158,72,104,Cardio,30
38,188,59,164,Yoga,64
29,188,89,160,Yoga,10
25,181,113,122,Cardio,46
41,162,89,117,Cardio,15
21,182,91,139,Cycling,67
50,179,55,167,Strength,32
40,150,99,110,Cycling,13
31,151,103,123,HIIT,48
23,195,51,82,Cycling,108
58,151,68,135,HIIT,91
42,163,110,110,Yoga,32
51,198,93,80,Running,71
50,198,114,115,HIIT,74
56,176,64,109,Strength,39
51,153,94,131,Yoga,95
48,186,72,170,Yoga,22
29,175,57,90,HIIT,12
26,182,64,83,Cycling,85
22,188,88,115,Strength,16
31,167,73,96,HIIT,113
54,162,89,112,Cardio,79
41,165,116,115,Strength,118
59,163,103,163,HIIT,22
53,197,95,140,Running,107
51,160,70,81,HIIT,57
36,197,103,135,Cardio,66
48,183,89,170,HIIT,97
41,154,57,123,Cycling,32
46,162,73,143,Cardio,56
58,184,118,92,Running,107
28,155,65,124,Cardio,92
22,158,84,142,Yoga,114
53,167,85,97,Yoga,29
42,152,87,165,Cycling,61
24,180,58,176,HIIT,42
31,178,110,118,HIIT,82
29,160,116,106,Cycling,92
35,172,92,97,Yoga,96
35,197,57,134,Cardio,35
25,178,50,120,Cardio,94
18,163,74,116,Cycling,96
54,150,102,162,Strength,37
39,174,90,115,Yoga,39
56,158,76,170,Cardio,32
55,159,52,151,Cycling,55
30,196,69,169,HIIT,27
44,175,111,134,Running,30
33,156,66,140,Yoga,13
48,170,59,162,Cardio,32
34,196,77,162,Cycling,110
44,189,115,86,Cardio,38
54,170,87,121,Cycling,36
50,186,52,174,Cycling,115
38,158,56,127,HIIT,35
58,176,50,149,Running,115
56,153,117,140,Running,33
36,176,105,109,Running,110
31,175,79,119,Strength,92
31,186,96,132,Running,80
52,181,65,143,Running,42
30,199,91,118,Strength,48
25,159,116,145,Strength,49
52,198,91,138,Cardio,69
41,172,114,85,Yoga,70
47,186,86,112,Strength,68
26,173,113,93,HIIT,71
30,197,60,168,Strength,84
54,173,91,175,Cardio,108
28,182,95,155,Cycling,89
31,186,64,88,HIIT,107
26,163,90,84,HIIT,90
37,181,59,96,Strength,71
47,186,111,93,Yoga,81
39,198,50,84,Cycling,83
21,195,90,168,Cycling,31
24,171,78,100,Strength,19
54,158,71,148,Yoga,119
47,180,51,112,Cardio,93
54,177,66,160,Running,83
41,158,58,88,Strength,10
21,184,57,86,Cardio,23
20,173,64,89,Cycling,113
42,150,63,139,Cycling,63
41,160,87,99,HIIT,26
24,174,87,106,Running,67
25,154,73,116,HIIT,101
18,155,116,174,Yoga,107
26,176,73,165,Yoga,73
20,163,54,84,Strength,68
48,171,85,98,Yoga,47
49,162,75,89,Cardio,80
50,160,55,163,HIIT,100
28,188,56,151,Yoga,108
47,153,52,112,Cardio,111
32,177,80,87,Strength,104
30,157,66,102,Cycling,61
49,168,66,154,Yoga,61
35,198,71,111,Strength,103
45,165,116,99,Cardio,112
55,188,114,84,Strength,21
52,196,110,149,Yoga,35
52,171,82,100,Cycling,100
58,165,51,152,Strength,50
28,166,53,93,HIIT,80
36,175,101,144,Cardio,71
18,179,98,81,Cardio,66
54,182,116,173,Cycling,21
35,191,90,90,Cycling,52
38,181,58,142,Running,119
21,179,64,87,HIIT,38
27,186,76,90,Running,53
23,195,78,94,Running,114
27,184,82,123,Yoga,10
20,169,61,178,Strength,53
50,154,106,140,Cycling,88
19,157,94,135,Running,13
46,197,83,145,Strength,12
58,198,71,128,Cycling,109
36,187,90,168,Cycling,82
45,198,87,80,Yoga,13
59,159,106,113,Yoga,102
26,178,56,179,Cycling,97
44,176,80,146,Running,54
26,179,87,165,HIIT,95
52,188,66,116,Running,49
56,170,92,144,Yoga,51
47,163,89,177,Yoga,92
39,160,61,103,Cardio,89
19,160,96,163,Strength,33
52,186,74,85,Cardio,95
19,197,66,104,Cardio,111
39,171,70,116,Cardio,83
54,183,60,119,Cardio,65
32,164,102,140,Running,87
21,184,108,156,HIIT,84
44,189,107,169,Cycling,69
30,174,66,157,HIIT,48
49,172,73,98,Cycling,15
32,168,115,105,Cycling,59
55,198,53,111,HIIT,13
28,185,92,143,Strength,93
45,180,104,140,Cardio,28
48,184,108,166,Yoga,76
30,181,60,107,Cardio,63
43,172,93,126,Strength,60
40,188,67,88,Cardio,104
26,186,76,178,Cardio,68
49,168,74,120,Strength,24
37,155,68,114,Running,16
28,165,83,146,Strength,90
53,163,61,128,Cycling,49
28,167,52,96,Yoga,16
18,197,66,116,Running,43
49,171,61,100,Strength,28
26,172,117,142,HIIT,22
35,167,90,90,Cardio,59
21,155,103,142,Cycling,19
23,187,68,166,Running,27
58,181,90,152,HIIT,51
29,165,63,169,Cardio,54
20,186,84,134,Cycling,65
22,192,80,91,Cycling,56
53,191,95,166,Cardio,114
37,160,118,125,Running,40
23,172,57,119,HIIT,69
25,178,64,93,Cycling,69
55,179,69,146,Cycling,13
25,184,68,162,Cardio,39
53,165,113,179,Yoga,12
54,168,68,151,Running,111
23,156,109,140,Strength,14
34,157,101,148,Running,21
57,191,109,98,Cycling,103
35,159,51,160,HIIT,115
18,182,91,91,Yoga,48
24,194,63,164,Cycling,63
29,189,58,154,HIIT,107
20,153,69,175,Strength,69
27,188,117,170,Running,42
27,189,75,85,Yoga,39
57,190,70,98,Yoga,90
50,153,63,120,Running,37
27,175,69,126,Cycling,10
36,185,76,179,Cardio,109
51,166,83,179,HIIT,72
22,177,108,121,HIIT,115
36,162,73,151,Cycling,104
48,175,62,109,Cycling,69
27,194,95,179,Yoga,97
32,155,50,158,HIIT,103
33,198,56,103,HIIT,109
22,153,89,162,Cardio,112
52,175,99,118,Strength,67
51,182,112,85,Running,48
34,173,83,96,Cycling,38
42,185,115,176,HIIT,33
58,165,118,149,Yoga,65
43,154,70,122,Strength,70
41,174,90,124,Strength,117
31,156,58,163,Cycling,72
55,173,56,153,Cycling,75
40,174,112,85,Cardio,53
53,165,52,85,Yoga,29
20,196,112,144,Yoga,42
32,178,87,154,Strength,16
39,173,105,144,Running,20
58,167,81,127,Yoga,79
55,197,91,127,Yoga,47
42,196,94,176,Yoga,108
52,199,119,169,Cycling,111
28,173,95,124,Running,106
21,166,55,177,Running,78
50,197,54,159,Strength,92
24,187,84,160,Strength,48
56,158,59,116,Running,77
23,156,78,174,HIIT,67
58,190,93,154,Running,34
39,182,54,150,Running,47
55,157,66,135,Running,37
51,181,73,173,Yoga,20
22,161,113,88,Cycling,32
24,186,69,155,HIIT,94
35,182,86,103,Cycling,83
20,192,109,81,Cycling,87
23,154,61,168,HIIT,22
46,153,61,167,Yoga,59
54,194,112,173,Cycling,71
28,153,59,128,Cardio,82
59,158,90,81,Running,21
26,161,99,176,Cycling,11
35,155,103,139,Cardio,49
46,193,118,87,Running,58
56,152,92,134,Yoga,55
41,180,65,168,Yoga,98
20,195,110,132,Cardio,21
50,199,107,178,Yoga,65
34,189,98,155,Cardio,16
26,167,53,84,Cardio,106
24,163,53,98,Strength,65
35,158,117,130,Cardio,63
37,175,115,112,HIIT,97
50,179,63,153,Cardio,17
50,189,80,150,HIIT,107
21,176,112,144,Yoga,118
49,150,71,130,Strength,41
24,166,58,102,Cycling,95
45,158,115,171,Strength,105
59,198,73,171,Strength,50
43,166,69,159,Running,83
39,189,83,83,HIIT,48
50,185,88,173,HIIT,47
27,166,78,140,Running,86
31,184,67,152,Cardio,77
59,162,75,83,Cardio,13
26,182,83,128,Cardio,116
47,166,64,98,Strength,27
20,158,108,174,Strength,101
28,174,63,172,Yoga,110
44,181,78,135,Cycling,99
39,160,82,162,Cycling,55
21,189,75,129,Strength,99
22,167,86,168,Cycling,89
48,178,111,172,Strength,76
26,165,75,109,Yoga,88
51,180,56,178,Cardio,18
29,154,87,170,Strength,47
57,179,69,168,HIIT,73
31,174,69,132,Running,89
42,186,101,116,Yoga,37
54,164,97,93,Running,77
22,174,69,112,HIIT,105
38,184,82,178,Running,23
43,176,65,171,Strength,102
47,184,117,109,HIIT,63
48,161,99,178,Strength,14
57,188,114,106,HIIT,51
34,173,108,103,Cycling,32
41,192,103,80,Yoga,113
42,192,65,117,HIIT,86
29,168,89,106,HIIT,87
55,198,66,174,Cardio,83
27,152,62,88,Running,90
46,194,74,108,Cardio,67
58,157,91,89,Strength,94
18,184,52,162,Yoga,87
38,158,76,133,Yoga,11
31,164,68,155,HIIT,35
30,164,89,105,Cardio,110
43,172,98,100,Cardio,95
58,151,59,106,Cycling,12
35,198,98,153,HIIT,62
59,169,94,109,Cycling,90
35,157,101,125,Yoga,110
46,193,57,117,HIIT,104
59,172,103,122,HIIT,89
27,199,65,172,HIIT,77
44,187,76,155,HIIT,37
27,198,70,118,Running,59
39,170,111,144,Cardio,59
19,194,68,157,Yoga,113
20,190,85,151,Cardio,76
18,183,103,127,Cycling,113
39,193,104,107,HIIT,101
50,199,105,156,Strength,11
59,193,61,87,HIIT,59
39,158,60,98,Strength,97
54,190,95,163,Running,114
32,196,73,112,Yoga,65
53,162,67,81,Running,86
18,179,111,139,Cycling,39
34,183,92,118,Cycling,82
39,164,50,90,Cycling,117
32,192,87,165,HIIT,37
33,178,58,86,Running,52
52,189,119,145,Cycling,116
26,165,54,130,Strength,83
18,185,90,151,Strength,51
46,168,77,93,Strength,64
19,176,67,133,Cycling,104
58,160,89,83,Cardio,34
31,158,80,170,HIIT,70
42,197,109,149,Strength,100
29,181,85,160,HIIT,72
30,190,65,172,Cycling,38
54,168,99,133,Cardio,65
54,193,84,123,Yoga,22
50,155,108,148,Strength,84
56,172,97,98,Strength,98
22,181,54,102,Strength,60
39,150,53,123,Yoga,114
51,164,86,141,HIIT,92
48,175,75,134,Cycling,82
47,165,70,167,Cardio,44
52,190,93,96,Cycling,27
19,185,114,116,Strength,88
36,190,98,174,Running,94
46,156,65,81,Yoga,36
50,182,50,160,HIIT,47
29,169,114,89,Running,11
42,191,102,159,Cycling,26
53,173,105,95,Strength,89
25,157,84,158,HIIT,41
58,193,101,153,Yoga,51
22,194,54,175,Cycling,62
58,160,51,141,Running,58
36,199,97,177,HIIT,118
21,171,58,98,Cardio,87
35,164,62,80,Strength,31
56,150,68,150,Strength,69
23,161,115,175,Cardio,46
48,171,70,168,Strength,90
30,190,113,88,HIIT,29
19,196,91,91,Running,38
39,161,110,104,Strength,77
28,198,90,113,Strength,38
20,161,54,162,Yoga,107
36,162,113,173,Cycling,104
29,199,87,127,Cardio,10
45,174,105,105,Yoga,53
20,182,84,142,Yoga,44
28,191,92,141,Running,90
54,169,93,127,Cycling,27
20,185,74,81,Cycling,96
34,174,95,103,Running,114
35,175,76,113,Yoga,71
19,150,60,89,HIIT,24
36,184,116,160,Running,44
28,182,110,165,Yoga,72
41,182,101,86,Running,98
35,180,96,109,Yoga,95
25,194,74,153,Strength,40
37,159,62,104,Yoga,119
55,154,112,144,Cardio,10
52,199,63,82,Strength,65
35,165,100,178,Cardio,48
49,167,107,133,Cardio,108
58,164,82,171,Yoga,22
27,196,117,133,Cardio,56
59,160,102,114,Running,18
26,152,65,177,Cycling,13
28,163,52,173,Running,54
34,169,76,84,Strength,55
48,178,96,167,Running,66
36,195,106,168,Cycling,76
39,153,51,133,Running,57
37,170,118,170,Cardio,66
54,189,96,82,Yoga,45
24,198,79,125,Cardio,42
52,164,58,174,Cycling,93
49,176,68,162,Cardio,41
40,183,51,129,HIIT,55
53,157,57,94,Strength,14
21,168,74,154,Strength,107
27,199,84,153,Cycling,59
54,158,79,124,Yoga,23
45,161,52,143,Yoga,72
56,160,92,133,Cardio,31
59,174,53,132,Cycling,58
37,173,81,173,Running,76
50,191,117,163,Cardio,48
36,199,98,163,Cardio,39
41,156,117,160,Yoga,113
42,170,110,169,Cardio,16
53,167,100,147,Cardio,87
33,191,96,123,Running,109
45,159,90,162,HIIT,113
43,154,89,87,HIIT,21
41,194,90,169,HIIT,16
22,154,111,151,Cycling,65
32,163,66,167,Cycling,18
34,153,81,91,Cardio,16
51,158,63,137,Cycling,35
45,178,55,119,HIIT,105
30,163,54,88,Running,101
59,150,115,174,Cycling,115
47,150,96,132,Yoga,95
27,174,57,162,HIIT,54
46,194,53,90,Cycling,102
23,198,118,80,HIIT,67
49,175,51,144,Cycling,93
54,174,74,83,Cardio,119
39,155,84,103,HIIT,63
40,172,62,178,HIIT,36
35,181,65,157,HIIT,17
54,161,114,82,Running,31
34,183,81,179,HIIT,114
31,167,58,145,Cardio,105
48,173,86,158,Yoga,36
44,160,110,139,Yoga,25
34,151,112,118,Yoga,59
26,198,65,123,Cycling,63
45,184,112,103,Yoga,52
58,151,92,94,Yoga,33
26,181,66,148,Cardio,29
46,199,52,168,Running,75
43,174,76,118,Cycling,77
54,166,68,118,Yoga,72
33,165,64,157,Running,101
34,174,70,159,HIIT,65
48,191,101,80,Yoga,61
24,194,114,116,Cardio,43
23,151,65,143,Strength,99
26,199,65,81,Yoga,39
19,154,79,147,Yoga,56
28,163,55,172,Cardio,58
52,186,101,172,Yoga,101
39,163,83,127,HIIT,106
56,163,92,131,Cycling,81
50,172,79,158,Strength,116
44,150,101,135,Cycling,73
30,164,111,139,HIIT,103
58,188,101,154,Strength,91
18,194,55,167,Yoga,45
34,167,63,80,Cardio,98
52,194,71,106,Cardio,119
56,170,61,115,Running,74
43,166,65,120,Running,90
45,184,66,160,Running,67
18,168,59,131,Running,50
23,169,52,87,Yoga,60
53,188,58,86,Yoga,24
24,151,112,88,Cardio,30
47,153,78,116,Yoga,26
58,162,71,148,Yoga,19
49,158,107,127,Yoga,18
57,194,112,140,Yoga,61
22,191,114,89,HIIT,63
54,199,86,138,Strength,88
31,155,64,95,Cycling,116
50,154,68,87,Running,68
50,175,110,114,Yoga,93
40,197,82,130,Running,35
49,166,72,96,HIIT,68
37,152,52,110,Yoga,60
21,163,93,96,Strength,11
51,187,96,112,HIIT,63
22,162,63,170,Strength,13
52,180,92,171,Cardio,51
46,154,106,129,Cycling,118
42,185,50,160,Strength,104
58,153,97,164,Strength,92
33,155,59,106,Yoga,50
36,194,112,163,Running,85
31,165,54,133,Strength,115
40,171,85,93,Strength,54
50,195,81,136,Strength,43
34,153,111,88,HIIT,30
18,163,91,167,Running,115
32,189,52,86,Yoga,56
41,181,87,123,Cardio,106
25,196,112,157,HIIT,35
39,176,73,154,Yoga,31
28,173,65,164,Cardio,30
49,189,77,179,Cardio,72
20,174,72,116,Cycling,37
21,182,82,131,Strength,92
27,187,69,101,Running,95
32,164,106,116,Strength,32
29,179,79,150,Strength,71
26,193,55,153,Cardio,25
54,164,94,97,Strength,73
27,187,96,125,Strength,45
52,189,76,176,HIIT,88
41,191,108,166,Cycling,116
35,196,102,85,Cycling,31
58,168,68,130,Strength,110
35,193,110,163,HIIT,102
50,169,88,105,Cycling,113
47,183,111,94,Strength,43
28,152,82,104,Yoga,106
33,169,53,145,Running,86
43,180,114,101,Running,49
42,162,58,115,HIIT,108
33,162,91,163,Cardio,111
26,192,108,126,Strength,33
37,171,60,103,Yoga,45
52,177,62,83,HIIT,79
47,197,109,98,Yoga,56
52,158,67,154,Running,85
20,173,73,80,HIIT,24
21,184,90,96,Yoga,72
34,160,52,159,Yoga,78
23,195,53,141,Running,117
43,168,116,154,Running,47
21,164,111,86,HIIT,60
57,181,110,86,Cardio,15
53,199,102,169,Strength,76
20,179,105,99,Yoga,85
49,160,111,145,HIIT,78
25,181,103,141,Strength,16
47,163,62,174,Strength,109
18,192,57,137,Strength,73
27,172,78,91,Strength,44
20,153,70,89,Cardio,45
29,155,110,120,HIIT,17
31,168,65,147,Strength,104
52,154,74,177,Yoga,41
22,156,87,117,HIIT,108
34,192,93,161,HIIT,47
29,180,109,88,Strength,23
43,161,103,128,Running,66
19,181,118,80,Cycling,46
25,179,86,111,Running,46
47,196,94,147,Cycling,97
27,164,106,106,HIIT,38
29,153,119,152,Cardio,76
50,164,92,170,Running,105
27,187,50,101,Cycling,48
40,162,95,95,Cardio,51
42,171,67,82,Yoga,112
49,188,113,138,Cardio,112
49,195,60,151,Cardio,107
30,186,117,136,Running,99
56,181,119,168,Cardio,95
58,152,95,170,Strength,42
50,164,60,126,Cardio,64
28,150,95,150,Cycling,52
23,193,84,159,Strength,107
31,185,103,167,Strength,99
46,181,70,126,HIIT,72
56,199,82,111,Cardio,73
18,194,114,139,Strength,94
44,161,50,175,Running,19
27,190,110,103,HIIT,43
39,199,90,174,HIIT,77
45,172,88,120,Cardio,49
30,189,100,149,Yoga,26
26,154,51,121,HIIT,54
43,190,111,168,Running,33
19,158,100,173,Running,75
31,159,76,116,Yoga,87
30,182,52,80,Yoga,64
52,181,89,173,Strength,15
47,194,73,167,Yoga,85
25,164,79,125,HIIT,61
53,156,96,133,Strength,55
26,174,68,142,Running,60
22,197,109,145,Strength,89
41,160,59,133,HIIT,21
30,194,73,136,Strength,75
44,193,61,162,HIIT,22
53,175,92,82,Yoga,88
56,151,112,152,Cardio,78
30,184,100,124,Running,97
34,166,64,150,Cardio,20
22,187,69,171,Strength,34
52,185,114,105,Yoga,110
43,190,50,128,Cycling,23
18,193,81,175,Strength,23
48,154,103,149,Yoga,70
45,190,56,101,Running,104
42,160,114,150,Cycling,38
28,154,51,93,Strength,30
38,190,98,98,HIIT,104
35,192,117,114,Running,15
39,192,79,148,Cycling,37
23,169,112,159,Yoga,11
55,160,113,162,Yoga,59
31,155,64,103,Strength,60
42,176,104,148,Strength,70
35,180,95,116,Running,70
50,183,115,177,HIIT,98
38,169,109,130,Strength,22
25,175,79,88,Cardio,15
41,156,77,151,Strength,93
46,178,96,155,HIIT,18
24,184,99,138,Strength,41
55,163,67,172,Strength,107
30,179,107,159,Cardio,34
47,151,98,128,HIIT,99
46,164,97,118,Running,96
31,190,78,96,Cycling,91
35,166,99,119,Cycling,18
31,153,62,108,Cardio,31
51,197,63,162,Cycling,56
45,170,110,144,Cardio,65
49,172,67,170,Cycling,101
49,191,72,179,Strength,107
38,179,83,118,HIIT,53
39,164,98,136,Cycling,56
29,172,97,131,Cycling,56
31,163,76,95,Cycling,105
28,188,109,80,Cardio,44
37,186,83,116,Strength,41
31,177,102,116,Running,108
20,162,85,169,HIIT,12
33,153,94,167,Cycling,71
37,172,80,158,Strength,85
25,157,81,150,Cycling,103
55,165,59,168,Running,84
27,170,97,139,HIIT,83
47,182,98,147,Cardio,27
50,188,62,139,Cycling,111
26,195,56,167,Yoga,17
44,150,59,106,Cardio,10
46,151,96,150,Running,93
32,167,72,119,HIIT,114
34,172,79,84,Cardio,47
26,156,101,123,Running,16
18,160,94,91,Cycling,14
34,179,81,159,Running,113
43,177,66,104,Running,71
40,181,80,123,HIIT,38
54,151,55,86,Strength,28
22,167,112,155,Running,10
55,158,59,138,Strength,84
36,183,116,169,Strength,109
49,167,74,145,Strength,99
24,152,50,87,Cycling,96
48,168,96,93,HIIT,74
45,195,54,151,Strength,97
56,164,94,97,Cardio,26
22,193,56,171,HIIT,95
50,168,54,128,Strength,110
40,168,104,148,HIIT,50
27,190,109,117,Running,117
27,176,110,113,Running,94
27,188,119,137,Cardio,70
24,152,98,100,HIIT,30
46,173,87,179,HIIT,97
52,181,84,88,Cycling,76
27,151,105,92,Strength,69
53,183,62,134,Running,18
28,194,61,169,Yoga,72
27,166,86,130,Cardio,56
38,195,105,174,Cardio,39
47,181,95,94,Cardio,113
39,151,107,111,Running,72
52,195,71,151,Cycling,78
23,190,59,177,Cycling,33
24,152,57,158,Cardio,94
53,174,58,176,Cardio,97
21,166,58,179,Strength,65
59,197,112,119,HIIT,50
22,166,99,97,Cardio,96
27,195,60,100,Strength,40
27,173,91,154,Strength,88
45,192,75,115,Cardio,46
59,197,111,119,Strength,43
35,179,118,103,Cardio,78
47,180,68,117,Strength,72
28,151,88,140,Cycling,91
38,181,75,138,Yoga,63
54,178,94,105,HIIT,79
46,159,94,130,Yoga,70
31,175,71,141,Strength,106
51,189,110,88,HIIT,87
34,187,77,157,Yoga,93
49,171,94,129,Cycling,38
18,153,89,115,Strength,13
55,156,114,137,Cycling,59
30,174,60,102,Cardio,26
59,191,57,113,Cardio,65
32,154,109,141,Yoga,69
58,187,68,132,Strength,109
49,191,76,123,Running,10
34,160,87,138,Yoga,54
23,197,82,108,Cardio,107
48,160,65,124,Cardio,33
21,171,110,126,Yoga,99
53,180,64,80,Yoga,46
19,189,114,115,Cycling,67
37,166,67,80,Strength,80
36,150,62,159,Running,65
33,184,104,172,Running,119
25,172,65,178,Cardio,13
51,197,113,119,Yoga,76
51,153,89,115,Running,24
19,183,112,105,Strength,108
32,191,96,139,Strength,18
40,159,110,148,Yoga,92
25,166,91,94,Strength,15
58,173,89,119,HIIT,40
18,186,100,145,HIIT,74
32,196,57,91,Yoga,54
29,162,70,123,Yoga,115
46,168,57,117,Cardio,105
39,180,62,169,Cycling,68
30,154,84,113,Strength,77
51,163,111,132,HIIT,62
47,181,84,167,Cardio,62
45,150,51,80,Running,67
39,156,69,175,Cardio,58
33,191,55,172,HIIT,52
23,182,108,165,Cycling,40
37,187,80,142,Cycling,93
48,173,83,126,Strength,99
53,179,55,109,Cardio,66
56,159,93,86,Cardio,59
53,163,52,152,Cycling,106
42,180,67,104,Strength,82
39,177,50,100,Strength,45
32,187,57,154,HIIT,69
38,169,62,173,Running,26
41,194,87,81,Cardio,61
45,175,60,163,Yoga,76
55,157,83,100,Cardio,64
28,161,71,112,Cardio,108
56,173,104,121,HIIT,24
38,154,90,148,Cardio,12
20,174,100,105,HIIT,119
40,189,115,124,Yoga,11
59,153,59,97,Running,19
30,175,114,177,Cardio,33
27,152,116,165,HIIT,102
38,197,95,95,Strength,114
24,175,70,179,Strength,66
24,191,63,157,Strength,23
51,171,94,93,Running,54
23,154,98,96,Cycling,85
26,184,103,148,Cycling,43
23,174,78,147,Cycling,79
58,179,56,123,Cardio,56
23,191,52,84,Strength,69
45,189,97,130,HIIT,29
28,185,99,85,Yoga,35
41,176,75,158,Cycling,24
38,150,92,92,Cardio,104
19,164,108,90,Yoga,87
35,170,69,173,Cycling,89
56,154,117,157,Yoga,70
51,189,57,81,Yoga,47
37,180,57,124,Running,67
34,196,88,167,HIIT,119
30,167,115,141,Strength,34
48,189,88,152,HIIT,101
30,152,117,173,HIIT,113
59,164,51,109,Cycling,89
25,160,83,102,Cardio,103
21,156,73,126,Cycling,28
18,154,111,126,Cardio,56
59,198,64,124,Cardio,77
31,183,70,176,Yoga,61
32,191,76,107,Cardio,110
25,184,71,101,Cycling,91
56,172,52,137,Cycling,41
18,179,92,176,HIIT,22
25,161,108,89,Yoga,43
32,161,115,110,Strength,53
32,184,70,80,Cardio,65
26,182,118,96,Cardio,79
54,175,51,168,Cycling,76
57,170,93,109,HIIT,71
46,165,118,153,Cardio,23
21,154,104,150,Running,14
33,199,71,169,Strength,111
57,199,105,82,Running,25
44,188,94,120,Running,55
27,177,100,114,Cycling,16
27,158,84,133,HIIT,21
36,167,59,108,Running,44
55,173,77,93,Yoga,94
38,176,76,172,Cardio,15
41,183,79,159,Cardio,92
38,189,107,172,Strength,25
37,166,109,140,Cycling,47
41,167,90,113,HIIT,10
45,172,67,136,Strength,75
37,180,70,87,Cardio,15
59,164,81,173,Cycling,47
37,180,87,122,HIIT,113
27,179,84,148,Cycling,36
20,187,97,119,HIIT,54
43,163,97,123,HIIT,39
34,193,82,147,Yoga,23
34,187,117,95,Running,53
28,184,116,90,Cardio,48
46,170,76,118,Cycling,98
47,158,51,145,Cardio,93
45,181,105,112,Yoga,107
37,199,95,122,Cardio,110
55,199,60,107,HIIT,41
22,185,63,146,Running,13
44,171,62,100,Cycling,30
35,150,54,103,Cardio,40
50,184,106,150,Yoga,108
45,180,81,102,Running,31
34,176,75,170,Running,88
52,197,73,85,Cycling,58
18,196,109,126,Cardio,95
24,154,98,155,Yoga,65
20,186,114,115,Cardio,112
31,196,95,155,Cycling,11
49,168,88,177,Yoga,118
20,168,79,164,Yoga,117
59,191,87,116,Strength,92
28,161,96,81,Running,116
36,169,108,88,Strength,44
59,173,93,172,HIIT,114
30,168,53,114,HIIT,58
29,165,86,175,Running,24
40,172,76,149,HIIT,32
20,187,90,113,Strength,68
33,151,66,83,Yoga,49
18,174,72,126,Running,67
35,163,62,125,HIIT,14
50,194,108,172,Running,67
18,195,101,160,Strength,12
51,182,61,154,HIIT,77
32,175,67,143,Cardio,97
23,197,65,97,Strength,11
37,159,90,136,Yoga,57
38,170,98,129,Cardio,97
58,164,69,101,Cardio,41
31,183,119,96,Running,91
27,184,85,153,Strength,110
24,159,107,85,Cycling,96
56,159,56,107,HIIT,15
40,154,94,89,Cardio,106
53,175,55,81,Cycling,64
20,152,61,156,Cardio,92
27,166,74,155,HIIT,21
55,197,90,132,HIIT,53
20,159,62,122,Yoga,98
24,161,63,91,HIIT,95
38,197,70,101,HIIT,53
59,173,89,114,Running,87
34,186,85,151,Yoga,29
30,198,110,121,Cycling,100
35,189,112,115,Strength,83
34,150,105,140,Cycling,33
36,167,90,105,Strength,30
56,171,100,173,HIIT,41
39,169,111,124,Cycling,45
48,155,118,168,Yoga,41
49,169,90,153,Cycling,118
47,184,112,167,Strength,18
21,155,86,177,Yoga,27
43,157,109,97,Strength,66
39,157,82,114,Cardio,41
57,159,99,160,Strength,58
34,177,82,144,Cardio,82
49,163,89,166,Strength,42
50,154,113,94,Cardio,118
35,155,116,137,Cardio,101
26,150,51,96,HIIT,112
21,169,73,133,Strength,75
48,161,99,110,Running,108
49,195,71,147,Strength,105
35,185,53,162,Running,79
47,157,83,134,Running,98
26,166,81,84,HIIT,36
21,174,55,149,Yoga,13
37,166,57,102,HIIT,90
49,187,102,118,Running,44
40,198,85,159,HIIT,37
51,195,57,138,Running,83
45,191,107,123,Cycling,111
35,184,85,137,Cycling,37
49,179,70,147,Cardio,62
46,195,107,111,HIIT,65
32,164,78,115,Strength,37
55,183,84,167,Cycling,108
18,162,98,157,Strength,10
52,175,112,81,HIIT,74
38,173,62,162,Strength,59
53,167,77,91,HIIT,91
56,161,89,82,HIIT,27
49,195,115,161,Cycling,38
38,190,100,167,Running,43
20,162,54,86,HIIT,54
24,159,89,97,Strength,91
47,163,58,87,HIIT,119
24,197,117,129,Running,35
25,165,67,119,Cardio,73
53,179,66,83,Yoga,55
30,152,75,148,HIIT,80
18,194,102,90,Yoga,26
35,186,102,106,HIIT,87
41,186,119,91,Yoga,72
59,170,64,141,Yoga,104
23,173,87,165,HIIT,58
33,179,74,167,Strength,37
19,152,115,115,Strength,113
42,153,61,133,HIIT,46
55,166,86,100,Yoga,82
55,181,86,161,HIIT,108
44,179,56,164,Yoga,72
21,181,80,127,Cycling,21
28,160,75,143,Cardio,29
38,156,96,139,Yoga,63
40,171,112,83,HIIT,42
55,197,89,135,Cardio,24
22,155,109,156,Yoga,34
28,162,83,85,Yoga,23
44,159,111,80,Yoga,83
40,151,60,86,Strength,52
42,190,76,104,HIIT,97
43,175,102,109,Cycling,114
32,162,79,116,HIIT,23
55,184,66,166,Strength,65
48,195,68,91,Cycling,40
49,198,63,125,Cardio,44
32,188,74,167,Strength,16
40,173,108,159,HIIT,88
19,181,58,84,Running,101
32,198,63,161,Yoga,116
56,170,65,126,Running,99
50,175,113,89,Yoga,13
57,153,104,88,Yoga,49
35,179,103,127,Yoga,110
46,185,80,107,Yoga,48
32,160,102,126,Running,98
56,153,89,129,Running,81
32,153,57,101,Yoga,61
28,180,63,115,Cycling,72
53,176,109,109,Cycling,119
57,187,92,123,Strength,14
58,169,108,143,Strength,20
33,162,63,155,Strength,49
20,170,84,116,Cardio,41
52,185,63,170,HIIT,86
42,172,58,96,Running,108
34,180,88,97,Strength,74
36,157,106,175,HIIT,111
43,183,103,106,Cardio,46
48,177,94,134,Yoga,118
22,156,50,135,Running,90
24,191,58,127,Yoga,117
40,152,80,167,HIIT,19
44,196,76,178,Cycling,73
36,151,73,96,Cycling,39
54,192,97,106,Strength,12
44,156,90,136,HIIT,88
57,190,76,172,Cardio,86
29,185,87,107,Strength,13
57,179,113,136,Cycling,67
55,162,98,148,Strength,26
52,199,75,154,Yoga,92
24,159,79,167,HIIT,25
35,177,81,109,Cardio,39
19,182,96,170,Cycling,30
18,180,83,137,Cycling,18
59,155,57,117,HIIT,23
45,197,64,139,Strength,90
55,174,80,86,Cycling,74
22,167,94,118,Running,100
55,180,108,119,Cardio,110
48,168,112,94,Cardio,87
58,166,90,119,Strength,39
53,164,54,92,Cycling,71
51,178,89,122,Cycling,100
58,180,53,125,Running,32
57,181,91,117,Strength,46
34,159,111,175,Strength,53
56,151,72,130,HIIT,115
29,178,60,149,Yoga,53
49,155,101,116,Strength,10
44,150,65,136,Yoga,25
29,161,112,173,Cycling,18
39,150,102,155,HIIT,27
34,173,65,129,Yoga,36
59,170,80,88,Strength,91
56,179,94,178,Yoga,17
52,193,77,103,Strength,111
28,188,115,131,Yoga,116
51,181,116,123,Running,63
40,158,82,156,Yoga,99
44,160,94,177,Yoga,18
23,163,107,155,Running,47
59,150,111,143,Cycling,111
40,150,88,149,Running,20
28,161,119,113,Cycling,81
53,154,75,87,Yoga,43
48,188,100,162,Cardio,113
55,187,105,152,Strength,92
56,152,63,105,HIIT,43
22,177,75,156,Running,39
41,173,90,108,Yoga,102
52,179,98,171,Cycling,108
52,166,68,81,HIIT,107
48,181,55,117,HIIT,71
25,172,112,136,Running,53
19,197,110,98,Cardio,74
31,196,69,172,Yoga,70
47,186,59,120,Yoga,58
26,160,61,117,Running,73
28,177,102,143,Cardio,110
54,161,96,134,Yoga,92
44,193,91,110,HIIT,22
30,187,84,169,Strength,75
59,151,83,123,HIIT,116
42,190,93,136,Strength,118
58,197,54,141,Cardio,63
46,160,83,91,Running,20
33,178,64,90,Yoga,19
48,181,103,93,Cycling,61
30,174,75,164,Yoga,57
59,197,83,168,Cycling,31
34,167,105,99,Running,57
19,192,113,88,HIIT,89
58,161,53,95,Cardio,69
20,193,113,117,Strength,51
57,166,61,110,Running,81
47,158,88,109,Strength,85
27,194,113,108,Cycling,111
49,191,92,153,Running,58
30,154,59,139,Strength,62
47,194,88,103,HIIT,17
29,154,82,120,Running,33
47,184,74,103,HIIT,77
45,193,82,134,Cycling,100
40,185,110,121,HIIT,61
49,157,93,117,Strength,98
24,164,105,107,Cycling,32
36,184,74,145,Strength,93
27,165,79,118,Running,108
56,187,111,100,Yoga,114
19,154,90,110,Cardio,50
19,174,63,179,Cycling,119
53,168,118,93,HIIT,23
18,186,69,106,Running,73
19,173,67,116,Yoga,84
55,159,52,107,Yoga,68
50,180,92,80,Strength,34
56,182,109,123,Cycling,39
29,187,52,121,Strength,66
55,170,76,155,Running,82
53,156,51,150,Strength,27
55,186,97,151,Cycling,64
52,167,84,169,Yoga,61
43,172,110,155,Running,63
50,168,108,104,Strength,38
47,154,79,88,Strength,76
59,158,78,167,Strength,100
26,163,108,135,HIIT,103
52,156,95,158,Yoga,96
57,150,75,114,Cycling,92
20,155,94,179,Cycling,24
40,176,80,153,HIIT,41
41,162,94,133,Strength,49
21,169,65,86,Cardio,63
51,165,90,93,Cycling,105
20,158,77,132,Cardio,81
47,187,103,152,Cardio,82
28,155,56,103,Cycling,77
24,150,95,103,Cardio,81
47,166,100,161,Cycling,62
33,178,92,85,HIIT,43
51,175,81,172,Cardio,68
37,189,75,127,Cycling,99
42,184,76,89,HIIT,62
45,166,95,86,Cycling,22
28,196,93,128,Strength,59
49,153,58,144,Strength,38
56,180,101,100,Running,43
22,174,105,123,Strength,37
23,156,79,117,Cardio,119
26,189,109,149,Yoga,32
28,199,70,106,Cycling,89
27,175,66,153,HIIT,47
43,163,50,162,Cardio,35
49,196,54,143,Cycling,63
24,189,102,119,Running,119
41,171,59,107,Yoga,96
36,170,89,103,Cardio,82
36,155,97,140,Yoga,50
18,155,66,176,Yoga,71
42,165,118,122,Running,101
55,178,50,171,Strength,114
55,187,119,119,Running,105
53,181,70,136,Cardio,45
51,194,67,126,HIIT,113
58,179,98,138,Yoga,70
53,156,64,131,HIIT,119
53,163,57,164,Cycling,46
46,190,62,107,Running,109
41,195,72,168,Yoga,35
19,172,99,95,Cycling,47
30,170,95,115,Cardio,117
21,152,68,113,Yoga,36
20,164,111,93,HIIT,11
34,158,113,120,Running,16
39,186,57,179,Cycling,28
39,189,75,178,Cycling,36
23,161,95,105,Strength,80
23,154,51,165,Cycling,14
53,164,96,151,Running,47
33,171,64,148,Yoga,16
49,186,68,178,Yoga,56
42,162,73,91,Running,81
20,178,88,107,Yoga,108
47,151,111,104,Cycling,73
34,156,85,156,Cardio,22
27,174,118,143,Yoga,89
23,178,56,132,HIIT,27
46,186,116,94,Running,19
58,195,100,136,Yoga,50
47,179,103,102,Cycling,65
36,153,118,160,Cycling,106
41,166,115,87,Cycling,77
31,159,73,134,HIIT,42
55,177,109,118,Yoga,116
58,154,104,152,Yoga,69
22,176,86,97,Running,62
20,172,106,163,Cycling,40
45,159,110,120,Strength,48
46,154,89,82,Cardio,105
51,193,82,101,Cycling,41
36,159,71,103,Strength,80
22,171,74,161,HIIT,90
45,164,84,147,Cardio,33
25,197,63,121,Cardio,70
21,178,106,133,Cycling,103
41,152,74,117,HIIT,117
26,163,77,156,Cycling,32
50,179,97,164,Strength,103
55,187,111,162,Running,69
42,150,103,112,Strength,45
28,152,80,142,HIIT,47
24,174,61,102,Strength,66
21,171,117,161,Strength,22
26,196,86,143,Cardio,80
55,189,89,157,Strength,61
27,177,109,127,Cycling,21
45,156,56,90,HIIT,67
23,165,110,158,HIIT,38
56,176,96,120,Strength,85
47,173,74,151,HIIT,96
48,155,91,129,Cycling,62
34,186,101,89,HIIT,105
36,156,78,103,Yoga,29
53,193,107,160,Strength,42
56,157,87,134,Cardio,67
34,178,57,89,Cycling,56
55,183,57,131,Cycling,104
56,170,65,106,Cardio,40
47,154,90,91,Strength,77
32,165,61,80,Running,72
37,187,51,82,Running,27
55,164,100,95,Strength,109
46,192,95,80,Yoga,104
42,163,66,176,Cycling,90
20,158,106,149,Yoga,11
32,169,90,97,Running,42
51,198,95,97,HIIT,32
30,194,67,86,Yoga,103
32,156,95,150,Yoga,110
31,153,67,98,Running,72
45,162,53,115,Running,33
33,151,63,105,Cycling,21
57,198,53,139,HIIT,53
53,180,50,150,Yoga,87
26,168,118,161,Cardio,108
25,158,67,105,HIIT,85
26,160,63,142,Yoga,38
54,165,62,156,Cycling,30
31,195,53,121,Running,30
31,196,63,100,Running,22
50,173,116,159,Running,54
43,188,112,121,HIIT,51
55,156,56,135,HIIT,79
26,162,54,103,Running,81
36,192,109,86,HIIT,54
58,165,77,178,Strength,46
54,195,80,91,Strength,66
47,199,107,136,Running,15
43,179,103,125,Yoga,13
33,164,96,131,Strength,73
36,181,99,94,Cardio,79
19,167,92,112,HIIT,45
52,161,79,163,Cardio,10
26,174,92,174,Strength,34
40,192,82,90,HIIT,112
39,189,96,157,HIIT,12
46,198,58,95,Yoga,18
30,198,67,130,Strength,110
25,177,102,178,HIIT,97
45,168,116,161,Strength,48
58,162,81,148,Cardio,62
32,184,66,148,HIIT,83
52,153,60,166,HIIT,50
58,160,85,144,HIIT,113
27,156,119,174,Running,14
52,154,69,132,Cardio,53
26,164,84,178,Cardio,57
22,168,75,165,Yoga,47
30,162,97,105,Cycling,23
25,183,115,147,Cycling,24
32,183,65,101,Strength,79
19,168,111,136,Running,119
57,199,71,177,Yoga,91
38,160,50,112,HIIT,66
52,176,96,159,Yoga,91
28,159,89,174,Cardio,46
59,186,117,120,Strength,35
25,193,64,138,Strength,96
51,159,87,158,Running,53
42,155,91,118,Yoga,83
41,164,104,176,Strength,82
22,172,64,105,Cardio,75
55,155,68,152,Running,110
28,158,118,176,Strength,54
44,187,88,154,Cycling,103
51,199,106,114,Running,63
53,197,72,85,Strength,58
38,164,109,169,HIIT,73
34,184,83,85,HIIT,101
46,150,81,135,Cycling,34
57,198,106,174,Cycling,38
37,163,108,160,Cycling,13
24,198,63,133,Cardio,86
51,188,57,112,Cardio,68
30,173,79,145,Cardio,97
56,194,56,88,Cycling,74
42,183,96,158,Yoga,19
26,185,101,136,HIIT,23
31,187,53,140,Cycling,48
31,163,78,175,HIIT,20
27,172,76,157,HIIT,23
30,188,50,139,Cardio,108
55,168,55,138,Strength,111
41,182,86,106,Strength,94
21,191,112,161,Cardio,16
30,161,90,89,Cycling,26
28,174,85,178,HIIT,37
53,184,107,129,Strength,93
57,166,82,165,Cardio,111
36,165,74,93,Running,71
38,183,90,179,Running,116
55,161,61,175,HIIT,119
53,175,77,143,Cardio,42
43,175,116,132,Strength,109
44,154,67,175,Strength,44
54,199,85,85,Running,71
39,190,92,84,Cardio,70
28,186,94,104,HIIT,36
50,181,83,160,Cardio,45
37,174,93,138,HIIT,119
32,190,85,121,Running,12
24,181,77,135,Running,61
46,179,99,115,Strength,15
32,195,99,118,Cardio,119
39,160,97,163,Strength,110
37,184,93,148,Cycling,54
57,180,91,176,Running,116
58,188,92,107,Cardio,52
32,150,62,82,Yoga,105
56,184,71,131,Strength,43
27,169,74,132,Cycling,47
27,168,101,140,Strength,83
39,185,112,159,Strength,76
21,190,115,134,HIIT,53
41,198,102,114,Running,91
46,176,67,158,Running,114
20,182,102,127,Strength,98
24,158,93,88,Strength,115
34,163,101,87,Cycling,18
25,160,98,115,Cardio,107
22,171,99,90,Yoga,92
39,158,95,109,Cardio,58
39,190,105,132,HIIT,41
23,181,57,127,Yoga,59
19,151,118,150,Cycling,97
54,170,66,177,Yoga,88
19,156,106,145,HIIT,45
24,194,86,161,Cycling,95
22,170,101,161,Strength,20
59,193,107,143,Yoga,90
26,187,84,113,Strength,63
52,151,72,121,Yoga,38
55,161,117,105,Cardio,40
19,170,105,132,HIIT,102
28,183,74,132,Strength,35
48,150,62,120,HIIT,115
56,168,97,145,Strength,87
30,169,63,151,Yoga,82
51,187,68,109,Strength,37
28,164,110,114,Strength,72
49,182,114,106,HIIT,87
33,173,114,144,HIIT,98
50,161,73,88,Running,89
50,162,110,172,Cycling,119
21,187,67,142,Cycling,34
44,180,81,105,Cycling,67
18,150,61,81,Yoga,31
22,187,88,126,Running,25
44,199,86,81,Cardio,61
31,198,100,128,Cycling,80
42,157,105,119,Yoga,38
22,175,83,107,Running,100
51,168,60,166,Yoga,87
18,165,103,95,HIIT,71
43,153,99,141,Yoga,16
25,167,109,139,Strength,106
20,197,58,176,Yoga,110
44,154,93,101,Running,50
18,176,75,106,Strength,86
54,196,80,82,Cardio,34
20,165,93,86,Cycling,24
26,192,57,154,Yoga,63
21,173,115,131,HIIT,110
59,183,93,131,HIIT,41
26,155,102,84,HIIT,65
19,189,56,99,HIIT,14
32,161,76,127,HIIT,105
37,159,87,172,Yoga,69
50,197,85,172,Cardio,70
44,179,80,132,HIIT,84
40,168,55,123,HIIT,33
50,195,70,99,Cycling,109
27,181,81,151,Strength,102
44,154,86,83,Strength,92
50,173,118,97,HIIT,92
45,160,88,123,Running,58
29,171,89,143,Running,54
25,195,71,120,Running,90
30,181,116,159,Yoga,80
40,182,118,161,Cycling,106
31,189,50,160,Cardio,36
54,155,82,129,Strength,118
23,198,97,126,Cycling,106
29,170,75,92,Running,54
28,150,67,140,Cardio,119
48,181,109,101,Running,117
28,193,87,83,Cycling,81
45,161,103,138,Cardio,54
32,171,95,137,HIIT,109
21,163,76,165,Strength,98
23,172,91,116,Cardio,105
25,182,118,90,HIIT,63
30,197,83,127,Strength,55
27,164,61,113,Cardio,82
54,176,104,172,Strength,94
18,187,113,111,Yoga,40
18,175,69,108,Strength,72
38,186,55,85,Yoga,67
42,151,71,161,Yoga,52
36,181,110,169,Yoga,15
51,157,72,124,Cardio,10
26,173,70,170,Cardio,20
35,188,58,87,Yoga,82
48,187,94,101,Running,108
53,166,64,167,Cardio,118
51,175,52,107,HIIT,69
43,159,65,90,Strength,67
38,185,59,103,Cardio,58
46,157,85,152,Strength,61
32,154,118,162,Strength,67
24,195,75,106,Yoga,36
37,188,61,160,HIIT,111
39,159,56,166,Cardio,57
33,168,59,84,Strength,44
18,195,54,86,Yoga,60
20,164,71,86,Strength,26
35,195,95,112,Cycling,64
42,172,115,139,Running,20
21,190,75,151,HIIT,107
42,179,59,118,HIIT,80
47,184,76,97,Cycling,43
42,163,92,110,Cardio,14
43,161,51,82,Yoga,81
45,178,104,87,Running,92
23,183,81,159,Cardio,48
20,175,114,127,Cycling,78
55,177,61,136,HIIT,100
52,164,59,119,Cycling,36
19,176,52,109,Cycling,15
43,168,89,100,Cardio,112
46,183,76,135,Cycling,40
41,179,50,135,Running,64
35,185,109,100,Cardio,21
46,198,86,164,Strength,88
19,174,63,170,HIIT,37
25,162,66,129,Running,119
32,194,66,95,Strength,29
47,186,99,140,Yoga,35
18,183,67,133,Cycling,59
38,161,77,126,Cardio,50
18,165,118,122,Cycling,11
22,164,57,177,Cardio,10
26,176,70,135,Yoga,12
53,179,85,142,Running,37
30,150,69,121,Running,68
19,188,61,111,Running,64
34,178,98,132,Strength,85
44,151,59,124,HIIT,119
49,183,115,149,HIIT,98
32,187,54,150,Cardio,37
58,175,69,113,Strength,33
24,169,74,111,Strength,79
47,173,91,94,Strength,62
45,153,85,113,Running,105
56,175,101,119,Running,20
27,193,92,109,Cycling,15
46,198,86,125,Yoga,53
39,157,100,95,HIIT,29
55,190,67,152,Strength,17
34,155,57,129,Running,60
40,192,71,110,Yoga,85
42,181,57,140,Yoga,102
46,170,95,115,Strength,98
31,182,110,123,Yoga,89
51,161,88,161,Cardio,62
53,169,88,143,Yoga,69
59,173,71,107,Cycling,27
37,154,117,85,HIIT,96
47,175,75,116,Cardio,67
48,199,52,136,Cycling,51
59,187,64,134,HIIT,49
50,178,82,152,Running,113
51,162,107,155,Strength,106
59,159,104,150,Strength,55
20,185,89,103,Running,63
42,195,68,130,Cycling,72
28,178,74,169,Strength,42
19,198,109,162,Running,53
52,166,105,111,Running,93
37,194,58,124,Cycling,41
21,151,84,143,Cycling,114
46,160,60,153,Cardio,96
55,168,59,88,Yoga,88
25,193,100,173,Running,104
39,165,81,173,Running,117
27,154,60,114,Running,50
46,177,70,92,HIIT,82
43,191,82,137,Cycling,94
41,179,74,112,Cycling,54
37,161,77,148,Running,65
45,153,75,172,Cycling,56
24,169,113,163,Cardio,33
21,150,56,129,Running,17
59,177,80,176,HIIT,13
25,168,53,103,Strength,57
38,193,76,167,Yoga,11
31,151,118,108,Cardio,43
31,180,86,128,Strength,51
53,185,88,152,Strength,92
55,169,59,131,Cardio,51
33,174,88,177,Strength,87
57,192,56,112,Running,119
37,163,69,95,Strength,69
35,154,86,167,Yoga,11
39,172,81,85,Running,17
57,164,76,166,Cycling,62
32,165,87,89,HIIT,93
57,193,86,95,Yoga,26
57,174,113,94,HIIT,73
48,199,58,179,Cardio,70
38,198,54,94,Yoga,54
24,171,91,174,Cardio,35
44,199,74,95,HIIT,54
27,151,82,118,HIIT,68
39,161,116,145,HIIT,92
53,181,107,135,Yoga,82
18,188,111,94,Running,61
51,199,93,136,Yoga,69
52,162,119,115,Cardio,29
43,183,103,154,HIIT,56
34,194,95,134,Yoga,36
24,167,108,157,Strength,15
33,184,101,152,Strength,62
23,171,96,125,Running,22
38,191,111,107,HIIT,89
59,169,51,105,Cardio,103
38,194,99,177,Running,109
25,181,101,119,Cycling,49
29,154,57,103,HIIT,45
30,164,116,154,Strength,13
48,157,78,127,Running,82
18,163,114,82,Running,80
43,151,66,131,Cardio,97
53,160,60,132,Yoga,85
54,180,99,121,Cardio,93
33,153,81,115,Yoga,57
22,164,71,150,Yoga,117
33,161,64,171,Cycling,88
57,157,104,174,Running,59
54,191,99,89,HIIT,54
18,192,58,122,Cardio,74
50,176,113,84,Strength,14
32,160,60,120,Yoga,80
21,160,101,118,Cardio,64
34,189,117,173,Yoga,18
35,183,76,138,Strength,100
35,173,106,100,Cycling,26
37,190,56,143,Cycling,101
56,163,112,154,HIIT,45
20,169,101,147,Cycling,51
26,155,104,108,HIIT,83
40,153,116,128,Yoga,74
21,195,53,82,Cycling,13
52,179,87,95,Yoga,112
44,191,83,170,Cardio,55
48,198,92,104,Cardio,89
32,154,89,106,HIIT,15
53,198,71,152,HIIT,108
46,156,79,80,Cardio,73
19,164,65,144,Running,33
28,167,88,176,Yoga,36
19,182,107,107,Cycling,54
35,164,90,104,Yoga,70
36,185,65,107,Strength,85
35,184,54,80,Yoga,10
30,190,97,97,Cardio,79
24,173,87,144,Cardio,96
32,152,58,164,Cardio,34
41,166,113,105,Running,115
54,161,115,171,Yoga,65
45,156,50,177,Cycling,22
54,157,73,137,Running,20
45,159,106,162,Running,19
18,191,56,169,HIIT,81
46,167,85,102,Cardio,113
59,185,57,97,Yoga,111
20,167,89,143,Yoga,86
42,167,62,100,Cardio,40
29,187,59,167,Running,34
35,151,71,82,Strength,82
21,182,63,178,Running,45
53,172,94,171,Yoga,101
24,197,115,104,Cycling,116
58,199,72,179,Strength,56
51,172,118,171,Cycling,61
19,154,79,130,Running,89
54,167,62,133,Running,117
50,185,116,130,Cycling,22
25,184,87,162,Cycling,85
49,163,77,148,Cycling,104
59,174,105,107,Cardio,103
18,160,118,81,Strength,101
39,171,111,160,Cardio,21
34,169,52,129,HIIT,89
44,179,118,167,Strength,56
38,151,51,151,Cardio,113
46,167,94,110,Cardio,119
55,184,55,109,Yoga,44
41,179,52,168,Running,37
25,180,109,158,Running,86
54,181,116,99,Running,77
34,173,91,122,Yoga,10
28,155,102,152,Running,96
41,155,71,123,HIIT,43
56,157,117,81,Yoga,93
35,175,101,83,Cardio,68
18,172,98,132,Cardio,75
25,178,110,154,Running,51
54,151,55,156,Cycling,68
23,161,109,157,HIIT,102
55,164,78,131,Strength,15
39,158,110,128,Yoga,62
59,199,118,136,Cardio,41
45,179,65,132,Strength,48
57,196,69,172,HIIT,69
42,171,80,141,Running,45
31,168,69,108,HIIT,30
20,162,52,81,Running,90
44,151,107,173,Strength,101
59,154,95,111,HIIT,51
45,183,61,137,Strength,54
38,158,82,171,Cardio,66
19,151,96,99,Cycling,89
46,192,88,117,Strength,104
47,156,118,166,Running,70
28,194,80,178,Cycling,57
33,173,69,141,Running,93
47,189,68,94,Running,44
51,182,97,172,Strength,87
47,151,70,129,Cycling,66
44,156,80,113,HIIT,45
30,163,111,134,Strength,67
38,166,63,118,Running,71
33,165,61,93,HIIT,45
28,180,87,122,Yoga,52
18,150,63,121,Strength,61
49,154,70,166,Cardio,29
35,158,98,83,HIIT,71
50,165,105,144,Strength,117
25,166,69,148,Yoga,102
19,168,66,148,Cardio,31
25,191,103,85,Strength,67
37,155,60,132,Yoga,51
35,183,82,141,Yoga,10
41,189,70,148,Cardio,53
56,195,103,81,Cardio,91
42,197,64,143,HIIT,69
51,161,107,101,Cycling,23
40,199,108,159,Cardio,48
56,172,88,131,Yoga,103
48,175,112,136,Yoga,71
38,173,82,100,Cycling,13
29,161,117,173,Cycling,54
34,164,85,104,Cycling,80
34,170,101,167,Running,77
39,153,116,164,HIIT,78
46,172,115,88,Running,39
47,174,96,164,Cycling,67
24,195,99,152,Running,16
36,197,103,162,HIIT,64
31,193,61,126,HIIT,86
46,152,75,94,Running,69
40,151,106,89,Cycling,56
53,158,78,178,Yoga,46
42,171,87,106,HIIT,83
51,164,95,100,Cycling,84
25,179,111,161,Cardio,79
26,180,65,132,HIIT,102
22,151,110,164,Cardio,90
27,194,105,119,Cardio,56
59,198,68,138,Yoga,96
42,196,81,133,HIIT,57
20,154,70,116,Running,64
29,191,52,152,HIIT,104
22,194,102,167,Cardio,95
57,172,52,169,Running,94
43,166,89,142,Running,53
57,151,54,122,Yoga,108
24,156,65,150,Cycling,75
34,151,57,141,Yoga,17
20,173,82,170,Cardio,119
22,159,119,128,Yoga,43
37,186,52,159,HIIT,18
19,150,98,93,Strength,88
27,179,99,175,Yoga,71
28,180,98,101,Cardio,113
32,187,76,130,Strength,101
18,197,66,153,HIIT,69
45,188,79,154,Strength,15
37,172,75,131,HIIT,79
40,187,82,94,Cycling,74
27,164,78,117,Yoga,34
49,188,91,144,HIIT,12
26,171,65,140,Cardio,41
30,176,78,142,Strength,67
27,183,76,96,HIIT,17
56,154,55,155,Yoga,13
38,186,56,177,Yoga,41
21,174,70,122,Strength,116
24,171,96,104,Cycling,113
53,156,79,170,Yoga,93
30,199,83,86,Cardio,37
24,185,115,141,Cardio,85
49,165,57,124,Cycling,38
25,153,63,134,Yoga,117
21,158,97,164,Running,91
19,151,74,135,Yoga,67
29,190,110,147,Cycling,96
28,195,116,152,Strength,58
33,185,98,86,Cardio,81
35,174,97,90,Cycling,18
20,177,77,85,Running,94
52,150,112,173,Running,46
56,175,112,92,Cardio,83
51,157,103,84,HIIT,76
24,166,78,178,Cardio,92
21,185,105,119,Strength,70
38,154,53,155,Cardio,84
54,185,75,134,Yoga,46
22,170,100,140,Running,57
41,158,53,130,Cardio,86
32,169,104,162,Cycling,68
29,157,116,134,Cardio,96
18,176,115,138,Cardio,80
22,193,94,169,HIIT,102
28,167,50,106,Yoga,102
40,181,106,174,Strength,32
23,184,99,177,Cycling,105
32,171,104,135,HIIT,26
24,176,88,169,Cycling,93
27,194,99,163,HIIT,82
20,197,106,98,Strength,52
48,194,97,109,Cardio,33
57,173,113,125,Yoga,84
56,151,105,144,Yoga,93
42,172,117,179,Yoga,100
30,153,112,173,Cycling,64
20,174,103,126,Cardio,17
39,178,108,82,Cardio,74
18,181,72,89,Strength,95
58,176,108,141,Cycling,90
55,166,61,171,Strength,112
41,174,70,154,Yoga,21
47,167,99,93,Yoga,118
48,172,116,170,HIIT,79
18,172,109,114,Cycling,107
25,151,114,88,Yoga,118
18,189,87,123,Running,19
49,156,75,90,Cycling,114
30,176,77,101,Strength,73
41,185,60,150,Strength,13
19,159,118,111,Cycling,104
31,151,106,96,Strength,99
42,165,109,110,Cycling,13
21,191,106,119,Running,59
23,179,107,168,Running,67
52,180,60,174,HIIT,58
56,183,59,138,Cycling,38
18,175,69,176,Running,97
19,156,56,167,Yoga,115
52,199,66,155,Cardio,89
48,183,80,156,Cycling,17
21,168,87,84,Yoga,45
47,157,79,118,Running,20
40,155,74,146,HIIT,33
33,171,116,157,Yoga,23
20,198,111,159,Running,100
37,186,80,123,Yoga,94
39,193,59,118,Running,114
19,154,81,133,Yoga,91
50,197,82,123,HIIT,54
44,178,88,172,HIIT,75
59,197,75,89,Running,106
31,176,79,112,Running,81
21,166,98,81,Yoga,26
27,188,91,161,HIIT,59
43,197,53,170,Running,76
29,172,86,148,Strength,49
50,183,112,138,HIIT,72
48,161,117,169,Strength,34
20,189,56,115,Yoga,52
33,190,107,99,HIIT,101
37,180,71,138,Cardio,84
55,178,113,133,Cardio,89
48,158,62,119,Yoga,58
55,177,93,113,HIIT,94
31,179,108,127,Strength,106
51,190,96,158,Yoga,53
24,191,106,152,Running,88
42,162,75,81,HIIT,51
31,185,80,135,Yoga,75
55,168,80,137,Yoga,62
27,179,119,156,Strength,43
51,160,63,103,Yoga,47
19,187,76,126,Running,46
24,198,114,155,Yoga,20
43,196,118,120,Yoga,66
52,191,117,145,Strength,43
57,150,65,106,Strength,100
19,180,107,136,Running,61
42,175,79,98,Running,107
28,189,74,176,Strength,72
54,190,83,150,HIIT,98
19,153,101,116,Yoga,109
38,186,103,166,Yoga,28
37,164,88,161,Strength,11
24,178,55,155,HIIT,57
19,159,110,154,Running,84
36,181,72,122,Cycling,10
23,192,74,147,Strength,23
19,191,70,153,Cycling,14
31,168,106,179,Cardio,83
23,183,117,115,Cardio,68
36,185,88,147,HIIT,72
35,193,66,90,HIIT,96
41,181,64,162,Yoga,109
56,151,114,146,HIIT,69
54,156,117,158,HIIT,51
51,180,64,170,Running,80
28,194,80,149,Strength,48
52,179,63,133,HIIT,52
36,175,105,170,Cycling,111
29,195,96,150,Cycling,99
22,163,69,94,Strength,25
30,152,66,179,Running,13
27,151,100,167,Cardio,104
53,161,102,91,Cardio,119
28,192,75,135,Yoga,29
56,166,102,146,Strength,11
23,174,71,167,Cardio,114
32,166,53,110,Cardio,60
45,188,80,130,Yoga,112
53,185,96,123,Cycling,101
52,163,72,159,Cardio,38
19,161,104,131,Cycling,58
36,155,114,151,Running,20
29,176,81,152,Cardio,83
20,171,110,124,Running,90
27,169,92,176,Strength,83
48,177,119,123,Yoga,110
24,186,94,92,Running,63
32,165,71,146,Strength,91
40,151,59,133,Running,107
42,153,104,97,HIIT,17
46,197,71,125,Yoga,107
32,188,54,162,HIIT,25
40,153,97,106,Yoga,44
48,194,53,85,Running,31
53,173,113,141,HIIT,83
41,173,53,105,Strength,80
18,180,83,105,Cycling,85
51,156,111,125,Strength,84
57,150,51,153,Yoga,78
27,167,86,127,Strength,104
20,184,92,178,Strength,45
37,167,70,85,Yoga,105
28,151,103,129,HIIT,80
44,159,81,110,Cardio,82
32,165,117,117,Running,12
23,195,104,175,HIIT,42
34,169,116,83,Yoga,35
19,156,79,178,Yoga,64
37,190,71,155,Running,79
54,175,111,128,Strength,52
19,151,69,88,Cycling,46
20,163,97,138,Cycling,66
20,195,116,115,Cardio,80
28,173,51,153,HIIT,98
32,188,97,113,HIIT,93
46,159,102,178,Cycling,96
24,162,62,101,Yoga,13
22,188,73,175,Cycling,89
41,165,75,82,Running,27
30,162,112,127,HIIT,101
33,196,54,111,Yoga,13
22,193,112,158,Cardio,83
53,160,73,177,HIIT,101
19,171,92,170,HIIT,32
48,190,76,144,Cycling,78
58,193,54,142,Cycling,10
36,152,115,171,Running,62
56,186,84,146,Yoga,64
23,175,86,86,HIIT,60
30,188,66,162,Cycling,97
18,184,113,101,Cycling,103
40,199,64,136,Yoga,109
41,198,86,153,Cardio,93
32,156,86,91,HIIT,108
51,192,79,171,Cycling,42
52,157,92,125,Running,46
48,166,102,158,Running,90
42,182,76,164,HIIT,103
40,193,104,114,Cardio,40
54,194,98,179,Running,91
45,161,80,129,HIIT,72
28,193,88,173,Cardio,60
29,165,80,174,Cycling,77
44,174,72,122,Cycling,39
50,168,117,85,HIIT,26
34,169,56,143,Running,100
33,159,63,88,Cycling,28
53,197,76,81,Running,71
58,185,89,171,Cycling,24
43,155,111,131,HIIT,55
53,169,116,176,HIIT,73
45,183,55,154,HIIT,113
28,181,114,177,HIIT,70
31,150,79,129,Yoga,104
19,178,66,129,Cardio,84
44,161,87,110,Yoga,34
50,168,114,100,Strength,25
59,192,60,109,HIIT,59
49,176,71,141,Running,61
59,164,104,95,Yoga,43
34,176,74,174,Running,59
39,189,108,178,HIIT,19
51,192,119,128,Cardio,113
52,161,118,102,Strength,77
26,177,79,124,Strength,81
47,154,107,84,Yoga,88
24,163,108,83,Cardio,89
59,154,116,121,HIIT,108
52,195,72,123,Cardio,50
24,174,100,102,Yoga,94
48,158,114,134,Strength,74
55,160,95,91,Yoga,66
58,178,100,81,HIIT,110
41,172,55,149,Cardio,114
31,175,95,134,HIIT,73
51,180,90,89,Yoga,110
51,184,72,132,Yoga,47
32,180,116,145,Cycling,118
48,167,106,175,Yoga,23
37,154,102,163,Running,73
34,160,110,89,Cycling,18
29,176,116,100,Cycling,78
40,177,109,171,HIIT,101
18,152,82,149,Running,73
51,156,72,125,Cardio,55
41,174,118,163,Strength,111
34,182,50,111,Strength,98
22,181,61,161,Cycling,80
42,191,118,147,Yoga,54
34,160,87,150,HIIT,22
29,159,110,116,Strength,74
31,169,101,136,Cycling,90
51,197,93,93,Running,84
31,180,118,110,Cardio,60
51,177,58,107,Cycling,40
20,187,94,83,Cardio,31
52,173,80,105,Yoga,40
54,195,117,116,Cycling,58
24,170,59,127,Running,54
37,175,119,93,Cycling,23
27,178,104,153,Strength,60
19,175,108,157,HIIT,50
34,155,119,99,Running,111
33,169,79,89,Strength,92
39,181,85,85,Running,55
19,190,102,173,Strength,13
18,186,109,150,Running,85
50,186,96,111,Cycling,96
43,170,61,164,HIIT,104
20,192,80,176,HIIT,96
20,182,79,81,Cardio,91
44,171,55,94,Cycling,27
59,155,51,145,HIIT,22
36,153,91,134,Cardio,116
40,168,118,108,Cardio,85
53,194,87,176,Cardio,109
23,179,119,134,HIIT,108
52,178,72,167,Strength,109
29,166,60,133,Cycling,73
41,155,104,153,Cardio,71
33,184,101,172,HIIT,29
32,168,76,122,Cycling,39
19,191,76,128,Yoga,77
19,165,101,136,Strength,108
48,173,52,143,Strength,67
19,183,119,82,Cycling,77
39,176,53,140,Yoga,92
53,169,109,97,Cycling,23
32,195,81,158,Cycling,109
25,188,83,99,Running,29
59,151,86,165,HIIT,64
38,183,66,174,Running,38
53,160,110,89,HIIT,29
45,179,89,104,Yoga,30
59,157,60,123,Cycling,112
24,164,60,158,Strength,114
50,190,96,153,Strength,58
25,168,69,169,Yoga,21
40,182,111,98,HIIT,70
32,170,87,139,HIIT,10
47,187,99,93,Running,15
36,177,111,94,HIIT,49
49,161,109,179,Cycling,68
50,180,59,105,HIIT,42
18,176,50,139,Strength,57
25,162,80,96,Yoga,114
54,197,86,108,Running,57
48,193,56,110,Running,61
42,191,113,156,Yoga,89
44,157,119,94,Cardio,58
22,174,59,93,Running,34
42,190,103,84,Running,65
48,156,107,154,Cycling,15
56,169,117,97,Running,41
24,174,113,156,HIIT,95
51,197,65,109,Cycling,66
59,199,83,126,Strength,95
38,182,80,106,Cardio,91
39,189,110,84,Cardio,60
24,151,79,129,Cardio,40
31,183,103,113,HIIT,14
59,175,68,111,Running,18
49,159,61,139,Yoga,25
47,160,78,146,Running,11
18,165,103,152,Strength,57
39,153,62,165,Cardio,35
44,192,103,147,Running,31
29,161,105,146,HIIT,61
33,151,91,111,Yoga,10
46,162,99,111,Yoga,73
33,152,68,159,Yoga,20
54,153,110,129,HIIT,11
21,198,97,179,Cycling,65
29,173,82,107,Cardio,14
37,188,71,142,Yoga,14
46,199,83,125,Cycling,10
26,151,112,103,Running,96
19,159,91,118,HIIT,85
27,168,116,159,HIIT,75
36,192,68,100,Yoga,88
21,189,63,160,Strength,109
54,171,119,83,Cycling,75
34,182,81,131,Running,35
35,160,94,128,Yoga,29
39,170,101,151,Yoga,12
55,183,72,174,Cardio,52
46,190,101,162,Yoga,108
18,150,114,139,HIIT,29
46,172,74,136,HIIT,114
34,199,96,173,Strength,38
55,181,90,136,Cycling,76
27,192,103,95,Cardio,116
56,154,98,165,HIIT,72
52,182,107,158,HIIT,56
18,185,95,88,HIIT,52
59,180,85,81,Strength,58
56,197,92,101,Strength,23
53,167,71,108,Yoga,78
42,186,70,85,Running,99
55,192,92,172,HIIT,74
40,181,108,96,Cycling,20
49,173,103,92,Cycling,107
43,152,64,171,Strength,87
37,152,82,107,Cycling,81
44,175,108,119,Cardio,43
19,152,85,92,Yoga,53
42,153,119,93,Cycling,17
34,175,52,149,Cardio,35
36,187,88,173,Running,14
55,196,104,149,Cycling,23
41,165,86,156,Cycling,106
34,160,118,95,HIIT,57
25,177,51,90,Strength,96
20,155,51,91,Strength,91
42,161,81,112,Cardio,39
49,191,93,133,Strength,98
24,169,67,166,Strength,97
44,162,103,144,Cycling,43
46,197,117,137,Strength,113
26,175,64,165,Yoga,94
29,166,88,177,Running,108
57,188,95,126,Running,87
35,163,112,88,HIIT,65
43,188,51,99,HIIT,83
47,150,93,142,Cycling,65
48,167,80,166,HIIT,41
55,150,95,81,Strength,63
31,198,110,94,Yoga,58
22,191,106,138,HIIT,74
36,150,109,137,Strength,36
20,186,74,155,Strength,35
18,153,67,119,Running,63
32,173,61,116,Yoga,26
33,173,112,166,Cardio,99
39,168,89,131,Strength,96
33,162,55,90,Strength,106
23,182,82,128,Cycling,51
30,171,60,111,Running,99
26,199,92,88,Yoga,109
39,167,79,143,Cardio,38
41,184,96,86,HIIT,14
52,161,75,166,Yoga,109
53,186,63,151,HIIT,43
48,183,52,114,Strength,13
20,163,61,172,Strength,86
31,188,92,156,Yoga,119
25,189,51,134,Strength,89
26,179,88,165,Yoga,40
23,159,56,165,Running,107
37,180,90,116,Strength,114
30,154,114,93,Running,97
47,155,104,127,Cycling,91
20,165,77,94,Yoga,107
29,184,60,98,Yoga,13
40,164,65,113,Yoga,19
39,156,75,94,HIIT,76
34,191,96,153,Cycling,27
24,162,59,126,HIIT,103
31,165,61,151,Running,89
46,160,62,83,Cycling,90
42,191,118,93,HIIT,24
37,187,77,116,Strength,56
28,166,108,169,Yoga,116
44,178,79,132,Cycling,33
40,181,64,144,HIIT,107
59,193,68,105,Yoga,59
30,184,92,174,HIIT,75
57,155,113,111,Yoga,91
52,166,108,154,Running,67
57,150,92,177,Strength,55
30,161,72,80,Strength,45
26,160,100,129,Cardio,33
52,184,117,127,Strength,112
54,189,87,164,Yoga,10
49,192,95,116,HIIT,38
21,173,72,147,HIIT,100
51,165,118,88,Running,59
21,161,102,164,Yoga,58
49,180,56,152,Running,105
40,186,55,177,Cycling,47
22,170,55,144,Yoga,66
21,182,109,115,Yoga,102
22,194,85,87,Running,24
26,163,114,176,Yoga,61
32,187,105,163,Cardio,28
54,169,63,175,Running,99
37,177,52,170,Running,12
40,175,78,80,HIIT,68
31,150,62,121,Strength,67
36,151,53,83,Yoga,99
46,194,75,104,Running,13
49,190,104,99,Strength,39
43,164,98,130,Running,87
41,158,88,113,Cycling,76
26,180,97,151,Yoga,93
26,154,105,99,Cardio,117
20,154,83,168,Strength,65
27,154,99,90,Yoga,110
33,160,67,87,HIIT,73
45,157,112,129,Cardio,115
57,198,116,149,HIIT,90
59,154,79,90,Strength,67
33,199,94,128,HIIT,60
20,180,74,111,Running,54
51,186,117,96,Cycling,34
44,153,53,94,Yoga,47
27,156,52,123,Strength,40
57,193,101,101,Cardio,39
18,158,80,103,Cycling,12
39,174,102,113,Cycling,108
58,154,50,114,Cardio,42
37,189,94,124,HIIT,108
36,180,106,148,Yoga,57
57,156,57,138,HIIT,15
52,158,65,155,Strength,23
38,158,57,155,Yoga,50
50,154,83,150,Running,41
28,164,114,152,Strength,58
53,150,94,149,HIIT,43
37,194,103,152,Yoga,54
35,176,95,164,Cardio,102
29,182,71,149,Cardio,50
37,158,97,143,Strength,48
59,166,109,139,Strength,100
35,187,75,153,Running,27
31,190,78,139,Cycling,73
43,189,66,87,HIIT,36
34,160,105,145,Running,55
57,153,73,142,Running,32
57,159,101,136,Cycling,100
49,184,78,87,Cycling,73
28,183,109,152,Yoga,47
18,172,69,123,Yoga,38
37,186,75,107,Cardio,57
44,152,102,105,Strength,11
41,154,115,107,Yoga,87
43,187,54,153,Cycling,24
51,177,70,131,Strength,20
19,184,107,81,Cycling,73
22,175,72,164,Running,14
31,152,66,97,Strength,10
45,184,74,144,Cycling,33
23,176,91,178,HIIT,42
40,180,111,146,Cycling,60
41,172,60,146,Strength,15
39,150,96,88,Cycling,101
32,168,55,106,Strength,56
54,159,91,175,Strength,112
50,156,84,125,Cardio,43
57,175,82,158,Yoga,116
56,159,67,175,Running,71
31,152,64,146,Cardio,94
28,170,81,159,Yoga,38
42,191,77,105,HIIT,39
37,152,89,160,Running,57
45,158,79,82,Cardio,45
42,164,106,139,Cardio,68
56,177,60,95,Cycling,96
28,154,77,106,Cycling,57
52,170,84,126,HIIT,107
58,164,70,121,Cycling,93
41,153,62,156,Cardio,20
49,199,112,157,Cardio,12
32,182,70,141,HIIT,115
23,164,60,121,Cycling,94
38,181,70,147,Running,46
45,153,112,98,HIIT,100
24,182,55,84,Cardio,35
32,165,75,146,Running,105
53,166,86,169,Yoga,99
26,176,65,127,HIIT,43
43,163,94,83,Yoga,112
39,192,81,91,HIIT,23
18,194,73,106,HIIT,108
34,181,96,87,Cardio,111
30,188,114,133,Cardio,70
58,157,77,105,Running,20
33,193,53,141,Running,26
22,152,109,127,Yoga,101
58,152,102,110,Strength,28
26,184,73,159,HIIT,111
44,167,100,139,Running,40
30,189,99,160,Cardio,77
35,163,52,120,Cardio,95
28,173,115,111,Yoga,73
29,153,99,168,Cycling,88
54,190,67,91,Strength,53
40,176,81,138,Cardio,10
36,191,95,117,Strength,64
42,159,54,124,Cycling,38
53,169,117,161,Yoga,29
46,150,75,153,Cycling,73
51,174,85,157,Yoga,77
41,178,62,104,Running,45
44,196,56,87,Yoga,15
42,184,57,94,Cardio,68
33,187,71,99,Cycling,84
46,170,117,158,Strength,118
34,171,90,153,Cycling,27
41,162,93,124,HIIT,103
34,177,54,117,Cycling,74
22,178,58,88,Strength,74
26,192,59,152,Running,98
37,152,96,135,Yoga,70
35,158,66,107,Cardio,84
36,167,105,100,Cycling,101
37,168,71,89,Cardio,18
53,163,109,135,Strength,18
50,177,79,136,Yoga,30
21,170,72,113,Cycling,78
25,170,53,150,Cycling,48
59,158,85,126,Cardio,42
38,197,50,101,Running,72
27,199,113,82,Strength,40
41,176,50,127,HIIT,76
57,153,113,138,Strength,51
58,181,91,100,Cycling,34
54,167,51,81,Yoga,43
56,187,104,151,Cardio,97
40,189,113,147,Cycling,108
53,164,83,162,Cycling,113
36,169,74,118,Cycling,51
36,186,72,162,HIIT,83
48,151,66,88,HIIT,91
35,150,119,119,Strength,116
26,169,98,123,Yoga,65
58,155,68,83,Cardio,102
42,160,78,126,Yoga,92
48,196,107,174,Cardio,99
38,195,50,110,Strength,49
58,179,89,149,Yoga,49
25,178,64,102,Yoga,86
19,191,82,124,Strength,87
47,157,99,152,Yoga,49
18,177,80,113,Strength,66
43,165,97,92,Yoga,67
56,167,109,171,Cardio,73
41,175,98,101,Cardio,10
36,169,60,127,Yoga,40
41,199,86,116,Running,31
34,191,75,163,Yoga,103
22,183,111,161,Running,119
57,154,116,95,Strength,79
56,177,61,95,Cardio,67
55,196,96,110,HIIT,57
37,189,66,144,Running,64
27,179,80,91,Cycling,90
30,172,85,109,Strength,58
43,158,64,130,Cardio,38
19,189,91,93,HIIT,115
24,159,103,165,Cardio,64
42,166,54,80,HIIT,34
40,198,76,168,Yoga,40
20,176,103,138,Running,55
30,172,67,96,HIIT,66
40,173,86,162,Cardio,115
42,187,105,108,Cardio,63
36,163,52,83,Cardio,58
36,174,78,141,Running,98
47,182,90,96,Cardio,11
56,170,85,122,Strength,116
21,159,119,107,Cardio,55
18,191,106,159,Cycling,65
29,177,61,90,Running,71
54,153,91,150,Cycling,119
33,165,91,95,Yoga,85
32,183,86,142,HIIT,14
26,190,87,164,Cycling,46
31,197,73,114,HIIT,80
48,174,92,171,Running,49
27,150,89,136,Running,105
30,171,54,150,Yoga,63
37,158,51,90,Cardio,91
50,195,53,108,Running,61
46,197,73,160,Running,93
42,168,71,167,Yoga,87
58,189,94,101,Running,94
44,161,73,89,Strength,119
47,183,85,90,Cycling,98
27,164,72,152,HIIT,38
49,192,57,101,HIIT,43
32,159,96,107,Cardio,17
28,160,112,161,Strength,51
31,151,105,177,Cycling,90
23,196,108,177,HIIT,67
44,166,62,115,Cardio,103
48,172,61,158,Running,46
22,180,59,82,Cardio,58
28,150,101,172,Cycling,65
52,173,113,81,Strength,26
22,199,78,97,Cycling,31
58,197,76,133,Running,12
18,192,66,154,Yoga,37
18,178,95,118,Cardio,71
46,150,62,118,Cycling,32
51,195,87,138,Running,59
50,162,119,153,Yoga,109
23,167,104,143,Cycling,87
59,160,52,126,Cycling,20
36,190,93,163,Strength,74
35,193,65,164,Running,94
28,164,102,161,Yoga,33
58,159,67,120,Yoga,61
35,175,99,119,Strength,18
25,151,87,139,Cardio,113
47,184,50,83,Yoga,115
23,191,65,142,Strength,117
44,194,102,95,Yoga,109
20,152,116,102,Yoga,69
48,188,82,155,Cycling,17
49,161,76,178,Strength,96
34,150,63,153,HIIT,15
30,182,101,85,Strength,66
27,174,87,135,Cycling,75
23,158,79,154,Yoga,112
31,195,109,128,Cycling,25
56,157,55,148,Yoga,41
20,153,68,108,Cardio,39
30,198,92,177,Yoga,82
51,151,118,132,Yoga,17
44,156,117,177,Cardio,27
26,197,98,86,Yoga,90
36,168,95,119,Cycling,78
23,172,76,121,Yoga,84
44,177,82,149,Yoga,80
52,174,70,104,Running,14
55,151,69,123,Strength,32
53,161,50,89,HIIT,36
57,199,52,118,Cardio,29
24,184,102,156,Cardio,76
18,174,75,120,Strength,100
28,166,98,178,Cardio,89
29,195,87,139,HIIT,116
25,163,113,99,HIIT,39
32,182,103,112,Strength,55
57,191,71,112,HIIT,68
40,157,60,117,HIIT,77
35,193,109,93,Yoga,109
30,165,88,128,HIIT,48
26,192,65,96,Cycling,12
42,168,94,153,Yoga,33
54,190,82,107,Cycling,82
29,182,115,172,Cycling,97
51,160,72,145,HIIT,114
26,197,105,88,Yoga,97
36,154,90,102,Yoga,110
29,156,80,108,Cycling,106
19,158,64,121,HIIT,92
58,154,90,124,Strength,74
47,187,74,134,Yoga,36
50,190,106,179,Cycling,45
30,166,52,167,HIIT,103
37,193,55,158,Cycling,82
44,193,75,158,Running,46
49,152,67,168,Strength,109
49,193,103,93,Running,34
34,163,102,151,Running,103
34,182,78,159,Cardio,59
20,157,63,86,Yoga,106
57,189,85,162,Yoga,46
53,173,55,110,Running,74
41,172,103,131,Yoga,51
32,166,61,172,Strength,31
48,178,111,89,Running,72
54,175,86,84,Running,81
59,155,75,157,Running,52
41,168,68,135,Cycling,11
43,174,90,164,Cardio,11
54,188,76,143,Yoga,49
55,175,114,131,Strength,59
52,196,98,119,Yoga,80
50,180,80,161,Cardio,15
59,187,95,164,Cycling,60
20,190,68,162,HIIT,101
18,195,63,128,Strength,108
26,160,75,144,HIIT,70
34,156,58,91,Cycling,93
46,156,106,164,Cardio,119
21,196,71,117,Cycling,64
36,168,83,88,Running,41
30,198,110,172,Cardio,56
35,198,114,122,Yoga,67
39,174,105,114,Running,78
50,151,50,171,Cardio,57
30,171,91,173,Cardio,19
34,181,106,173,Cardio,10
51,188,64,145,Cardio,118
22,171,115,153,Strength,77
33,186,104,143,Strength,119
58,195,79,176,Yoga,112
20,170,62,104,Yoga,95
39,157,63,146,Strength,94
32,168,53,157,Cycling,53
49,198,56,145,Running,88
36,161,114,93,Cycling,30
24,166,51,134,Strength,52
21,188,79,139,Cycling,115
25,150,107,152,Yoga,61
33,152,56,98,Cycling,27
52,151,118,156,Cardio,110
31,167,107,163,Strength,101
24,176,100,157,Running,31
52,170,50,155,Cardio,65
32,186,98,105,HIIT,101
20,198,54,127,Strength,108
49,177,74,156,Cycling,53
36,174,109,114,Running,31
39,167,67,161,Yoga,24
49,157,61,86,Yoga,11
20,169,72,132,Strength,28
48,174,70,161,Cycling,60
47,191,97,80,Running,74
47,171,101,84,Cardio,21
57,152,59,90,Running,63
53,183,110,96,Strength,20
59,166,104,177,HIIT,28
52,193,105,140,Running,31
44,175,98,94,HIIT,60
27,167,107,171,Yoga,79
46,193,119,141,Cycling,30
42,190,64,132,Running,38
53,199,58,86,Strength,69
47,168,95,161,Running,34
55,162,69,81,Cycling,102
49,153,94,170,Yoga,100
59,160,94,150,Strength,34
40,153,114,108,HIIT,115
21,161,104,93,Cardio,15
23,190,107,103,Cycling,52
33,165,51,177,Running,15
58,176,91,98,Cardio,59
32,159,88,108,Strength,73
59,156,88,107,Cardio,47
57,172,71,160,Cardio,105
46,157,53,104,Yoga,82
21,181,52,137,Cardio,52
39,158,55,111,Strength,33
58,191,82,85,HIIT,88
35,169,93,158,Strength,21
38,175,58,100,HIIT,37
44,168,82,168,HIIT,102
28,164,95,139,HIIT,81
50,194,81,111,Cycling,61
27,156,63,108,Running,72
32,158,96,148,HIIT,40
27,184,59,177,Running,13
38,153,68,106,HIIT,72
43,174,89,131,Running,13
33,156,59,120,Cycling,116
56,176,75,109,Cycling,49
52,176,52,135,Running,71
30,182,54,92,Cycling,114
37,156,92,174,Strength,93
26,163,55,177,Cardio,20
49,150,104,153,HIIT,60
21,163,110,175,Cardio,113
55,190,65,178,Yoga,26
38,162,105,84,Yoga,81
45,162,103,179,Yoga,85
36,161,91,112,Cardio,17
46,179,98,89,Yoga,22
33,156,96,107,Cardio,109
54,190,107,159,Yoga,87
38,198,112,125,Cardio,57
24,154,119,148,Running,65
51,152,98,121,Yoga,51
40,154,84,162,Cardio,42
51,176,96,157,Running,103
59,181,71,92,Strength,113
27,188,85,150,Cardio,56
22,178,69,144,Strength,54
31,186,63,151,Cardio,90
44,193,62,179,Strength,32
24,165,116,136,Cardio,39
46,175,84,105,Yoga,33
35,166,53,116,Cardio,109
22,164,69,155,Yoga,79
56,163,101,119,Running,86
36,156,69,131,Yoga,17
35,199,106,135,HIIT,23
58,188,61,80,Strength,47
39,198,64,123,Running,69
30,175,82,160,Cycling,94
29,178,64,101,Cardio,44
24,161,60,132,Running,99
51,164,69,94,Cardio,69
20,160,97,96,Cardio,102
55,184,83,86,HIIT,118
50,169,72,139,Strength,29
44,189,104,126,Strength,75
36,198,67,121,Cycling,19
53,170,116,144,HIIT,80
36,161,52,86,HIIT,85
36,153,93,144,Yoga,19
51,153,109,146,HIIT,20
21,164,115,162,HIIT,21
24,181,94,158,Yoga,31
21,198,104,88,Strength,81
29,174,55,177,Running,96
24,168,73,96,Strength,81
22,189,113,144,Cycling,14
26,152,82,102,Running,73
46,185,114,94,Cardio,96
55,150,83,130,Yoga,83
38,180,71,155,Cardio,88
38,192,58,151,HIIT,34
23,184,85,128,Strength,23
25,165,76,110,Cycling,65
43,188,71,109,Strength,80
39,173,73,109,Running,13
44,186,106,161,Cycling,10
29,178,118,124,Cycling,113
54,178,71,112,Strength,39
42,172,101,124,HIIT,104
58,173,78,125,Cycling,41
42,162,118,137,Cardio,90
51,190,91,145,Running,59
38,192,60,125,HIIT,22
41,177,73,119,HIIT,86
21,181,57,96,Running,97
24,157,105,147,Running,84
34,171,51,172,Cardio,110
21,195,107,148,HIIT,78
57,150,116,94,Cardio,74
45,188,107,137,Cycling,96
21,193,104,128,Running,87
27,176,89,106,Yoga,94
35,195,110,132,HIIT,101
32,172,113,90,Cardio,115
24,198,66,121,Strength,55
19,195,113,102,Running,119
51,172,88,116,Cycling,54
22,194,75,93,Strength,106
41,182,117,81,Strength,63
36,180,85,175,HIIT,105
46,189,58,82,Running,112
29,160,74,105,Cardio,119
28,197,84,149,Running,83
25,156,100,89,HIIT,83
42,189,92,115,HIIT,38
52,191,57,121,Cardio,85
58,161,68,95,Running,102
25,175,65,118,Cycling,54
29,153,88,83,Cardio,78
24,154,83,98,Cycling,118
19,165,50,153,Cardio,23
56,198,76,111,Cardio,40
29,170,86,159,Cardio,99
42,177,57,160,Strength,19
41,180,119,90,Cycling,87
35,170,117,108,Yoga,27
49,197,80,115,Strength,71
42,161,50,111,Yoga,117
36,162,85,119,HIIT,45
29,186,50,136,Cardio,76
27,184,53,118,Running,94
24,197,66,107,Cardio,95
54,159,93,101,Strength,61
23,163,74,98,Yoga,11
47,155,66,147,HIIT,118
36,169,103,100,Cycling,114
45,195,66,163,Cycling,59
37,199,103,102,HIIT,103
51,167,80,171,Strength,101
45,174,85,80,Running,31
19,156,66,96,Running,11
52,190,89,162,Strength,52
23,172,99,100,Cycling,56
51,165,110,142,HIIT,38
50,158,108,100,Strength,62
35,171,80,106,HIIT,13
20,189,61,148,Running,107
39,163,81,139,Cardio,70
44,153,65,177,Cycling,92
42,188,100,162,Cardio,110
35,164,99,132,Strength,111
28,164,100,102,Cardio,89
40,155,106,178,Cardio,15
38,159,51,149,Yoga,118
18,182,111,82,Running,112
58,154,60,163,Yoga,98
38,155,65,174,Running,90
27,193,112,106,Cycling,31
39,164,102,154,Strength,36
38,167,55,116,Running,90
30,190,74,112,Cardio,81
29,196,61,144,Running,17
24,182,89,116,Running,112
50,170,58,93,Cycling,62
55,159,99,111,Yoga,78
44,181,77,118,Cycling,107
18,155,74,134,Cardio,39
53,158,85,141,Strength,56
27,163,62,148,Cycling,10
52,165,99,168,Strength,84
49,160,96,177,Yoga,29
42,196,90,144,Strength,90
35,163,73,179,Cycling,98
55,190,88,81,Strength,109
19,199,63,84,Strength,62
37,156,60,142,Strength,70
25,170,52,130,Strength,15
38,188,59,116,Running,42
32,175,116,126,Strength,66
28,161,88,137,Strength,20
56,196,83,154,Yoga,108
25,174,110,97,Cycling,18
18,184,66,96,Yoga,63
31,198,74,112,Strength,91
56,192,105,129,Cardio,30
50,199,74,139,Strength,85
27,150,109,130,Yoga,106
21,161,56,95,Yoga,18
22,156,118,165,Running,73
33,195,98,135,Strength,19
19,155,81,93,Cycling,86
58,188,108,139,HIIT,74
29,183,119,115,Cardio,66
40,158,96,125,HIIT,69
23,199,62,175,Yoga,75
21,179,97,126,Yoga,38
38,165,118,109,Cardio,20
56,165,54,104,Cycling,76
40,151,76,166,Cardio,84
35,184,68,141,Strength,30
57,164,96,126,Cardio,60
49,170,72,100,Strength,106
58,187,102,93,Cardio,103
18,193,92,155,Cardio,89
29,189,82,87,Cycling,50
29,196,80,102,Cycling,78
35,171,108,142,HIIT,119
59,171,58,159,Running,98
36,150,55,138,HIIT,67
37,163,60,171,Yoga,59
31,180,80,137,Running,77
36,169,113,99,Cycling,84
30,168,117,104,Running,106
32,169,74,157,Yoga,42
29,153,81,125,Yoga,76
45,190,85,141,Cycling,107
31,155,51,115,Cycling,44
30,173,55,94,Yoga,100
47,165,70,118,HIIT,95
59,187,73,113,Yoga,66
37,154,78,130,Running,46
21,188,91,81,Yoga,63
51,194,59,83,Running,11
43,174,53,177,HIIT,43
36,169,81,145,Strength,33
19,167,71,122,Yoga,31
31,165,59,122,HIIT,118
22,172,111,153,Strength,84
39,188,64,89,Running,46
31,172,87,111,Cardio,104
32,176,75,159,Cardio,119
33,194,72,170,Strength,47
39,185,98,178,Yoga,98
54,188,115,134,Cycling,24
33,155,109,141,Strength,103
34,178,107,103,Cycling,49
26,194,59,135,Cycling,108
18,188,114,130,Cycling,67
38,178,99,102,Strength,97
41,162,50,176,Yoga,77
54,172,56,124,Strength,61
19,173,97,131,Running,61
41,170,68,144,Yoga,41
37,193,70,118,Yoga,10
54,174,92,145,Strength,37
43,166,87,143,HIIT,98
36,186,56,155,HIIT,41
18,155,84,88,HIIT,43
48,177,107,153,Running,41
46,195,118,159,Strength,109
21,170,113,91,HIIT,105
18,192,93,162,Yoga,82
37,196,75,107,Running,56
48,191,85,158,HIIT,18
36,193,89,175,Yoga,48
45,158,101,85,Strength,40
24,151,54,137,Cardio,67
34,150,66,94,Running,54
19,191,67,94,Cycling,67
35,192,73,106,Cardio,91
37,164,114,167,Cycling,19
51,199,82,116,Cardio,21
58,165,112,178,HIIT,18
42,177,86,96,Strength,114
25,171,83,171,Strength,91
52,159,118,114,Strength,25
34,166,95,90,Running,69
49,157,112,134,Running,88
30,174,99,158,Cardio,99
26,194,61,102,Cardio,41
19,168,108,129,Running,88
28,156,50,155,Cardio,55
25,170,59,112,Strength,44
22,194,77,124,Strength,115
19,158,72,109,Cycling,11
28,160,71,165,Strength,109
29,175,103,118,Cardio,28
26,171,89,86,Yoga,97
35,187,111,159,Cycling,83
22,187,73,178,Strength,24
26,179,97,136,HIIT,117
35,163,93,80,Cardio,113
42,166,109,138,Running,99
56,155,102,88,Cycling,27
37,168,70,91,HIIT,82
44,193,98,155,Cycling,117
28,150,116,170,Cycling,23
35,186,85,141,Cycling,108
48,166,101,159,Running,62
35,193,83,178,Cycling,73
54,187,98,112,HIIT,85
40,156,106,162,Cycling,63
48,189,72,152,Cardio,13
47,152,64,122,Cardio,81
19,165,59,86,Running,79
36,180,114,115,Cycling,94
40,193,109,94,HIIT,84
51,170,101,136,Cycling,95
55,166,85,111,HIIT,65
50,186,106,176,Cardio,99
34,193,93,87,Running,63
52,196,61,164,Strength,58
48,167,119,112,Cycling,63
47,186,76,163,Cycling,41
44,151,58,83,Strength,57
36,151,82,110,Cycling,75
53,166,58,111,HIIT,15
27,160,51,95,Cardio,52
41,179,86,164,Running,96
44,199,87,121,HIIT,19
49,155,79,93,Cycling,46
37,190,62,83,HIIT,117
44,168,61,94,HIIT,11
49,198,94,134,Cardio,21
33,188,55,158,Running,13
18,163,78,146,Cardio,15
21,152,82,156,HIIT,34
49,168,103,125,HIIT,16
23,170,86,124,HIIT,95
44,196,119,155,Running,34
40,155,106,114,HIIT,28
54,175,72,115,Running,32
33,155,77,127,Strength,75
39,151,85,168,Strength,57
46,168,91,100,Cycling,57
37,163,67,101,Cardio,37
43,184,96,88,HIIT,63
22,184,100,179,Strength,24
21,178,67,90,Cardio,78
45,162,87,177,Strength,15
45,151,69,107,Yoga,102
22,158,118,140,Strength,116
42,190,87,113,Strength,92
55,165,117,131,HIIT,47
48,151,71,168,Cycling,62
31,197,98,106,HIIT,69
43,186,56,156,Strength,106
48,182,73,130,Strength,101
37,168,119,102,Strength,13
30,191,115,90,Running,62
58,171,79,82,Cardio,112
50,186,73,122,HIIT,53
35,152,115,117,Cycling,53
26,168,78,173,Running,100
51,176,69,175,Yoga,116
50,185,65,149,Strength,44
44,194,119,133,Strength,59
23,189,68,128,HIIT,100
31,189,109,136,Cycling,96
20,175,65,159,Yoga,80
23,191,58,145,Yoga,79
41,191,102,82,Yoga,72
40,181,54,143,Cycling,82
46,173,102,146,HIIT,56
20,196,114,125,Strength,50
58,164,82,110,Yoga,64
31,161,96,102,Strength,68
52,158,119,104,Running,53
51,165,56,138,Yoga,72
19,188,119,111,HIIT,63
39,188,72,158,Running,49
51,176,109,88,Cycling,19
22,150,53,116,Yoga,55
40,164,88,110,Cardio,56
54,171,112,94,Cycling,59
35,196,87,178,Strength,49
53,186,111,86,HIIT,97
43,162,80,146,Cardio,72
35,193,98,171,Strength,45
49,195,74,85,Yoga,68
25,180,118,152,HIIT,77
55,187,94,169,Cycling,86
59,177,73,109,Cycling,57
29,181,59,95,Yoga,54
28,157,73,138,Strength,78
34,170,95,122,HIIT,93
32,179,88,152,Cardio,12
20,179,103,105,Cardio,105
48,181,60,176,Strength,39
24,166,111,101,HIIT,96
44,163,75,143,Running,23
44,165,51,164,Running,75
52,190,85,178,Running,32
45,199,118,106,Yoga,84
20,170,54,86,Cardio,115
22,177,72,167,HIIT,118
28,163,86,155,Yoga,11
29,164,111,124,Running,84
41,173,68,82,Yoga,68
59,151,81,155,Cardio,97
30,160,53,160,HIIT,57
47,161,55,179,HIIT,42
20,173,86,122,Strength,50
40,183,106,94,HIIT,30
46,156,78,176,Yoga,27
43,159,97,172,Running,61
18,164,82,162,Strength,73
47,158,102,102,Running,61
34,185,70,112,HIIT,90
55,194,94,99,Cycling,96
56,168,56,137,Running,15
48,186,60,143,Yoga,51
51,152,118,86,Running,43
58,160,85,130,Yoga,90
46,186,114,94,Running,47
34,153,67,87,Cardio,86
23,190,86,131,Yoga,79
22,192,57,162,Strength,18
48,150,94,118,Yoga,79
25,170,89,91,HIIT,23
40,164,108,166,HIIT,107
48,162,91,143,Cycling,105
20,185,67,81,HIIT,57
38,182,108,149,Strength,20
52,160,88,144,Cardio,119
40,165,118,132,Yoga,37
39,175,96,131,Cardio,11
31,191,109,141,Running,15
54,170,76,121,Running,63
51,196,61,127,Cardio,85
55,160,72,140,HIIT,110
43,184,79,174,Cardio,50
19,161,89,93,Strength,92
35,188,57,167,Running,49
24,195,107,153,Yoga,24
55,167,51,131,Strength,72
44,173,80,120,Yoga,91
53,169,92,150,Cardio,110
28,164,58,125,Cardio,75
23,179,69,170,Cardio,105
28,160,95,156,HIIT,67
44,192,115,144,Cycling,101
32,167,109,157,Running,16
38,160,100,107,Cardio,74
36,188,113,141,Yoga,79
28,194,97,175,Strength,21
48,187,104,104,Cardio,81
23,192,70,100,Cardio,113
52,152,100,90,Cycling,80
21,190,95,120,Cardio,112
58,166,99,82,Strength,76
26,168,93,91,Strength,10
43,150,67,113,Yoga,82
27,154,99,87,Cycling,89
31,198,102,161,Cycling,116
59,150,72,155,Yoga,27
28,170,109,168,HIIT,98
38,190,58,129,Strength,83
34,186,64,81,Cycling,38
56,192,93,80,Cardio,12
47,168,70,108,HIIT,45
39,190,85,113,Strength,58
33,193,73,103,HIIT,51
22,153,65,93,Cycling,86
44,185,119,141,Yoga,55
41,155,115,143,Cardio,89
30,176,84,86,Yoga,119
34,158,92,133,Cycling,104
38,168,99,88,Cardio,112
41,157,77,154,HIIT,25
52,195,105,98,Running,37
46,196,105,114,HIIT,36
27,173,80,109,HIIT,59
50,165,77,110,Cycling,68
35,197,71,135,Running,70
36,174,112,173,Cycling,117
34,187,86,166,Strength,11
40,177,83,90,Running,38
53,170,95,146,HIIT,20
28,150,91,179,Strength,21
24,193,71,157,Running,89
20,194,109,138,Cycling,111
45,169,110,173,Running,24
54,171,52,129,Cardio,98
26,188,112,105,HIIT,111
18,167,115,161,Cardio,66
28,160,53,131,Cardio,12
54,171,74,128,Cardio,38
22,151,62,169,Yoga,93
30,170,114,123,Strength,103
32,178,92,159,Yoga,115
39,191,101,85,HIIT,11
38,190,115,81,Strength,65
38,160,52,120,Strength,42
29,186,53,165,Running,59
52,191,84,113,Strength,106
30,175,102,125,Cardio,59
32,189,55,160,Yoga,26
42,187,82,89,Cardio,116
39,187,73,111,HIIT,25
43,157,62,113,Yoga,80
50,160,89,84,Running,16
39,158,74,121,Cardio,14
54,195,54,156,Yoga,14
19,169,110,112,Strength,30
21,199,100,117,Running,37
37,197,110,128,Cardio,73
47,171,98,157,HIIT,77
59,159,117,141,HIIT,88
57,179,114,127,Cycling,30
45,152,113,178,Cardio,53
37,197,93,177,HIIT,76
50,189,72,142,HIIT,55
26,191,95,173,Strength,42
19,174,85,144,Running,83
55,170,84,179,HIIT,18
53,183,79,131,Yoga,110
35,152,62,87,Cardio,51
58,193,79,163,Cycling,31
33,150,118,85,Yoga,72
40,180,77,95,Running,113
46,170,80,101,Cycling,49
21,188,73,135,Running,108
26,194,67,136,Cardio,49
33,191,72,156,HIIT,36
21,151,52,93,Strength,73
42,189,50,140,Cycling,86
32,193,56,171,HIIT,103
48,166,56,158,Yoga,34
34,171,118,164,Strength,92
39,186,64,125,Cardio,84
21,174,81,151,Cardio,20
34,180,95,139,Yoga,86
26,152,58,120,Strength,99
31,157,110,128,HIIT,94
48,161,71,122,HIIT,12
29,177,101,116,Cycling,47
56,161,53,149,Strength,71
57,196,67,122,HIIT,114
24,175,52,127,Strength,119
33,198,112,177,Yoga,62
57,164,82,156,HIIT,42
48,186,102,88,Running,49
45,159,74,126,Running,91
22,158,84,162,HIIT,40
30,166,111,167,Cardio,52
33,194,70,117,Cardio,115
48,155,109,120,Cycling,82
23,164,56,95,HIIT,107
40,193,81,86,Running,103
48,165,74,144,Cardio,85
29,178,51,120,Cardio,111
24,196,66,154,Running,69
55,161,84,148,Cycling,36
56,177,71,136,Running,36
19,180,92,120,Cardio,31
51,168,82,85,Strength,118
28,155,90,158,Strength,97
43,185,61,117,Strength,47
32,192,69,113,Running,116
23,154,71,92,Cycling,77
22,167,75,160,Running,43
23,193,55,125,Strength,52
56,198,104,90,Running,54
37,187,110,176,Strength,44
51,155,87,172,Strength,111
57,177,67,176,Cardio,60
56,192,116,127,Cycling,12
26,175,100,141,Cardio,23
58,154,103,165,Cycling,84
33,161,86,148,Strength,101
43,183,54,154,Yoga,30
44,198,63,128,Yoga,83
51,192,119,93,Strength,116
25,158,70,110,Yoga,46
18,156,53,177,Cycling,48
46,153,88,90,Yoga,52
33,167,119,166,Running,30
52,182,68,176,Cycling,103
38,166,107,129,Running,66
19,150,118,168,Running,42
29,193,87,179,Strength,79
43,164,109,91,Strength,105
20,182,84,178,Yoga,22
56,192,86,129,Yoga,37
24,179,85,112,Cardio,103
19,163,105,113,Strength,38
19,190,118,96,Running,50
47,173,59,101,Cardio,48
34,186,108,82,Running,53
20,179,84,141,HIIT,62
35,185,52,164,Cycling,15
23,170,91,176,HIIT,107
31,156,91,139,Yoga,44
50,179,104,109,HIIT,94
32,182,60,122,HIIT,50
27,152,103,160,Cardio,38
36,153,113,110,Cycling,116
27,186,58,88,HIIT,24
36,198,51,122,Cycling,12
58,181,117,106,Cycling,13
19,157,54,169,Cycling,26
44,159,108,95,Cycling,111
26,169,100,135,HIIT,50
55,184,61,94,Cycling,116
22,160,50,147,Strength,25
26,186,99,120,Running,112
32,190,105,92,HIIT,78
45,167,56,121,Yoga,55
51,177,100,80,Cycling,63
37,169,81,128,Strength,67
53,187,86,123,Running,111
31,160,67,105,Running,36
55,178,117,96,Yoga,57
50,154,108,165,Yoga,109
44,174,61,82,HIIT,56
47,167,96,92,Running,35
40,196,104,165,Yoga,49
59,198,103,166,HIIT,54
26,170,115,173,Yoga,18
57,196,112,176,Cycling,41
52,154,66,87,HIIT,33
50,177,86,144,Strength,119
51,198,85,110,HIIT,58
30,190,74,144,HIIT,10
52,167,102,157,HIIT,77
52,183,72,166,Cycling,29
56,187,99,160,Strength,89
19,177,66,149,Yoga,112
20,191,92,179,Cycling,44
59,163,110,87,HIIT,102
52,155,97,81,HIIT,103
32,176,108,143,Cycling,91
46,189,67,113,Cardio,83
47,171,82,84,Yoga,117
30,184,84,143,Strength,107
19,165,52,90,HIIT,23
46,178,73,109,Yoga,52
31,172,96,149,Strength,119
37,156,65,132,HIIT,53
35,195,93,126,Cardio,87
35,177,75,171,Yoga,111
53,192,109,172,Running,81
25,179,97,165,HIIT,30
47,154,109,165,Running,115
54,187,88,102,HIIT,102
38,189,81,146,HIIT,23
20,196,106,141,HIIT,25
58,181,79,150,Yoga,94
26,162,115,111,Running,59
24,188,51,114,Running,105
42,177,88,107,HIIT,76
23,152,106,95,Strength,24
52,163,99,111,Strength,24
55,165,114,108,Yoga,70
42,172,112,145,Strength,41
43,187,92,106,Running,68
21,186,88,109,HIIT,48
42,167,62,160,Yoga,11
49,188,106,153,Cardio,51
37,197,117,170,Cycling,61
24,161,75,101,Cycling,87
59,157,93,118,Running,116
45,175,101,114,HIIT,15
42,165,89,145,Strength,15
50,175,96,176,Cardio,117
22,199,86,102,Yoga,34
55,172,79,148,Running,84
38,163,93,145,HIIT,14
52,198,116,85,Cycling,58
26,191,98,87,Cycling,66
39,186,89,97,Cardio,87
54,169,52,102,Strength,57
33,176,77,106,Strength,30
20,162,106,110,Running,24
20,166,76,92,Strength,104
21,155,118,140,Strength,81
25,198,58,131,HIIT,112
47,184,73,151,HIIT,61
23,154,101,114,Cycling,42
54,198,69,174,Yoga,16
54,176,82,132,HIIT,88
35,193,59,80,Strength,48
52,156,61,176,Cycling,96
31,160,118,166,Cycling,105
19,172,101,85,Cycling,43
40,187,112,177,Running,66
43,184,95,165,HIIT,119
30,157,68,120,Strength,82
41,176,58,120,Cycling,110
24,167,54,169,Strength,78
57,154,108,146,Running,54
35,163,76,143,Cardio,37
48,156,61,126,Cardio,75
55,191,74,121,HIIT,103
19,191,115,100,Strength,59
52,159,72,92,Running,63
47,168,91,149,Running,25
52,156,100,84,Yoga,90
34,161,73,119,HIIT,25
24,190,89,173,Cardio,117
45,157,95,116,Cardio,64
19,189,116,96,Yoga,105
35,161,87,113,Cycling,10
25,175,62,146,HIIT,112
40,174,84,82,HIIT,75
37,175,101,135,Running,82
34,176,51,175,Cardio,71
26,181,102,81,Cardio,29
35,183,90,133,Running,64
59,191,71,120,Cardio,88
46,182,83,86,Yoga,59
28,160,117,134,HIIT,13
26,193,51,153,HIIT,17
41,191,76,133,Yoga,91
58,179,92,169,Strength,66
30,156,93,154,Cycling,92
34,181,100,130,Cardio,11
58,150,68,157,Yoga,108
34,153,89,80,Running,13
27,165,64,120,Running,95
36,177,75,124,Yoga,88
51,181,108,153,Yoga,119
55,171,105,104,HIIT,14
24,159,85,164,HIIT,50
46,166,67,121,Strength,15
21,181,109,176,HIIT,89
49,166,60,126,Cardio,71
42,181,52,108,Cycling,43
33,184,108,146,Strength,50
36,187,84,117,Running,72
54,176,60,162,HIIT,104
56,179,58,100,Yoga,116
43,159,67,114,HIIT,91
48,170,117,145,Cycling,82
27,181,52,108,Cycling,78
56,152,99,119,Cardio,73
50,175,118,157,Cycling,94
21,187,60,98,Running,52
54,183,63,86,HIIT,38
25,179,62,126,Running,10
46,197,79,122,Running,61
35,198,61,155,Yoga,89
38,176,116,97,Cycling,25
33,183,72,107,Cycling,75
35,187,50,85,Cardio,89
53,190,68,127,Cycling,81
42,168,60,118,HIIT,10
53,154,76,80,Yoga,79
57,195,106,158,HIIT,79
26,150,51,106,HIIT,74
57,158,115,117,HIIT,28
52,167,93,145,Cycling,101
24,175,109,101,Cycling,54
58,170,73,95,Strength,42
24,152,107,168,Cycling,90
36,161,116,107,HIIT,27
50,158,80,152,HIIT,27
57,153,71,139,Cycling,22
54,191,107,146,Yoga,95
40,151,60,132,HIIT,94
57,178,70,170,Cardio,16
38,185,80,92,HIIT,106
43,172,63,152,Yoga,29
55,175,76,163,Cycling,22
35,162,119,116,Yoga,42
45,180,60,113,HIIT,89
52,152,63,99,Cardio,105
56,192,61,117,Cycling,100
22,168,105,101,HIIT,60
34,190,70,145,Running,30
36,157,117,173,Yoga,64
49,181,88,161,Strength,52
29,193,73,148,Cycling,117
30,171,92,107,Cycling,96
30,176,109,175,Strength,65
22,189,72,88,Yoga,110
35,181,101,155,Cycling,55
27,174,80,84,Strength,93
43,180,69,118,Strength,13
21,163,67,178,HIIT,22
53,170,116,100,Running,12
39,152,63,161,Yoga,32
18,197,58,127,Strength,52
29,194,103,161,Yoga,119
22,177,75,108,Cycling,70
27,188,92,140,Cycling,114
31,197,94,122,HIIT,19
20,165,106,106,HIIT,15
20,188,109,154,HIIT,80
24,198,75,120,Yoga,59
19,162,84,112,HIIT,23
51,169,89,166,Strength,53
18,157,90,119,HIIT,70
38,151,73,170,Yoga,86
54,197,88,142,Strength,80
37,199,84,174,Cardio,58
51,180,118,96,HIIT,105
46,167,88,87,Cardio,77
35,191,93,123,HIIT,14
47,173,89,149,Running,77
29,187,50,111,Cycling,95
44,189,74,143,Yoga,109
33,194,69,102,Strength,87
33,174,108,168,HIIT,105
19,170,80,178,Running,66
42,182,99,126,HIIT,15
29,186,100,109,Cardio,99
24,197,51,178,Yoga,47
49,199,99,159,Running,119
54,175,105,135,Strength,82
54,194,51,166,Strength,100
56,197,60,130,Cardio,25
52,186,81,135,Cycling,56
32,168,85,133,Cycling,20
56,171,108,148,Cardio,13
24,166,55,117,Strength,92
31,161,117,166,HIIT,100
53,169,72,170,Strength,107
53,186,73,150,Strength,118
43,191,66,122,Strength,52
34,173,62,98,Running,45
36,176,73,137,Cycling,36
47,186,105,131,Running,107
44,160,56,114,Yoga,90
20,154,54,89,Running,107
27,181,79,171,Running,72
23,183,63,108,Cycling,46
53,188,73,114,Cardio,91
25,187,118,132,HIIT,57
55,190,68,89,Running,34
30,161,83,173,Strength,89
50,167,96,104,HIIT,66
42,174,88,155,Cardio,58
32,196,60,121,Running,101
42,199,81,100,Running,14
42,192,78,135,Cardio,91
59,167,83,89,Yoga,35
50,181,53,127,Yoga,104
37,166,112,129,Running,69
31,174,108,143,Yoga,84
33,186,87,174,Cardio,87
56,156,99,138,Strength,78
50,153,113,161,Yoga,99
29,196,85,87,Cardio,11
57,176,118,135,Running,61
44,177,101,160,HIIT,61
19,166,51,94,Yoga,97
49,162,59,102,Yoga,116
51,191,74,121,HIIT,37
43,191,83,170,Running,17
38,155,85,136,HIIT,108
50,174,62,115,Cycling,87
44,152,92,112,Cardio,69
53,174,105,148,Yoga,90
39,179,97,161,Yoga,84
32,192,97,143,Running,78
46,183,83,135,HIIT,68
47,167,106,105,HIIT,90
34,158,93,107,Cardio,58
33,152,91,155,Cardio,74
29,165,67,112,Cycling,71
33,168,91,158,Cardio,79
51,173,85,168,Cardio,118
38,197,54,164,Yoga,45
30,198,91,116,HIIT,66
44,180,102,103,Strength,25
18,192,89,150,Cardio,108
56,187,63,124,Running,80
41,188,96,146,Yoga,53
52,190,119,161,Strength,75
35,175,116,118,HIIT,63
25,165,109,163,Cardio,90
23,163,59,111,Cardio,113
27,178,85,144,Cycling,38
45,198,85,161,Cardio,34
44,164,80,113,Cardio,12
52,194,93,161,Running,75
45,188,51,120,Running,77
38,185,118,109,Yoga,47
52,190,74,168,Strength,46
36,158,104,122,Cardio,119
45,177,82,138,HIIT,62
43,190,105,139,Yoga,29
45,150,81,111,Running,42
49,195,99,111,Cardio,80
40,196,78,119,Cardio,105
52,154,118,121,Cardio,95
36,190,56,159,Cycling,99
42,193,86,175,HIIT,39
58,156,111,86,Strength,56
26,175,58,80,Strength,31
59,191,69,122,HIIT,113
34,156,111,81,Yoga,82
42,176,64,166,Yoga,18
42,164,110,117,Strength,25
57,157,103,133,Cycling,12
20,175,119,151,Running,42
35,181,86,163,Strength,113
34,191,58,168,Running,94
41,195,67,167,Cycling,116
34,199,86,113,Cardio,80
56,195,111,143,Running,114
33,196,59,131,Running,12
36,185,85,107,Cardio,81
38,171,110,170,HIIT,11
19,198,67,175,Running,64
58,154,66,160,HIIT,66
22,151,59,111,Yoga,75
52,165,72,115,Running,96
44,157,99,149,Yoga,104
48,190,118,128,Running,119
39,160,75,131,Cardio,24
59,199,52,149,Yoga,76
48,189,98,142,Strength,28
46,158,70,171,HIIT,68
40,185,52,165,HIIT,94
20,176,66,100,Cardio,41
36,154,115,93,Yoga,96
34,174,62,106,HIIT,101
18,170,96,153,Yoga,80
45,151,52,161,Cardio,11
43,169,103,140,Cardio,28
52,150,109,107,Cycling,117
35,193,80,129,Running,102
26,161,81,126,Cardio,11
30,199,54,135,Strength,88
58,171,67,130,Strength,45
59,177,53,97,Yoga,33
40,172,108,91,Cardio,73
45,170,89,126,Cycling,108
54,185,102,177,HIIT,13
31,183,110,172,HIIT,29
32,158,73,157,Yoga,57
37,195,104,137,Strength,18
23,181,75,153,Strength,19
48,189,90,153,Yoga,58
22,179,100,179,Yoga,36
56,169,109,165,Yoga,23
29,157,112,137,Cardio,41
52,176,54,152,Running,65
36,190,119,97,HIIT,35
28,159,98,165,HIIT,19
51,189,61,152,Running,93
51,159,73,86,Cardio,38
36,185,79,157,Yoga,114
52,180,75,179,Cycling,80
29,189,114,127,Strength,110
18,184,76,94,Cycling,70
39,182,61,83,Cardio,59
23,169,58,165,Strength,57
44,160,68,96,Cardio,58
43,159,113,95,Cycling,107
47,170,99,125,HIIT,71
29,160,77,129,Yoga,37
19,199,73,96,Strength,26
33,180,86,88,Cardio,118
27,158,83,139,Running,21
53,168,60,129,HIIT,51
20,173,96,178,HIIT,14
58,179,65,152,HIIT,84
18,168,99,174,Strength,104
58,181,71,142,Cardio,93
34,177,118,125,Running,67
57,163,116,118,HIIT,58
29,150,82,82,Running,108
20,163,70,114,Cardio,58
40,183,93,96,Cardio,20
59,165,116,89,Cardio,12
49,192,54,103,Cardio,98
27,183,116,128,Cycling,73
41,167,61,149,Cycling,25
19,198,115,118,Running,79
24,174,53,138,Strength,95
51,177,55,133,Cycling,76
42,158,92,169,Running,27
18,171,108,122,Strength,25
33,151,78,153,Cycling,74
28,168,106,148,Cycling,29
32,172,63,82,Running,88
59,194,69,170,Cycling,42
19,187,116,103,Cycling,43
57,170,76,122,HIIT,111
42,161,111,82,HIIT,38
52,195,57,110,Cardio,110
28,150,70,152,Cardio,50
52,191,51,85,Cycling,48
54,155,105,109,HIIT,20
18,169,109,100,Yoga,42
51,177,113,163,Cycling,108
20,170,71,167,Strength,62
20,177,67,128,Cycling,20
56,176,99,117,Strength,82
41,150,90,169,Yoga,91
29,178,56,172,Strength,57
37,194,72,133,Running,76
51,153,86,131,Strength,19
52,169,96,133,Strength,53
46,154,119,157,HIIT,117
59,150,93,81,Strength,50
58,188,82,136,Cardio,77
28,176,96,169,HIIT,115
34,173,64,107,HIIT,10
20,188,58,175,Strength,52
25,161,72,96,HIIT,40
55,193,72,164,Cycling,34
42,197,58,105,HIIT,74
27,156,77,95,Cardio,56
41,193,101,132,Cycling,30
37,187,78,121,Strength,69
31,152,70,133,Running,12
36,182,95,91,Cycling,111
32,167,96,86,Strength,43
21,189,62,133,Strength,31
38,165,62,159,Cycling,68
33,156,83,94,Cardio,31
36,151,76,137,Cardio,65
44,153,72,109,Running,30
22,185,82,134,HIIT,18
19,150,104,94,Running,95
41,190,118,148,HIIT,50
55,155,76,159,Yoga,116
44,181,117,140,Cardio,62
45,163,83,129,Yoga,63
57,171,112,107,Running,50
20,163,63,86,Strength,104
38,177,54,113,Strength,46
34,181,91,178,Strength,38
58,159,84,153,Cardio,75
45,193,80,142,Cardio,30
40,171,55,81,HIIT,55
29,157,103,87,Yoga,40
39,174,115,84,Strength,10
52,188,116,123,HIIT,30
21,155,111,108,Running,21
50,190,80,150,HIIT,98
48,178,77,121,Cardio,67
49,181,73,105,Running,110
33,171,74,165,Yoga,15
49,194,79,166,HIIT,37
26,192,109,110,Cycling,43
18,166,91,149,Running,92
31,153,61,95,Cardio,19
18,186,50,167,Cycling,103
39,198,88,103,Yoga,34
54,197,65,148,HIIT,117
54,179,51,169,Yoga,16
22,180,59,104,Strength,104
58,166,59,130,Yoga,20
24,190,58,100,Running,30
57,182,82,120,Yoga,82
37,172,90,158,Yoga,109
42,171,84,168,Cardio,47
27,193,108,121,HIIT,108
41,181,54,131,Strength,55
24,199,53,93,Cardio,90
37,152,98,125,Cardio,56
33,186,109,113,HIIT,59
25,170,102,97,Strength,63
53,154,57,173,HIIT,27
53,196,114,126,Cardio,98
31,167,77,137,Cardio,114
31,184,108,82,Strength,86
19,163,60,150,Yoga,67
59,163,87,176,Yoga,77
51,174,58,119,Yoga,62
31,162,87,111,Cycling,15
46,167,65,141,Running,95
36,192,68,84,Strength,116
42,180,59,168,Yoga,31
53,190,102,80,Cycling,74
30,188,112,139,HIIT,23
19,195,72,139,Yoga,68
24,194,96,155,Running,116
47,185,106,117,Running,63
37,175,58,95,HIIT,18
34,192,72,167,Cardio,49
48,199,89,141,Strength,79
44,153,57,89,Running,42
55,198,82,141,Cardio,98
30,191,68,134,HIIT,16
59,179,68,174,Yoga,58
21,172,60,100,Running,88
18,151,56,150,Strength,18
59,166,76,102,Yoga,86
34,164,63,143,Yoga,97
41,167,86,94,Cardio,13
37,187,107,159,Cardio,80
33,162,81,110,Running,13
20,184,118,125,HIIT,64
55,180,57,167,Running,27
57,156,62,142,Strength,53
56,186,96,151,Yoga,74
28,184,58,170,Running,117
35,154,78,144,Yoga,84
34,164,60,153,Yoga,53
31,159,102,157,Strength,54
59,166,109,171,Cycling,21
28,177,96,109,Cardio,64
59,152,90,162,Cycling,99
29,182,108,81,Cycling,89
48,173,53,93,Cycling,118
41,187,91,114,Cardio,87
18,182,113,175,HIIT,11
56,168,109,80,Strength,50
50,191,80,82,HIIT,69
38,179,92,154,Yoga,58
18,171,68,160,Running,21
45,188,118,147,Cardio,97
59,157,106,106,HIIT,36
35,153,96,109,HIIT,113
55,167,80,82,Yoga,35
54,177,101,147,Running,67
29,177,74,101,Cardio,100
27,151,117,159,Yoga,117
32,182,53,83,Cardio,32
22,173,110,85,Strength,21
30,199,76,167,Strength,49
51,190,116,83,Running,32
41,185,67,98,Running,87
44,164,114,163,Yoga,12
54,168,101,113,Running,27
40,183,95,93,Yoga,43
28,188,62,151,Strength,62
26,178,57,121,Cardio,109
26,151,118,92,Cardio,44
22,177,52,111,Yoga,56
42,163,96,109,Cycling,47
24,186,71,124,Cycling,55
36,178,51,149,Cardio,22
23,187,58,173,Running,29
54,196,111,168,Strength,22
39,192,89,92,Yoga,14
29,151,63,94,Running,95
45,177,61,115,HIIT,101
22,171,63,154,Cardio,33
41,187,116,146,HIIT,43
28,183,118,99,Cardio,73
36,165,61,139,Yoga,28
49,176,95,166,Cardio,54
55,152,116,146,Running,111
54,195,83,116,Yoga,86
59,168,86,145,Running,56
36,177,56,98,Strength,44
43,184,89,119,Running,31
20,194,88,109,HIIT,89
47,176,84,118,Cardio,37
21,170,113,91,Strength,20
57,166,65,148,Strength,75
57,174,110,80,HIIT,26
46,183,55,139,Strength,54
29,195,118,86,Strength,62
27,182,66,125,HIIT,29
36,171,101,114,Yoga,86
59,152,72,87,Strength,77
41,165,92,159,Cardio,10
52,161,51,160,Running,101
29,151,119,135,Cycling,67
48,177,50,151,Cycling,98
27,190,96,87,HIIT,62
34,158,101,80,HIIT,92
35,161,77,174,Cardio,57
20,192,119,92,Cycling,82
26,167,87,87,Strength,93
57,183,71,139,Cycling,96
57,178,54,130,Cardio,58
29,164,63,106,Cardio,19
57,198,104,176,Running,40
18,182,66,146,Strength,97
37,196,68,122,Cycling,110
41,151,79,128,Running,46
43,198,88,113,Yoga,20
47,154,64,173,Cycling,101
52,173,62,115,Running,61
31,167,82,124,Strength,45
51,153,79,175,Cardio,83
56,166,80,175,Running,100
43,186,116,105,HIIT,49
30,150,53,149,Cardio,109
41,185,108,100,Running,35
50,187,114,135,Strength,28
20,194,104,93,Strength,44
51,182,113,166,Yoga,43
54,165,52,160,Yoga,25
33,161,87,98,Strength,114
42,178,99,170,HIIT,50
36,171,116,125,Strength,60
26,165,56,102,HIIT,86
51,164,104,118,Cycling,109
54,186,100,148,Running,24
19,195,77,114,Running,18
36,198,96,157,Running,57
45,150,91,162,HIIT,99
49,157,70,103,HIIT,70
48,166,111,90,Running,88
54,188,105,112,Running,100
27,171,112,85,HIIT,35
31,150,98,148,Cardio,41
55,178,75,128,Running,82
48,154,75,141,Strength,87
26,163,94,83,HIIT,113
25,162,55,101,Cardio,71
48,161,53,82,Running,72
59,190,95,163,Cycling,49
52,198,101,91,HIIT,27
38,186,50,152,Yoga,78
31,176,105,80,HIIT,92
41,151,105,104,HIIT,50
19,166,94,146,Cycling,64
41,174,77,123,Yoga,57
53,164,52,95,Cycling,20
53,199,111,110,Strength,19
43,156,70,170,Cycling,64
35,191,56,175,Running,73
41,163,82,150,Yoga,47
20,180,80,103,Running,26
54,196,111,135,Running,15
20,190,52,168,HIIT,117
47,185,97,157,Running,107
40,167,92,135,Cardio,72
24,159,84,108,Cardio,65
27,189,71,111,Strength,86
29,177,114,83,Yoga,58
23,199,97,129,Strength,66
31,174,55,101,Cycling,71
29,198,112,155,HIIT,68
30,175,51,154,Cycling,117
50,155,118,124,Strength,85
28,161,119,167,Strength,78
54,170,79,115,Yoga,70
57,182,98,135,Strength,10
44,190,55,118,Yoga,47
46,179,84,103,Yoga,72
42,176,105,163,Strength,12
55,156,57,88,Strength,60
37,152,92,103,Running,36
18,198,96,163,Cycling,29
21,190,87,90,Cardio,85
44,151,76,143,Cardio,101
48,165,59,130,Cycling,117
43,154,69,128,Strength,56
39,151,80,103,Cardio,34
39,198,56,91,Cardio,117
38,159,68,126,Cycling,44
28,188,108,93,Strength,33
19,167,74,159,HIIT,11
49,157,87,129,Yoga,18
21,153,84,80,Strength,91
53,182,110,91,Running,101
57,159,93,140,Cardio,119
56,189,106,177,Cardio,58
57,160,73,83,Running,39
19,197,89,103,Strength,59
49,180,53,111,Cycling,81
26,188,102,102,Cycling,96
22,156,58,119,HIIT,117
53,198,107,103,Yoga,43
55,176,105,84,Cardio,65
39,194,103,131,Cycling,37
20,185,61,92,Cycling,15
53,196,58,163,Cardio,48
28,153,68,96,Running,44
50,192,54,168,Yoga,83
41,171,80,136,Yoga,88
53,163,67,178,HIIT,24
27,154,53,128,Cardio,19
32,151,84,125,Running,70
46,190,102,140,HIIT,86
52,185,81,157,Strength,31
33,187,97,167,Strength,119
51,182,68,87,HIIT,10
39,184,73,140,Running,59
25,184,96,128,HIIT,86
50,182,78,123,Cardio,51
23,167,92,121,Cardio,109
34,182,54,132,HIIT,87
55,174,52,167,Yoga,33
31,190,98,135,Strength,64
58,189,84,110,Yoga,109
44,170,55,177,Yoga,48
21,192,69,108,Strength,77
18,171,91,129,Cardio,60
52,193,108,167,Yoga,63
41,187,63,179,Strength,92
43,166,93,86,Running,94
29,194,72,144,HIIT,95
38,196,77,94,Strength,66
32,158,117,137,HIIT,35
21,182,66,135,Cardio,109
45,160,80,85,Strength,35
48,166,116,164,Strength,103
49,153,110,155,Strength,37
59,182,52,86,HIIT,12
38,166,64,167,Cardio,60
53,178,65,167,Cardio,23
41,176,72,113,Running,87
18,198,119,152,Cycling,14
46,188,68,149,Cycling,25
57,162,105,144,Cycling,113
41,181,92,83,Cardio,48
40,187,119,179,Yoga,43
39,156,95,114,HIIT,74
32,190,94,166,Yoga,116
50,179,106,127,HIIT,94
20,164,63,81,Cycling,103
18,151,71,167,HIIT,19
23,178,79,115,Yoga,71
32,198,103,145,HIIT,111
55,194,102,179,Yoga,60
43,167,103,126,Strength,92
19,193,118,111,Running,89
23,190,108,158,Strength,56
54,166,101,153,Running,54
38,187,73,87,Yoga,86
55,165,94,83,Cardio,52
52,194,97,140,Cardio,33
20,185,54,172,Cycling,107
57,184,75,103,Running,109
42,177,113,148,Cardio,113
54,172,76,137,Cardio,61
57,197,53,155,Yoga,37
59,165,72,155,Cycling,93
36,178,90,103,Cardio,91
34,153,110,122,Strength,16
35,197,113,159,HIIT,77
37,197,53,146,Running,111
59,173,59,154,Yoga,61
44,167,73,167,Yoga,43
20,164,68,85,Cycling,12
29,169,111,89,Running,87
55,177,72,110,HIIT,75
23,188,82,179,Cycling,115
44,189,99,165,Running,113
19,169,81,135,Running,49
54,168,85,172,Strength,14
59,166,75,135,Yoga,67
59,175,57,137,Cycling,52
32,154,107,147,Cardio,75
44,181,56,152,Running,109
21,172,108,141,Yoga,116
28,163,89,147,Running,69
52,152,117,84,Cardio,10
24,171,104,161,Yoga,25
19,195,116,113,HIIT,43
52,187,56,134,Running,119
41,180,62,121,Running,77
35,181,65,107,Running,67
50,167,70,127,Strength,21
56,178,94,162,Cardio,72
40,164,93,94,Yoga,62
33,159,104,144,HIIT,27
27,150,113,142,Cardio,87
35,165,110,130,Strength,65
26,185,58,115,Cardio,97
42,166,83,117,Running,108
22,152,75,102,Strength,106
46,188,76,81,Cycling,47
32,185,93,161,Strength,66
26,198,103,141,Strength,104
37,181,115,99,Strength,97
47,199,56,83,Yoga,97
25,154,75,129,Running,98
31,179,88,110,Strength,18
48,166,109,143,Strength,59
41,172,93,115,Cardio,11
52,168,78,156,Running,45
53,156,64,115,Cycling,73
52,154,89,100,Cycling,80
19,196,79,110,Strength,64
19,171,54,120,Yoga,64
47,178,71,170,Cardio,52
42,150,60,96,Yoga,13
27,191,61,90,Yoga,112
47,176,91,117,Cycling,72
18,191,74,92,Running,86
30,191,73,120,Yoga,81
31,183,94,95,Running,102
40,178,83,114,Yoga,41
44,168,103,86,HIIT,12
33,156,76,124,Cycling,43
57,177,66,82,Cycling,82
18,157,55,84,Running,94
58,155,116,132,Running,41
53,164,102,82,HIIT,90
53,160,101,114,Strength,37
26,167,92,148,Yoga,72
18,150,101,149,Yoga,12
31,169,100,170,Running,12
56,179,72,139,Cardio,105
53,159,91,123,Running,74
58,165,117,114,Cardio,61
52,184,100,96,Running,88
56,152,52,111,Cardio,77
20,150,111,107,Strength,107
36,166,107,131,Cardio,10
44,185,62,89,Running,54
20,192,108,85,Running,42
27,172,70,97,Strength,77
37,156,81,159,Cardio,44
57,154,62,168,Yoga,107
54,176,112,89,HIIT,86
32,158,52,134,Yoga,29
18,177,63,88,Cycling,43
46,164,50,87,Running,51
34,195,115,177,Strength,36
56,161,69,106,HIIT,24
34,157,89,109,Cycling,21
28,167,74,171,Cycling,79
18,193,99,161,Cardio,16
22,180,73,169,Yoga,113
55,162,91,83,Yoga,65
59,193,85,160,Cycling,44
39,153,56,134,Cardio,14
33,199,107,159,HIIT,97
30,168,105,124,Yoga,48
34,160,74,177,Cycling,12
20,179,84,160,Running,62
51,163,102,104,Running,114
29,186,79,155,HIIT,90
35,158,67,81,Strength,13
25,165,112,148,Cardio,58
49,189,77,92,HIIT,107
36,183,87,131,Strength,27
39,179,86,179,Cycling,61
45,195,80,148,Yoga,77
45,156,101,160,Yoga,101
23,194,58,101,Running,10
30,165,59,146,Cycling,16
49,178,110,84,Cycling,100
55,196,56,141,Strength,86
58,172,106,165,Running,42
21,155,87,120,Cardio,54
23,161,108,98,Running,19
30,177,56,173,HIIT,54
30,170,93,111,Strength,21
48,166,119,152,Cycling,34
51,181,98,92,Yoga,47
27,167,57,149,Yoga,58
39,182,50,148,HIIT,50
42,189,50,102,Cardio,109
42,193,83,90,Running,78
58,190,99,161,Yoga,40
27,195,85,158,Strength,96
27,185,103,100,Yoga,70
59,168,112,171,Cycling,108
59,182,92,135,Yoga,52
35,186,58,82,Cycling,110
42,187,67,103,Running,56
25,183,78,133,Cycling,111
58,164,58,89,Running,57
38,178,81,141,Yoga,15
39,172,78,130,Cycling,14
29,189,74,113,Strength,47
53,198,88,91,Running,15
42,170,73,116,Cycling,34
24,155,91,153,Yoga,57
21,175,76,140,HIIT,85
46,181,81,117,Yoga,66
55,176,112,93,HIIT,100
35,151,52,147,Strength,25
28,182,88,167,Cycling,106
35,168,92,111,HIIT,10
49,185,81,93,Cycling,53
22,168,108,105,HIIT,47
31,196,111,135,Cycling,115
19,165,75,87,Running,61
53,176,56,174,Yoga,61
31,191,69,116,HIIT,70
29,190,92,166,Cardio,66
52,150,81,153,HIIT,119
56,166,86,157,Running,17
30,196,51,132,Yoga,32
58,178,95,114,Yoga,75
52,156,66,117,Cycling,64
40,151,82,107,Cycling,34
27,174,111,140,Running,100
36,184,81,162,HIIT,90
40,163,75,127,Strength,112
51,198,94,176,Yoga,38
36,182,104,140,HIIT,37
57,178,77,173,Cycling,41
46,173,66,147,Yoga,75
25,193,59,154,HIIT,113
48,158,115,157,HIIT,41
32,198,83,175,Strength,26
56,198,117,130,Strength,15
24,180,112,159,HIIT,64
25,174,76,160,Cardio,18
29,199,67,166,HIIT,119
51,183,98,139,Yoga,110
20,178,108,111,Cycling,51
55,151,112,171,Strength,76
20,178,75,169,Cardio,43
33,184,89,123,Cycling,48
46,155,80,108,Strength,88
30,169,91,162,Yoga,42
34,152,117,128,Strength,30
51,184,58,162,Yoga,74
25,195,93,152,Cardio,43
55,185,96,113,Strength,24
25,163,97,85,Yoga,34
56,162,81,123,Yoga,61
42,189,56,179,Cycling,109
48,167,117,125,Strength,81
36,171,52,124,Yoga,70
23,194,83,168,Cardio,35
32,178,114,171,Strength,62
35,181,61,112,Cardio,59
40,181,86,137,Running,66
50,191,62,128,Cardio,103
19,177,87,164,HIIT,67
48,180,56,101,Cardio,24
19,194,105,139,Running,60
36,192,119,96,Strength,55
45,155,55,177,Yoga,15
39,167,113,161,Cycling,81
32,179,115,157,Running,81
38,150,82,179,HIIT,115
19,195,106,92,Strength,38
57,182,81,92,Yoga,55
38,178,52,142,Running,62
33,167,111,129,Cycling,116
32,172,80,115,Running,70
20,167,69,118,Cardio,38
23,184,83,96,Cardio,60
54,158,98,131,Cycling,72
36,175,89,101,HIIT,27
33,177,85,145,Yoga,69
36,171,71,88,HIIT,46
23,161,69,88,HIIT,27
45,159,118,122,HIIT,65
44,155,59,96,Cycling,63
48,176,81,94,Running,109
50,150,65,156,HIIT,107
19,162,59,121,Strength,67
24,166,105,87,HIIT,102
44,157,50,147,Cardio,95
51,150,76,81,HIIT,55
23,194,82,85,HIIT,16
25,157,110,112,HIIT,75
18,188,93,151,Cardio,80
48,195,103,108,Cardio,106
33,186,88,150,Strength,94
38,190,66,100,Cardio,75
21,189,74,136,Strength,105
23,180,83,171,Yoga,60
24,180,75,127,Running,83
40,180,86,106,Cardio,97
27,181,82,103,Yoga,14
36,165,103,86,Cardio,20
47,198,118,138,Cardio,10
25,199,112,95,Strength,80
52,190,70,117,Cardio,60
53,165,81,116,Strength,77
49,156,98,177,Cardio,46
34,174,66,83,Strength,32
28,160,117,135,Running,99
23,190,70,115,HIIT,29
37,156,58,175,Running,92
26,164,60,152,Cardio,13
56,173,110,113,Running,61
49,165,116,105,Cycling,97
25,187,98,150,HIIT,73
25,173,57,106,Cycling,64
58,188,62,85,Cardio,71
58,187,59,162,Cycling,98
58,150,100,138,Strength,95
18,154,119,91,HIIT,103
50,165,60,143,Strength,39
29,197,109,108,Cycling,110
36,150,73,160,Cycling,101
54,156,119,135,Cardio,103
25,183,95,133,HIIT,16
25,183,89,106,Cycling,38
31,198,98,80,Strength,10
21,190,53,131,Running,22
25,174,63,93,Running,69
31,155,57,160,Strength,72
42,169,98,166,Strength,90
38,155,97,152,Running,16
32,151,66,93,Cardio,70
36,156,94,153,Cardio,60
22,172,98,117,Running,94
23,170,118,127,Cardio,13
46,154,59,131,Strength,93
28,155,89,155,Running,16
44,186,81,93,Cycling,65
54,193,94,160,Yoga,64
38,155,79,94,Strength,80
56,192,107,111,Cycling,37
22,180,73,150,Yoga,111
35,185,98,108,Cycling,113
44,172,93,102,Cycling,116
22,159,76,165,HIIT,99
51,158,71,80,Yoga,102
19,193,72,88,HIIT,101
59,197,112,90,Cycling,104
20,181,50,135,HIIT,106
32,198,62,161,Running,96
47,152,112,177,HIIT,45
47,166,81,82,Yoga,83
24,168,115,165,Strength,94
19,176,52,155,Running,35
18,181,97,165,HIIT,109
36,160,64,144,Cycling,45
49,186,92,97,Running,63
45,164,117,137,Cycling,117
37,190,98,83,Yoga,97
34,151,104,107,Running,42
30,167,117,101,Running,65
41,194,106,113,Running,49
43,158,99,123,Strength,38
30,183,114,154,Cardio,112
53,163,117,86,Running,38
23,181,104,109,Strength,26
30,154,82,173,HIIT,62
32,170,66,132,Cycling,25
34,164,52,161,HIIT,19
40,196,59,155,Cycling,57
24,151,114,137,Strength,82
19,163,90,125,Strength,44
28,198,117,138,Running,90
21,160,89,126,Yoga,63
18,199,107,169,Strength,95
29,150,85,162,Cycling,60
21,164,99,112,Strength,91
23,163,56,94,Cycling,23
44,173,63,92,Cardio,14
43,169,72,134,Running,29
29,150,88,93,Yoga,89
37,163,50,158,Cycling,49
23,181,116,142,Strength,76
49,177,115,83,Running,110
19,162,106,128,Running,119
24,181,95,144,Strength,32
42,150,51,156,Cycling,118
43,168,102,101,HIIT,44
31,169,54,107,HIIT,11
38,158,86,115,HIIT,12
23,156,75,125,Cardio,32
50,193,72,128,Running,116
32,178,70,98,HIIT,35
50,161,55,126,Yoga,20
59,154,58,104,Running,83
32,198,73,140,Yoga,67
38,180,51,175,Cardio,22
22,154,100,156,Cycling,29
50,182,105,123,Cardio,75
41,173,53,133,Strength,104
28,190,117,89,Yoga,115
56,150,88,136,HIIT,113
52,180,111,113,Strength,11
52,165,108,87,HIIT,33
50,196,73,163,Yoga,45
49,155,89,100,Cycling,76
27,154,119,107,Strength,15
34,189,80,122,Cycling,45
46,172,119,175,Yoga,16
22,161,57,130,HIIT,109
18,174,92,164,Cardio,29
21,161,76,134,Cycling,71
51,167,54,103,Cycling,13
51,160,54,82,Running,12
41,171,52,105,Cardio,54
20,155,114,175,Strength,50
49,156,69,168,Cycling,52
36,196,93,86,HIIT,10
29,172,58,152,Strength,117
45,159,78,175,Cardio,25
28,187,99,131,Strength,75
33,170,75,154,Cycling,98
50,157,61,144,Yoga,45
52,151,63,168,Cycling,106
32,162,57,155,Running,83
50,181,72,89,Cycling,41
56,172,117,80,Running,78
41,183,87,158,Cycling,113
54,151,65,160,Strength,84
33,159,86,136,Strength,29
19,169,54,175,Cardio,39
48,159,101,138,Strength,88
53,163,73,92,HIIT,78
55,156,117,169,Running,97
58,154,109,172,Strength,77
34,198,51,151,Cardio,17
48,177,61,144,Yoga,48
57,168,73,136,HIIT,75
20,197,109,174,Yoga,64
49,190,107,99,Yoga,53
22,180,98,129,HIIT,111
42,150,110,125,Yoga,44
47,160,90,81,Cycling,30
30,180,97,91,Strength,39
18,169,118,119,Cardio,60
26,181,66,126,Running,44
59,162,70,121,HIIT,95
30,168,119,88,Running,35
51,161,71,149,Strength,45
35,171,88,157,Yoga,105
46,152,117,156,HIIT,71
42,173,53,154,HIIT,89
53,159,100,104,Cycling,12
36,181,85,104,Cycling,52
45,167,51,120,Cycling,87
55,186,91,167,HIIT,99
53,196,108,147,Strength,73
27,196,52,150,Cardio,79
58,152,60,83,Cycling,16
57,184,62,166,Running,67
47,188,50,119,Cycling,67
26,192,114,93,Running,95
18,184,83,113,Cardio,106
53,177,100,96,Running,66
45,198,79,121,Cycling,29
36,184,72,176,Cycling,34
41,183,93,166,Cardio,57
31,178,83,163,HIIT,38
22,169,106,117,Strength,77
44,184,55,131,Yoga,95
35,184,105,163,Strength,101
44,190,69,108,Cardio,90
33,167,65,130,Strength,90
40,180,86,154,Cardio,105
23,174,74,116,Strength,31
26,198,89,124,Yoga,56
33,181,80,138,Strength,78
43,166,76,174,Yoga,51
19,176,64,146,Cycling,34
49,194,52,123,Strength,12
43,165,105,168,Cardio,85
37,187,77,142,HIIT,51
20,182,90,104,Strength,107
48,155,89,158,HIIT,85
34,167,89,155,Cycling,46
52,152,108,158,Cycling,70
42,181,95,84,Running,76
32,182,86,179,Strength,54
44,164,107,91,Cycling,32
36,150,74,86,Cycling,33
58,174,68,159,Strength,73
31,170,52,153,Strength,45
32,171,90,121,Yoga,105
20,167,112,126,HIIT,11
18,187,79,125,Cycling,118
50,194,118,132,HIIT,116
28,193,56,99,Strength,77
23,169,98,85,Cardio,61
42,194,112,163,Cardio,30
28,173,97,164,HIIT,15
35,153,111,178,Cycling,56
35,166,57,167,HIIT,33
28,192,68,112,HIIT,110
18,186,62,83,Strength,22
49,179,107,127,Running,68
24,151,69,80,Yoga,13
37,151,52,160,Strength,46
38,184,79,139,Cardio,15
49,194,55,115,Yoga,61
23,173,84,179,HIIT,51
47,173,73,107,Cycling,45
43,177,110,141,Strength,92
25,189,83,119,Cardio,73
19,161,100,161,Running,89
20,190,105,106,Cycling,109
34,158,113,110,HIIT,99
39,175,111,163,HIIT,68
52,153,93,118,HIIT,32
53,161,88,116,Cardio,89
31,175,106,151,Cycling,63
32,170,112,178,HIIT,30
46,190,115,84,Running,15
46,157,106,163,Yoga,89
33,178,75,167,Running,41
50,166,92,134,Cycling,19
39,189,119,139,HIIT,102
44,156,110,87,HIIT,111
19,184,81,176,Cardio,84
37,185,78,179,Cycling,58
32,186,64,166,Yoga,53
38,178,95,144,Cycling,13
52,170,73,88,Running,114
20,191,99,131,Strength,34
46,182,84,104,Cycling,80
52,154,75,157,Strength,47
22,173,96,81,Cardio,53
56,199,102,140,Yoga,13
27,180,72,131,Strength,102
25,170,117,99,Cardio,36
29,165,119,109,Yoga,65
48,178,61,80,Yoga,91
44,190,111,178,Strength,57
42,164,102,137,HIIT,18
48,167,65,90,Cardio,17
19,171,89,105,Cardio,13
22,160,81,101,Yoga,37
27,175,105,137,Running,104
34,170,73,167,Yoga,89
37,158,77,155,Running,102
43,166,103,139,Cardio,32
20,196,102,105,Yoga,111
31,193,109,149,Running,79
50,194,93,101,Strength,115
30,187,62,165,Cardio,10
43,172,105,81,HIIT,82
51,199,110,84,Running,48
24,193,55,175,HIIT,27
35,183,104,117,HIIT,24
36,150,106,149,Strength,88
41,168,90,138,Strength,114
52,197,58,115,Cardio,97
27,180,63,123,HIIT,99
28,180,114,112,Running,25
20,189,91,102,Cycling,117
29,172,87,113,Strength,78
39,167,75,138,Cycling,39
37,164,65,170,Yoga,70
47,197,76,161,Cycling,112
30,162,88,166,Strength,54
46,174,99,147,HIIT,63
31,160,51,118,Cardio,38
55,191,81,97,Cardio,100
36,154,54,170,Running,66
43,189,66,101,Strength,80
41,181,113,87,HIIT,89
36,172,58,118,Strength,91
37,176,99,150,Cardio,52
40,156,83,112,Cycling,79
42,180,83,165,Cycling,98
34,178,87,107,Cardio,109
53,172,107,106,HIIT,104
49,189,112,115,Yoga,43
53,188,75,114,Yoga,97
34,177,104,138,Cardio,102
30,197,119,99,Cycling,41
57,158,67,118,HIIT,19
48,197,53,153,Yoga,81
51,169,60,163,Running,94
41,151,90,86,HIIT,21
41,168,57,85,Cardio,95
54,157,99,82,Running,78
27,171,55,120,Strength,61
38,171,81,171,Strength,93
43,192,63,134,Strength,93
48,190,65,169,Cardio,29
42,199,110,101,Cardio,55
40,170,68,110,Cardio,59
42,183,111,125,Yoga,52
44,160,78,111,Cycling,99
58,189,73,151,Yoga,26
27,191,92,167,Running,19
23,160,59,163,Running,11
46,198,71,106,HIIT,70
20,198,113,160,Running,88
55,184,50,90,Strength,24
41,171,57,119,Cardio,87
53,182,62,92,Running,55
43,185,93,123,Cardio,93
54,154,103,126,Cycling,92
24,190,96,139,Running,21
54,164,106,131,Strength,70
39,190,87,97,Running,41
54,150,84,94,Yoga,26
39,162,50,162,Strength,21
46,181,108,144,Cycling,93
21,180,103,123,HIIT,61
36,185,100,149,Yoga,73
50,176,61,127,Strength,39
35,161,67,118,Cycling,117
58,192,116,106,Cycling,84
43,161,103,143,Cardio,84
20,161,94,167,Cycling,72
45,190,101,134,Running,40
39,199,99,81,HIIT,75
31,151,114,132,Cycling,108
43,161,113,174,HIIT,59
22,172,98,139,Strength,83
23,191,86,144,HIIT,76
56,164,113,130,HIIT,18
33,185,67,167,Running,61
38,169,60,137,Cycling,69
31,166,79,164,Strength,92
36,195,86,179,Strength,49
38,174,65,113,Yoga,107
50,172,58,87,HIIT,40
29,186,119,95,Running,111
48,187,86,125,Running,109
26,198,102,123,Yoga,108
48,170,68,136,Running,51
40,184,92,169,Running,30
18,151,110,143,HIIT,68
46,159,119,160,Cycling,15
36,197,78,100,Cardio,30
56,159,68,156,Running,111
52,194,65,91,Yoga,114
33,193,99,83,Cardio,18
21,196,105,116,Cardio,95
57,171,65,155,Yoga,102
41,163,109,173,Strength,46
44,166,57,143,Cardio,56
56,176,105,160,Running,107
58,169,72,97,Cycling,32
49,198,72,139,Cardio,41
20,161,51,159,Cycling,39
26,151,66,136,HIIT,81
56,182,68,95,Running,36
30,166,81,170,Yoga,92
35,157,94,145,HIIT,11
18,184,68,81,Yoga,36
40,176,95,135,Cycling,117
27,171,88,130,HIIT,40
34,181,117,158,HIIT,76
46,177,117,148,Yoga,64
59,155,95,171,Cardio,48
39,182,116,130,Strength,111
39,196,92,83,Strength,71
28,155,57,104,Yoga,13
22,177,86,94,Cardio,92
37,179,83,103,HIIT,113
22,196,88,124,Running,23
40,172,90,111,HIIT,99
45,189,104,138,Running,92
58,165,85,137,Yoga,55
32,152,96,96,Strength,26
32,165,93,85,HIIT,43
25,184,63,142,Running,15
46,155,114,118,Running,86
30,193,50,130,Yoga,53
51,193,66,92,Strength,28
38,161,71,115,Strength,54
56,155,59,169,Cycling,19
44,172,54,122,HIIT,113
21,181,82,134,Running,89
37,174,57,100,Cycling,94
27,158,95,147,Yoga,115
31,164,104,102,Cardio,35
43,175,83,103,Strength,49
44,158,94,97,Running,89
38,196,102,108,Cycling,19
56,175,90,172,Cycling,62
26,179,89,144,Cycling,115
21,178,52,169,Cardio,37
54,167,85,123,Running,66
43,159,61,95,Cycling,96
53,182,95,158,Running,96
24,175,96,177,Strength,103
40,179,102,107,HIIT,61
18,186,95,172,Cardio,24
52,174,96,108,Cycling,67
51,176,50,101,Running,61
57,176,99,127,Running,91
36,152,85,121,Strength,104
58,153,113,110,Strength,115
46,176,55,89,Strength,66
47,193,114,174,Strength,27
48,192,104,80,HIIT,71
52,188,107,146,Running,96
55,192,100,162,Cycling,74
49,159,63,95,Strength,27
44,168,116,156,Strength,82
30,179,82,109,Running,44
39,197,108,160,Running,103
49,186,95,146,Yoga,77
19,190,72,163,Yoga,17
39,189,60,175,Running,20
46,155,79,173,Cardio,29
21,186,116,134,Running,102
56,182,64,81,Strength,112
31,169,106,165,Yoga,71
30,159,102,157,Strength,28
27,150,118,104,Strength,23
21,150,74,100,Yoga,116
47,168,59,130,Cardio,51
25,179,63,113,Strength,33
26,170,66,94,HIIT,72
40,184,80,113,Running,27
26,159,57,138,Yoga,87
49,182,114,108,Cardio,77
56,172,60,155,Strength,87
23,181,119,99,Strength,47
54,158,74,99,Strength,71
47,184,80,124,Yoga,35
36,187,116,139,Cycling,72
53,173,100,82,Running,48
38,196,53,132,Strength,103
24,193,98,125,Cardio,51
37,151,119,171,Running,37
35,174,107,126,Running,56
49,158,87,111,HIIT,14
43,181,93,94,Running,74
19,182,84,124,HIIT,33
26,169,87,90,Cycling,117
26,159,95,129,Strength,40
31,189,71,80,Cycling,46
18,176,82,98,Yoga,92
29,199,119,80,Running,18
55,150,95,107,Running,77
35,190,113,114,Yoga,10
53,166,96,100,Yoga,35
54,152,72,158,Strength,58
47,190,84,88,Yoga,15
55,168,54,148,Strength,61
52,159,84,85,Cycling,99
45,154,100,123,Strength,94
54,176,68,129,Yoga,13
25,195,97,160,Cycling,21
31,199,63,135,Running,115
53,165,116,111,HIIT,36
53,163,79,128,Strength,113
42,174,77,163,HIIT,53
45,197,108,86,Cardio,30
18,153,83,140,HIIT,87
49,199,55,174,HIIT,36
47,153,56,83,Cycling,60
35,184,117,141,Cardio,80
55,182,81,142,Cycling,66
35,194,51,134,Cardio,75
39,172,97,118,HIIT,55
42,178,109,146,HIIT,48
47,165,60,124,HIIT,105
21,154,116,90,Cycling,82
36,177,88,108,Yoga,79
42,195,76,137,Cycling,109
24,174,102,129,Cycling,87
53,171,108,136,Cycling,62
48,193,90,83,Cardio,89
46,168,112,160,Yoga,116
30,197,65,104,Running,60
18,161,60,131,Cardio,45
48,152,59,170,Cardio,67
34,156,54,167,Running,17
45,169,79,103,Cardio,30
39,193,118,175,Strength,60
22,197,94,91,Yoga,35
19,194,108,110,Yoga,15
46,191,59,98,Strength,45
30,171,108,80,Running,43
20,187,99,161,HIIT,39
35,168,119,98,Yoga,71
56,175,90,94,HIIT,64
37,187,106,83,Yoga,106
34,163,116,95,Cycling,38
31,176,109,178,Cycling,12
29,191,65,172,Yoga,119
40,167,66,105,HIIT,94
56,155,82,110,Yoga,19
41,155,111,148,Running,92
43,193,86,152,Cycling,77
35,161,73,162,Cardio,82
24,179,100,156,Cycling,105
33,158,79,136,Running,86
25,174,56,131,Strength,51
38,186,68,127,HIIT,79
57,166,79,98,HIIT,103
50,165,107,157,Running,39
42,158,101,132,Yoga,31
53,181,108,166,Strength,97
43,154,109,136,Cycling,99
36,190,114,164,Cardio,26
22,159,65,153,Running,79
41,150,93,88,Strength,69
46,167,60,170,Strength,90
50,176,114,161,Cardio,88
41,193,110,160,Cycling,72
35,152,57,89,Yoga,51
39,197,78,100,Strength,60
50,181,67,178,Cardio,82
34,172,61,132,Cardio,112
33,157,114,86,Cardio,37
47,186,118,136,Strength,59
46,187,111,155,Cardio,76
44,191,60,110,Cycling,94
22,163,110,169,HIIT,66
30,194,61,86,Cycling,22
46,174,85,111,HIIT,11
34,176,107,143,Cycling,45
32,169,66,175,HIIT,16
30,176,76,94,Yoga,49
57,188,71,151,HIIT,97
27,198,76,81,Strength,57
56,166,92,155,HIIT,77
18,171,72,102,Cycling,95
42,197,72,175,Cardio,69
22,152,101,170,Strength,67
20,175,111,115,Cardio,10
53,153,90,106,Yoga,30
20,193,117,169,Cycling,85
52,166,93,163,Strength,103
23,199,101,122,Yoga,78
47,184,79,100,Yoga,78
37,150,75,170,Cycling,112
47,152,65,124,HIIT,62
19,152,92,161,Yoga,100
50,151,57,163,Yoga,13
45,157,64,159,Cardio,65
54,156,88,109,HIIT,105
34,163,90,146,Strength,19
50,158,119,125,Yoga,91
28,162,85,165,Cycling,106
39,170,94,115,Strength,53
18,154,50,145,Yoga,14
26,197,62,134,HIIT,66
59,186,69,124,Running,14
42,152,112,130,HIIT,14
55,152,79,98,Strength,29
58,184,99,103,Strength,64
18,175,75,160,Cycling,37
48,181,58,97,Strength,78
43,150,61,113,Strength,43
46,178,69,134,HIIT,114
39,189,67,99,Running,105
45,186,92,169,Running,65
26,175,86,142,Cardio,47
35,179,54,109,Strength,11
33,161,91,102,HIIT,21
48,158,110,127,Strength,32
28,161,92,149,Cycling,46
56,156,107,159,Strength,91
29,168,85,117,HIIT,112
44,189,81,140,Cycling,111
27,155,60,151,Strength,117
21,189,108,170,HIIT,81
27,159,94,104,Cycling,82
29,189,64,134,Yoga,102
50,174,83,165,HIIT,57
18,164,69,130,Yoga,104
23,199,115,176,Strength,95
22,195,98,95,Cardio,26
36,173,66,104,Running,51
49,172,118,128,Cycling,112
18,170,65,117,HIIT,84
46,163,99,155,Cycling,38
48,154,109,87,Strength,94
18,177,88,137,Yoga,108
45,167,54,167,Cycling,27
22,187,110,97,Strength,78
41,198,85,84,Cardio,19
46,175,96,109,Cycling,86
41,189,88,107,Strength,17
56,191,116,111,Running,89
41,178,94,109,Running,52
21,158,87,102,Running,21
49,195,55,87,Yoga,23
54,184,66,136,Cardio,67
22,150,105,124,Running,101
57,194,115,98,Cardio,59
58,199,79,123,Running,13
54,171,66,109,Cardio,65
23,162,82,164,Cardio,34
43,150,104,153,Cardio,42
53,166,118,172,Cycling,76
24,156,50,117,Strength,25
57,171,108,100,Strength,86
21,172,88,174,Cycling,42
37,157,71,115,HIIT,23
56,199,87,97,Cycling,67
43,160,71,106,Yoga,109
31,156,67,92,Strength,51
41,157,79,89,HIIT,66
23,169,102,101,Yoga,10
39,176,66,110,Running,43
58,165,86,179,Cycling,61
56,171,58,103,Running,34
58,150,63,171,Yoga,85
23,170,75,110,HIIT,65
45,195,106,106,Cardio,103
43,197,109,162,Cardio,82
52,167,114,135,Cycling,45
34,184,79,80,Strength,85
27,190,107,171,Running,19
32,188,74,92,Running,43
59,162,66,166,Cycling,36
42,159,90,153,Yoga,98
33,177,75,172,Cardio,19
34,187,64,173,HIIT,78
30,165,100,90,Yoga,27
38,167,89,82,Cardio,13
31,190,67,138,Cycling,33
43,178,118,100,Cardio,24
47,169,100,91,HIIT,71
56,184,69,116,Cardio,118
51,173,90,145,Yoga,19
51,177,70,113,Cycling,15
50,166,87,161,Cardio,30
47,161,62,178,HIIT,18
35,159,88,137,Cycling,45
32,193,85,121,Strength,38
42,164,82,130,HIIT,109
28,173,98,104,Cycling,115
29,159,100,152,Cardio,102
37,193,109,152,Cardio,38
52,176,111,140,Strength,14
36,171,72,151,Running,38
42,190,94,167,Yoga,92
28,155,66,164,Cycling,88
19,162,109,110,HIIT,65
41,152,82,128,Strength,34
20,156,100,152,Cycling,114
44,189,92,92,Cycling,89
36,189,100,83,Cardio,68
25,154,72,127,Cycling,71
44,187,59,90,HIIT,60
31,158,65,127,HIIT,19
48,182,50,136,Cycling,84
21,191,99,157,Running,112
49,163,103,123,Cardio,100
38,189,112,157,Running,85
40,194,118,104,Cycling,91
30,184,82,89,Cardio,27
18,164,70,155,Cycling,96
19,152,90,151,Yoga,86
43,193,105,112,HIIT,40
28,195,103,140,Cycling,34
21,172,102,124,Running,101
19,156,106,119,Yoga,11
45,181,95,106,Cycling,109
19,157,66,151,Strength,51
40,157,104,132,Strength,54
37,157,55,139,Cycling,115
42,156,117,82,Running,34
59,193,57,172,Running,98
55,191,83,114,Cardio,118
19,184,56,117,Cycling,116
29,189,87,112,HIIT,72
25,182,106,81,Strength,80
46,177,68,169,Strength,109
45,164,83,103,Yoga,31
28,176,60,135,Yoga,12
29,185,50,87,Cardio,14
47,191,51,153,HIIT,74
49,196,84,154,Running,118
38,167,65,80,Cycling,114
42,162,97,152,HIIT,60
57,197,109,172,Cardio,107
30,156,52,120,Cardio,63
48,180,60,104,Yoga,25
56,194,95,93,Yoga,52
57,195,67,137,HIIT,92
20,188,116,137,Cardio,61
19,175,111,121,HIIT,12
56,152,82,88,Cardio,112
42,155,106,165,Cycling,16
32,198,108,153,Cycling,29
54,175,85,103,HIIT,67
36,199,103,137,Cycling,40
50,166,110,170,Running,59
28,155,118,102,Yoga,117
40,165,113,93,Yoga,56
35,186,100,159,Cycling,16
47,183,101,115,Strength,113
36,163,57,94,Cardio,18
48,186,86,81,HIIT,82
39,184,60,95,Cycling,42
54,184,103,175,Cycling,49
24,155,95,160,Strength,24
54,185,99,113,Strength,71
22,155,83,104,Cycling,66
45,167,89,141,Cycling,69
52,196,78,164,Cycling,38
34,150,72,163,Running,98
33,190,86,130,Cycling,104
21,176,68,147,Running,12
19,170,82,171,Yoga,15
40,177,74,97,Cardio,101
26,159,118,95,Cycling,92
46,171,62,93,Cycling,71
20,185,79,145,Running,23
44,161,96,81,Yoga,72
40,160,108,115,Cycling,26
35,199,91,163,Yoga,115
52,167,60,144,Cycling,79
42,175,65,158,Cycling,82
59,178,115,164,HIIT,103
19,172,71,99,Cardio,106
39,186,70,166,Strength,46
23,196,91,108,Cardio,57
36,171,92,163,Cycling,105
22,187,63,168,Strength,17
37,176,50,132,Cardio,109
43,152,98,86,Yoga,23
53,175,77,132,Cycling,52
30,151,118,155,Yoga,77
37,171,63,136,Strength,56
38,168,106,82,Cycling,43
36,173,112,128,Yoga,19
24,184,95,151,Running,87
37,178,69,137,Cardio,39
48,170,101,88,Strength,69
40,172,54,158,Cycling,114
37,187,53,156,Running,107
36,185,86,97,Yoga,61
29,197,108,108,Cycling,12
55,184,97,152,Cycling,17
29,170,102,167,HIIT,30
59,186,115,94,Cycling,40
44,182,108,103,Cycling,51
45,178,58,169,HIIT,85
18,194,119,133,Strength,53
49,151,104,141,Yoga,10
37,171,60,125,Cycling,10
24,197,55,131,Yoga,119
21,179,90,98,Cardio,87
58,154,104,176,Cycling,71
41,170,95,146,Cycling,29
54,189,72,165,Cardio,104
25,158,54,125,Yoga,75
45,158,84,168,Cardio,45
44,184,89,150,Strength,53
40,199,77,106,HIIT,65
58,172,50,120,Cardio,55
34,179,108,111,Running,50
58,151,114,175,Cardio,83
22,189,58,121,Yoga,63
36,199,100,176,HIIT,102
48,150,99,135,Strength,58
41,168,90,153,Yoga,74
22,183,86,136,Cycling,72
56,163,74,90,Yoga,94
32,183,110,139,Strength,46
33,182,119,122,Running,82
35,199,62,123,Cycling,49
55,159,95,103,HIIT,91
59,164,102,152,Cardio,78
47,151,109,113,HIIT,84
45,167,119,135,Yoga,100
37,199,50,178,Yoga,86
50,178,116,171,Strength,88
28,160,50,103,HIIT,15
41,166,76,129,Running,15
31,151,102,116,Cycling,39
35,161,79,177,Yoga,28
58,186,108,104,Cardio,22
19,171,52,111,Cardio,66
37,155,104,133,Running,30
44,160,74,107,Cycling,28
39,172,77,170,Yoga,70
45,188,106,112,Cycling,32
29,167,110,179,Strength,44
22,197,100,152,Yoga,97
46,181,84,132,Cycling,64
43,192,83,109,Cardio,106
45,185,54,99,HIIT,68
30,171,78,97,Running,67
55,166,95,154,Running,94
47,168,60,157,Strength,25
29,173,83,135,HIIT,99
42,173,85,177,Cycling,83
55,156,110,140,Strength,106
32,179,113,158,HIIT,54
44,158,104,176,HIIT,45
52,172,108,99,Running,33
59,155,82,145,Yoga,35
52,185,60,130,Yoga,27
40,186,72,167,Strength,18
25,155,96,173,Cardio,36
29,159,66,115,HIIT,63
42,160,78,135,Yoga,94
59,183,110,133,Running,118
22,161,107,168,Running,18
55,178,53,101,Cardio,26
23,182,58,143,HIIT,99
28,168,50,132,Cycling,19
28,152,88,147,Strength,43
25,169,84,124,HIIT,91
49,195,100,157,Cycling,26
54,187,73,147,Cycling,61
25,191,75,159,Yoga,84
57,183,64,137,HIIT,63
52,165,66,87,Cycling,38
56,171,53,154,Strength,34
51,192,69,174,Running,55
40,198,98,163,Cardio,85
46,174,107,107,Cardio,39
28,193,58,147,Yoga,31
41,152,50,127,Yoga,10
39,198,62,99,HIIT,96
54,161,58,125,Running,41
24,186,84,139,Running,65
48,172,112,80,HIIT,100
30,199,112,152,Strength,86
22,150,61,142,Cardio,61
46,197,117,96,HIIT,11
39,156,99,138,Yoga,49
34,164,112,87,Running,77
39,199,73,81,Strength,11
56,190,102,143,Running,87
42,180,88,114,HIIT,80
39,166,50,85,Cardio,64
20,184,54,112,Cardio,57
58,181,111,164,Cardio,81
41,193,78,96,Running,101
48,183,104,155,Cycling,106
33,170,93,167,Cardio,101
35,156,90,103,Running,92
44,151,110,115,Cardio,77
53,183,100,98,HIIT,59
32,151,56,149,HIIT,104
46,186,82,86,Strength,100
18,151,118,115,Running,30
31,179,84,173,Yoga,97
57,194,78,140,HIIT,95
49,177,84,101,Cardio,46
31,154,61,153,Cycling,36
23,154,91,111,Cycling,14
37,184,87,141,Cardio,103
41,175,104,146,Cycling,104
47,172,67,150,Strength,24
49,172,51,96,Cardio,108
26,166,54,91,Cycling,55
46,171,79,93,Cardio,35
30,167,54,102,Yoga,99
26,186,102,145,Cycling,49
18,167,90,137,HIIT,82
35,167,108,91,Strength,78
58,165,52,132,HIIT,77
18,198,92,122,Strength,96
30,174,110,94,Running,43
51,151,119,145,Cycling,74
47,163,75,168,Strength,48
29,189,58,126,Yoga,87
29,156,113,84,Yoga,35
57,155,78,168,Running,70
35,193,81,101,Running,111
40,194,60,155,HIIT,92
52,183,95,178,Strength,63
38,185,63,146,Cardio,60
25,160,55,155,Strength,87
49,175,91,118,Strength,75
56,155,53,88,Cycling,27
26,194,77,173,Yoga,48
26,174,64,109,Cycling,32
39,178,65,177,Cycling,35
59,187,58,138,Strength,105
49,169,53,118,Strength,108
39,176,113,114,Cardio,60
55,192,57,98,Yoga,84
28,183,65,90,HIIT,79
41,161,73,110,Strength,87
50,182,70,152,HIIT,15
33,181,65,136,Cardio,102
57,161,59,152,Cycling,101
47,150,80,177,Cardio,39
36,152,71,113,HIIT,19
50,184,91,136,Cycling,29
46,199,57,129,Running,16
57,188,90,114,Cardio,100
34,182,91,96,Cycling,97
53,188,56,161,Yoga,80
48,150,66,122,Cycling,70
23,177,99,114,Strength,73
25,155,88,168,Cycling,98
54,175,92,155,HIIT,52
51,174,85,162,Cycling,101
47,153,74,89,HIIT,46
46,163,56,92,Strength,96
41,181,87,163,HIIT,79
38,185,64,88,Strength,100
28,191,95,175,Strength,81
27,174,64,116,Strength,71
28,180,119,175,HIIT,24
40,184,113,171,Strength,36
55,151,50,149,Cycling,99
23,154,54,123,Cycling,21
50,182,85,102,Cardio,103
43,180,99,149,HIIT,29
31,191,91,152,Yoga,55
25,157,65,145,Running,83
19,192,118,164,Cycling,111
41,153,63,168,Cycling,118
43,183,53,161,Strength,58
28,169,54,84,Cardio,70
43,164,72,141,Yoga,99
30,159,106,163,HIIT,12
25,171,69,160,Yoga,69
28,175,79,114,Yoga,21
19,164,101,174,HIIT,94
37,175,98,105,Strength,64
32,199,69,149,Cardio,89
40,162,103,150,Running,72
53,160,92,157,Cycling,75
40,150,70,164,Cardio,63
36,157,78,90,Running,19
40,176,63,116,HIIT,60
41,181,74,81,Strength,117
33,175,87,158,Yoga,12
18,197,56,101,Cardio,97
22,152,89,153,Cycling,17
21,195,57,98,Yoga,16
18,192,88,107,Cycling,78
18,192,85,91,HIIT,56
50,171,109,141,Strength,79
50,181,53,90,Yoga,41
27,192,52,179,Running,63
59,178,63,124,Running,106
19,161,74,110,Running,91
40,160,94,105,Cardio,118
18,199,51,114,HIIT,17
57,168,88,80,Cycling,16
41,193,92,80,Cycling,28
23,169,53,156,Running,21
46,191,72,163,Running,97
31,169,107,93,Cardio,55
36,152,106,138,Yoga,48
43,197,52,123,Running,108
51,186,90,151,HIIT,93
44,154,50,81,Cycling,73
33,184,78,106,Running,15
32,161,54,101,Strength,65
26,188,109,90,Running,102
51,181,105,127,Running,42
28,176,85,147,Yoga,78
31,164,83,126,Yoga,32
57,187,110,154,Cardio,22
33,177,66,112,Cycling,60
35,166,79,99,Strength,43
55,186,110,126,Cycling,40
22,155,80,147,HIIT,109
30,151,114,179,Cycling,55
53,168,90,164,HIIT,21
23,198,90,133,Running,56
58,168,110,80,HIIT,85
58,175,84,175,Running,67
59,185,51,157,Cardio,66
21,187,82,127,Yoga,27
57,177,80,91,HIIT,89
47,173,90,175,Running,25
48,172,93,122,Yoga,25
45,165,83,101,Cycling,21
25,179,85,103,Cycling,81
43,174,61,134,Cardio,40
56,163,86,157,Cycling,25
27,159,76,165,Cycling,115
19,172,50,103,Yoga,62
43,160,116,178,Cycling,85
55,195,117,83,Yoga,60
31,191,73,174,Cardio,35
36,176,72,153,Yoga,89
32,151,101,92,Yoga,88
49,177,109,103,Cardio,62
24,152,56,97,HIIT,116
44,154,55,166,Strength,34
46,150,103,106,Running,12
34,192,75,135,Running,25
40,156,106,83,Cycling,39
48,150,91,116,Running,119
45,175,87,172,Running,85
24,199,84,106,Cardio,15
41,168,81,154,Cardio,27
22,174,104,133,Running,85
43,151,97,104,Strength,92
27,168,55,148,Cycling,30
47,199,73,131,Running,58
32,193,105,110,Running,17
37,182,87,149,Strength,116
44,161,116,88,HIIT,102
33,167,107,91,HIIT,18
35,196,65,124,HIIT,21
53,195,87,154,HIIT,108
59,158,66,131,Cycling,42
45,191,57,148,Strength,64
30,175,57,126,Strength,62
36,161,72,82,Cardio,21
59,151,72,136,Cardio,81
25,151,107,104,Running,88
48,170,104,113,Strength,39
52,155,103,119,Cardio,83
46,169,91,132,Cardio,114
44,176,81,104,Cycling,49
48,160,67,134,HIIT,64
44,151,81,151,Running,101
56,152,85,163,Yoga,37
36,166,69,162,Yoga,23
34,155,102,120,Running,15
37,182,80,102,Running,103
55,191,92,161,Yoga,79
18,153,91,103,Cardio,10
57,183,88,84,Strength,99
46,156,62,128,Running,83
19,192,58,133,Yoga,63
37,168,112,113,Running,91
49,150,114,135,Strength,71
40,154,105,141,Yoga,77
40,183,74,131,Strength,66
52,175,67,168,Yoga,75
21,161,94,80,Cardio,105
52,182,110,123,Strength,25
56,178,78,83,Strength,49
24,184,63,112,HIIT,90
42,153,118,101,Cardio,94
42,161,79,177,Cardio,81
39,187,100,124,HIIT,81
42,185,52,92,Running,64
29,196,78,138,Yoga,93
53,161,88,107,Yoga,35
30,152,56,171,Cycling,33
21,176,65,84,Running,17
54,196,70,158,HIIT,54
31,150,55,97,Strength,44
42,186,68,111,Cardio,119
49,178,98,100,Yoga,86
34,164,101,132,Cardio,67
27,172,95,90,Running,41
19,160,69,116,Cycling,39
22,182,108,139,Running,34
57,171,97,93,Cardio,63
45,153,116,105,Cycling,49
31,184,51,109,Cycling,87
53,188,77,97,HIIT,55
34,158,79,173,Yoga,31
31,178,93,82,HIIT,76
28,151,58,81,HIIT,71
18,158,97,98,HIIT,112
49,178,52,98,HIIT,47
20,192,83,107,Cycling,99
46,198,71,158,Running,25
47,194,95,137,Cycling,19
27,185,82,93,Strength,64
48,184,84,147,Cardio,52
26,189,119,90,Cardio,71
18,173,71,164,Cycling,55
44,182,111,114,Yoga,74
34,193,70,167,Running,63
33,180,84,139,Yoga,19
59,172,56,84,Strength,15
30,199,62,104,Cardio,18
46,153,109,137,Cardio,114
29,172,72,149,HIIT,83
56,182,108,155,Running,44
53,170,59,165,Cycling,108
44,162,88,174,Strength,70
22,166,119,89,HIIT,103
58,170,116,98,Yoga,69
41,156,108,106,Strength,16
36,170,109,153,HIIT,91
53,163,90,124,Running,51
56,171,100,135,HIIT,50
43,150,91,87,Cycling,107
42,180,78,168,Strength,70
42,179,62,105,Running,29
42,199,61,124,HIIT,103
18,178,60,128,Yoga,28
47,176,111,121,Yoga,90
43,163,101,133,Yoga,88
30,172,98,107,Running,119
50,193,107,149,Strength,69
48,192,73,123,Running,80
58,161,97,89,Strength,119
56,171,82,126,Strength,100
47,167,106,99,Cycling,31
43,154,74,80,Yoga,105
25,185,95,178,HIIT,86
59,175,109,145,HIIT,117
47,191,89,125,Strength,111
33,177,118,96,Running,20
45,188,71,178,Cardio,54
42,179,100,106,Cardio,26
25,167,63,148,HIIT,21
46,173,119,92,Cardio,45
26,163,109,89,Strength,20
50,171,90,91,Cycling,47
23,167,84,161,Yoga,46
42,172,99,114,Cycling,69
18,191,80,153,Strength,75
58,185,58,174,HIIT,46
33,164,109,151,Yoga,118
21,175,112,125,Strength,38
39,197,62,140,Cardio,35
25,194,54,142,HIIT,42
40,158,90,155,Cardio,28
40,172,74,163,HIIT,50
47,192,67,166,Strength,25
53,155,108,169,Yoga,95
19,192,57,97,Running,117
29,157,113,145,Cardio,17
28,181,101,121,Running,61
50,183,103,87,Running,25
28,188,52,169,Yoga,114
46,180,89,146,Cardio,115
19,191,69,106,Strength,17
20,161,68,152,Strength,98
29,167,63,134,Strength,48
22,189,87,101,Strength,20
24,156,81,138,Cycling,81
31,183,108,88,HIIT,99
27,194,114,129,Cycling,37
22,173,101,166,Cardio,116
25,184,74,136,HIIT,38
47,156,63,141,Running,101
32,180,102,128,Strength,40
41,191,97,141,Cardio,110
55,172,82,101,Running,109
43,170,87,125,Yoga,21
18,180,80,122,Yoga,94
39,160,93,176,Yoga,44
45,190,53,159,Cardio,99
37,151,114,175,Running,88
20,166,81,97,HIIT,58
50,154,64,127,Strength,109
40,181,62,152,Running,112
34,172,70,119,Strength,15
19,152,86,121,Running,72
36,178,86,142,Strength,27
45,173,62,144,Strength,70
44,168,70,113,Yoga,77
20,196,83,155,Cycling,112
31,170,76,94,Strength,55
40,181,85,93,Cycling,30
35,194,67,166,HIIT,116
36,176,116,161,Strength,10
49,171,108,108,Running,89
29,181,75,165,Yoga,57
43,184,99,97,Running,76
30,153,99,161,Cycling,19
19,153,93,101,Running,35
37,189,57,145,Strength,97
50,193,93,153,Running,90
33,153,86,139,Cardio,68
19,155,81,153,Yoga,71
39,174,100,141,Cardio,116
29,192,118,176,Yoga,34
30,197,110,155,Strength,44
53,180,91,177,Cycling,84
24,174,73,110,Strength,11
41,169,96,156,HIIT,101
57,184,71,107,Cycling,22
20,193,110,125,Cycling,38
21,197,59,127,HIIT,73
57,188,108,176,Strength,32
57,188,54,121,Running,74
20,162,63,160,Cardio,111
47,162,102,164,Running,20
42,153,64,96,Yoga,81
38,173,118,100,Strength,94
35,198,76,177,Yoga,85
55,192,107,91,Running,26
34,184,69,84,Yoga,44
23,194,93,98,HIIT,68
35,165,114,121,Cycling,95
54,151,110,101,HIIT,55
32,174,54,150,Cycling,74
26,165,73,121,Cycling,76
22,152,66,165,HIIT,51
59,178,71,145,Yoga,77
36,179,107,104,Yoga,72
49,172,98,173,Cycling,71
48,169,64,144,Cycling,16
54,177,55,179,Cardio,112
44,154,111,167,Cycling,71
38,171,93,130,Cycling,68
53,155,111,123,Running,116
46,198,84,165,Strength,74
36,179,56,150,Cardio,12
52,165,81,112,Cardio,68
29,197,79,159,Cycling,101
33,158,60,177,Running,45
50,180,71,153,Cardio,90
37,199,102,166,Yoga,94
41,160,95,109,Cardio,27
31,190,108,151,Strength,117
50,160,105,151,Cycling,11
30,182,58,136,HIIT,88
51,196,107,174,Cardio,16
52,174,74,98,Cycling,24
34,182,70,108,Cardio,12
50,151,110,149,HIIT,84
25,192,85,130,Cardio,50
34,171,104,138,Cycling,50
53,156,89,168,Yoga,96
55,186,109,160,Cardio,52
39,189,115,94,Yoga,76
34,162,80,84,Strength,22
57,171,92,170,Yoga,32
34,175,106,112,Strength,35
45,171,64,113,Cardio,88
45,193,109,108,Yoga,117
51,178,92,114,Cycling,70
40,158,67,153,Cardio,59
53,159,54,129,Cardio,71
38,166,70,118,Yoga,50
53,151,105,89,Yoga,61
22,164,59,143,Yoga,91
20,156,93,139,Cycling,20
34,166,109,152,Strength,66
38,155,119,175,Cardio,88
56,164,96,161,Cycling,23
31,184,99,127,Cycling,29
26,173,58,104,Cycling,41
48,165,96,152,HIIT,28
54,187,101,86,HIIT,82
40,190,117,83,Cycling,58
21,181,66,140,Cycling,76
57,189,103,124,Cycling,107
22,163,52,174,Cardio,70
49,195,91,120,Strength,38
35,189,103,119,Cycling,40
38,188,118,110,Running,85
38,185,95,139,Running,72
57,198,101,149,Cardio,115
37,170,75,157,HIIT,109
47,193,87,177,Strength,51
20,172,63,146,HIIT,21
33,169,74,95,Cycling,101
55,176,105,91,Running,23
48,173,99,140,Yoga,22
29,179,77,86,Running,59
40,194,95,155,Yoga,83
34,173,55,170,Cardio,107
28,171,114,134,HIIT,48
21,179,87,149,HIIT,66
35,189,96,154,Cycling,113
52,152,97,128,Cycling,50
56,162,97,141,Running,41
55,183,118,108,Cardio,46
51,183,86,143,Yoga,48
23,181,98,129,Cardio,86
21,152,78,136,Yoga,85
54,195,57,161,Yoga,57
30,171,109,86,Cycling,38
28,178,70,108,Cardio,20
33,189,65,117,Running,115
49,158,105,125,Cardio,15
57,162,73,110,Cycling,11
46,165,75,82,Running,10
45,162,54,104,HIIT,109
37,169,64,152,Strength,59
57,199,110,154,Yoga,20
57,167,59,155,Running,33
59,165,56,120,Cardio,11
33,160,86,124,Running,45
35,198,74,131,Cardio,104
49,152,63,117,Cardio,79
30,175,103,85,Cardio,16
42,195,50,177,Cardio,14
49,159,96,113,Strength,16
42,182,109,171,Strength,46
36,171,65,115,HIIT,47
37,170,90,138,HIIT,114
38,180,85,82,HIIT,68
23,164,74,149,Cardio,109
35,156,50,138,Strength,14
27,165,117,104,HIIT,94
23,164,68,139,Cycling,79
51,153,58,133,Strength,67
39,171,100,125,Cardio,114
33,167,73,86,Cardio,40
57,179,90,158,HIIT,12
25,165,87,169,Strength,23
41,153,92,153,Strength,117
27,152,80,166,Cycling,54
40,154,73,175,Cycling,55
42,156,53,137,Running,48
42,160,89,98,Yoga,85
30,196,80,171,HIIT,40
54,153,94,153,HIIT,37
28,198,109,150,Strength,14
43,178,65,103,Cycling,15
27,172,53,131,Cardio,111
52,174,51,136,Cycling,82
46,199,50,112,Cycling,119
54,167,69,80,Yoga,106
45,157,116,167,Cardio,16
40,193,82,172,Strength,22
24,168,109,140,HIIT,91
55,193,68,81,Cardio,41
25,182,96,134,Strength,114
48,196,85,174,Strength,13
52,159,94,117,HIIT,30
24,190,107,163,Cardio,57
39,175,62,133,Cardio,27
23,167,63,120,Running,14
30,171,117,173,Strength,58
46,194,68,145,HIIT,33
27,175,92,173,Yoga,23
21,190,54,112,Cycling,102
59,159,61,89,Running,49
50,168,67,81,Yoga,66
40,155,65,155,Yoga,80
20,190,117,131,Yoga,67
18,152,87,154,Cardio,17
27,189,88,102,HIIT,36
44,152,73,167,Cycling,86
19,151,85,165,Running,39
27,189,105,138,Running,57
19,155,75,83,Running,63
30,189,92,170,Running,23
41,170,55,108,Yoga,56
51,192,100,116,Cycling,24
39,169,96,155,Yoga,18
20,165,66,89,Running,58
22,197,67,127,Cardio,105
56,185,93,122,Cardio,117
40,197,104,158,Strength,66
34,197,74,137,Strength,85
31,187,117,174,Cycling,50
41,196,119,125,HIIT,26
39,150,113,118,Strength,98
20,163,67,88,Cardio,109
51,175,109,132,Yoga,26
40,165,92,87,Yoga,112
24,155,64,124,Yoga,64
41,159,82,131,HIIT,109
53,153,53,158,Running,116
45,158,59,159,Yoga,119
45,175,57,177,Cardio,30
22,183,90,85,Cardio,22
59,156,76,164,Yoga,118
57,183,78,112,Running,37
25,169,83,108,Cardio,100
32,197,103,85,Cycling,96
59,175,85,95,Cardio,33
55,182,105,167,HIIT,36
54,196,75,97,HIIT,77
23,164,92,125,Strength,17
57,194,56,179,Yoga,38
55,196,105,128,HIIT,64
23,173,86,116,Cycling,66
56,175,54,175,Cardio,54
33,170,71,127,Cardio,53
46,154,80,178,Cycling,111
18,195,70,176,Running,112
21,152,93,80,Running,34
38,173,107,88,Yoga,48
43,160,83,142,Cardio,111
48,183,88,129,Running,107
33,163,104,89,Yoga,26
44,174,81,104,Cycling,103
55,157,113,124,Yoga,69
44,176,119,98,Strength,11
54,172,71,96,Strength,98
45,177,111,97,Running,62
20,152,101,96,Yoga,83
28,184,94,106,HIIT,69
24,162,70,154,Cycling,109
21,179,53,130,Strength,80
49,157,66,121,Cardio,59
33,172,74,102,Cardio,99
22,177,100,99,HIIT,85
24,178,82,179,Strength,59
48,192,100,155,Yoga,84
36,193,116,118,Strength,79
28,178,80,161,Cardio,74
31,197,90,119,Cardio,33
54,190,77,166,Cardio,41
19,154,119,179,HIIT,24
53,172,83,100,Yoga,92
25,175,50,143,Cycling,27
49,175,96,147,Yoga,98
50,151,107,88,Cycling,30
58,159,115,120,Running,55
58,191,71,157,HIIT,61
31,162,53,141,Yoga,114
59,160,101,137,Cycling,106
40,172,93,113,Running,62
58,161,58,126,Yoga,19
46,183,90,121,Cycling,70
48,188,55,116,Cardio,81
39,192,87,97,Strength,97
36,168,87,129,Strength,39
59,153,70,147,Cardio,68
51,169,86,178,HIIT,109
51,190,88,114,Running,88
44,188,65,162,Cycling,37
46,167,112,171,Cycling,76
45,163,104,178,Strength,64
24,193,55,134,Running,103
41,167,84,93,Cycling,32
59,175,50,109,Strength,60
58,181,119,165,Yoga,94
27,167,57,106,Running,96
49,152,96,128,Yoga,33
26,156,89,113,Cycling,97
56,156,104,106,Yoga,96
50,158,110,127,HIIT,25
21,156,99,100,Cycling,45
27,187,89,80,Strength,42
26,169,71,118,HIIT,82
30,167,83,85,Cycling,54
27,187,55,140,Strength,102
58,186,111,118,Cycling,93
52,173,72,164,Strength,105
47,198,102,173,Cycling,42
24,156,119,121,Cycling,84
32,183,116,90,Cardio,45
24,155,108,169,Yoga,111
48,172,111,174,HIIT,38
36,166,102,87,Yoga,72
35,172,79,171,Running,100
24,169,80,164,Cardio,24
35,199,76,103,Cardio,26
32,190,107,178,Yoga,29
31,189,108,170,Cycling,44
27,184,73,122,Strength,48
30,162,102,86,Cycling,53
30,183,107,124,Cardio,68
45,183,83,168,HIIT,46
51,189,52,167,Running,80
48,185,63,114,Running,19
26,173,57,135,Strength,80
56,182,51,99,Strength,79
51,197,71,129,Strength,87
56,166,89,126,Running,23
46,198,118,131,Cardio,36
36,184,62,96,HIIT,53
18,150,70,115,Yoga,52
34,155,112,179,Cardio,93
48,150,98,85,Running,54
56,179,95,157,Yoga,68
18,185,78,126,Strength,36
18,199,76,169,Cardio,30
47,195,82,142,Cycling,21
59,171,68,168,Strength,53
28,198,73,134,Yoga,13
55,183,118,101,Cardio,104
43,188,84,159,Running,17
51,168,112,139,HIIT,96
38,184,61,151,Strength,36
21,185,67,135,Running,59
35,196,88,170,Yoga,39
45,192,110,135,Running,112
45,151,107,98,Yoga,86
37,173,117,147,Yoga,72
40,176,64,159,Running,24
37,153,102,141,Cycling,21
35,159,93,82,Cardio,73
23,168,100,175,Strength,118
59,173,85,112,HIIT,60
28,196,50,152,Cycling,106
57,179,111,124,Cycling,43
46,172,102,88,Cardio,37
31,154,90,110,Running,63
39,152,74,172,Cycling,76
26,194,95,113,Yoga,117
20,189,119,153,HIIT,50
31,161,108,163,Strength,65
43,153,52,145,Strength,50
35,173,61,107,Strength,75
31,163,116,158,HIIT,17
25,178,87,103,Cardio,15
46,166,75,105,HIIT,13
25,185,91,158,Cardio,102
51,155,92,133,Strength,79
36,177,107,137,HIIT,32
58,197,98,165,Running,54
25,154,76,134,HIIT,11
50,193,58,113,Yoga,60
28,172,52,93,Cycling,35
45,184,83,117,Cardio,29
23,158,74,116,Cardio,28
19,197,72,116,Yoga,107
56,192,113,101,HIIT,92
26,195,113,131,Cycling,58
44,182,118,138,Strength,73
48,181,114,158,HIIT,14
49,166,100,148,HIIT,118
48,188,90,131,HIIT,32
58,198,113,89,Strength,66
40,193,104,170,Yoga,71
25,195,106,159,Cardio,53
28,198,93,124,Strength,80
25,163,117,171,HIIT,114
50,186,110,178,Strength,65
40,155,79,99,HIIT,63
43,178,99,91,Strength,89
55,188,92,167,Running,75
41,177,82,120,Cycling,25
27,164,55,115,Cycling,75
52,159,91,104,Cycling,72
34,157,102,84,Running,101
46,178,83,104,Cardio,116
21,196,107,166,Strength,31
54,198,68,141,HIIT,49
43,196,55,151,HIIT,98
18,191,71,133,Cycling,64
45,189,101,153,Cardio,30
40,170,105,108,Cycling,63
24,193,84,140,Cycling,89
20,189,90,145,Cycling,98
33,160,77,106,Running,115
59,155,89,145,Running,77
52,181,86,167,Yoga,86
35,170,94,101,Strength,27
36,156,84,162,Running,55
49,166,117,171,HIIT,50
44,198,115,142,Cycling,82
50,181,76,129,Yoga,41
24,194,61,112,Cycling,14
40,159,82,90,HIIT,11
43,199,110,108,HIIT,73
26,187,71,113,Cardio,18
26,155,51,83,Strength,76
31,199,51,108,Cycling,83
34,189,60,159,Strength,81
25,194,58,95,Running,11
48,166,96,113,Yoga,12
57,199,51,83,Cardio,48
30,192,67,119,Cycling,69
51,193,53,135,HIIT,90
55,177,112,164,Cardio,74
36,197,111,134,Cycling,28
37,163,85,85,Running,48
55,175,112,89,HIIT,82
59,187,76,171,HIIT,97
41,150,86,89,HIIT,38
26,179,65,155,Cardio,37
57,172,92,81,Strength,59
22,186,88,113,Cycling,65
40,150,57,132,Running,81
28,178,74,87,Running,87
58,185,87,170,Strength,49
39,194,58,94,Cycling,83
49,183,97,86,Strength,14
45,197,92,168,HIIT,103
36,185,97,115,HIIT,94
33,190,83,104,Running,76
28,189,116,85,Running,43
42,170,80,87,HIIT,17
26,178,110,171,Yoga,98
47,174,101,179,Running,75
20,155,80,156,Cardio,37
22,167,86,120,Running,113
45,169,107,127,Yoga,45
19,173,102,113,Running,85
40,188,52,165,Running,15
28,156,53,97,Yoga,75
44,152,61,98,Cycling,92
20,191,104,106,Strength,44
24,190,88,178,HIIT,97
32,178,78,156,HIIT,49
38,183,66,108,Cycling,35
27,187,94,159,Yoga,119
32,177,91,112,Cycling,30
58,166,62,119,Running,29
54,199,84,131,Cycling,94
34,151,62,139,HIIT,56
19,158,108,104,Running,97
39,192,119,179,Running,72
48,152,86,176,Cardio,98
49,165,52,148,Running,29
33,162,92,89,HIIT,119
56,175,110,98,HIIT,97
36,185,115,170,Yoga,31
27,166,109,84,Cardio,12
51,177,65,114,Cycling,45
40,170,65,96,Yoga,94
28,160,58,141,Cycling,107
54,191,54,177,Strength,40
46,196,68,139,Cardio,69
58,174,80,138,Cardio,33
53,195,71,89,Yoga,34
37,163,65,126,Running,41
44,167,100,167,HIIT,38
22,198,61,111,HIIT,74
23,166,54,161,HIIT,63
21,178,53,113,Strength,98
41,173,54,111,Cardio,63
34,178,116,156,Cardio,73
20,155,86,132,Running,27
24,172,60,150,Cardio,26
42,167,109,162,HIIT,87
33,161,65,91,Running,67
28,152,113,84,Yoga,75
24,174,77,101,Cardio,49
46,190,57,148,HIIT,29
43,186,58,172,Running,84
32,164,77,140,Running,67
20,158,103,176,Cardio,37
37,194,93,93,HIIT,17
54,164,97,161,Yoga,94
39,153,60,101,Running,17
20,184,59,130,Cardio,81
40,172,95,155,Yoga,34
54,189,97,101,Cardio,13
20,180,68,141,Cycling,93
32,183,74,84,Cycling,42
36,162,63,138,Yoga,15
27,151,90,84,Strength,103
54,187,78,107,Cycling,53
59,186,74,142,Running,81
26,173,91,147,Strength,54
30,170,118,137,Strength,101
46,167,111,90,Yoga,85
43,162,89,117,Strength,80
52,176,80,164,Cardio,74
41,190,80,105,HIIT,59
22,163,108,117,HIIT,52
54,198,63,177,Cycling,49
58,163,118,159,HIIT,119
58,155,95,107,Strength,40
51,188,102,91,Cycling,40
58,155,66,158,Strength,43
35,180,64,98,Strength,64
55,167,70,173,Strength,66
50,192,52,151,HIIT,43
24,154,53,81,Cycling,102
44,172,74,149,Cycling,43
55,174,78,145,Yoga,44
25,160,80,170,Running,116
21,181,105,165,Cardio,20
28,167,61,87,Strength,104
20,154,106,94,Yoga,20
36,187,102,140,Yoga,69
32,174,104,132,HIIT,52
37,187,50,83,Cardio,62
20,173,63,155,Running,11
43,182,51,164,Yoga,101
48,174,118,129,Strength,22
25,180,118,160,HIIT,60
36,192,101,82,Running,73
40,151,95,86,Running,11
57,189,99,99,Cycling,89
27,187,68,127,Cycling,46
39,164,69,127,Running,13
19,152,86,87,HIIT,23
28,180,61,93,Cycling,108
56,184,109,162,Strength,31
54,192,78,138,Strength,33
50,162,51,101,Yoga,119
20,157,91,107,Strength,52
30,181,85,136,Cardio,61
49,181,95,146,Strength,63
55,180,103,114,Cardio,80
42,182,65,129,Cycling,23
41,189,66,160,Yoga,90
42,178,74,128,Strength,53
55,163,111,134,Strength,41
32,193,90,151,HIIT,79
55,197,66,93,Cardio,73
37,178,101,147,HIIT,67
23,174,64,138,Cycling,82
28,164,61,111,Cardio,119
33,178,110,121,Cycling,43
31,184,114,85,Strength,82
18,152,68,170,Yoga,60
35,195,97,173,Yoga,92
40,183,55,147,Cardio,85
41,181,75,102,Strength,33
22,188,86,92,Cardio,23
42,156,53,104,Running,84
20,152,114,110,Cardio,41
20,188,51,179,Cycling,37
25,167,62,136,Yoga,96
45,186,64,87,Cardio,42
31,151,76,95,Cycling,75
53,171,110,148,Running,64
50,193,51,134,Yoga,51
27,197,78,98,Running,25
25,162,116,114,Yoga,65
19,197,70,114,Yoga,18
54,173,104,126,Strength,47
29,184,108,103,Yoga,86
36,159,119,100,Cycling,86
33,191,97,113,HIIT,97
20,182,116,134,Running,118
44,185,86,128,Cardio,13
54,185,52,113,Running,36
28,190,51,124,HIIT,63
47,161,110,138,HIIT,82
37,194,72,89,Running,89
40,191,104,94,Yoga,82
40,198,83,110,Cycling,82
28,158,93,97,Strength,34
20,161,68,166,Yoga,48
24,175,76,138,Running,53
18,159,109,170,Yoga,80
36,188,96,177,Yoga,11
24,177,60,113,Cardio,23
57,180,88,138,Running,59
36,157,63,94,Strength,40
51,155,75,110,Running,115
30,178,56,122,Running,117
56,165,63,151,Cardio,96
50,196,63,120,Strength,101
52,160,65,110,HIIT,44
42,173,86,161,Running,19
36,158,61,170,Running,106
52,183,82,103,Cardio,95
28,196,83,93,HIIT,72
29,189,102,109,Cycling,63
49,185,119,154,Running,108
23,195,74,85,Cycling,19
44,180,85,94,Yoga,111
29,176,80,164,Yoga,62
25,177,108,136,Cycling,115
51,194,55,106,Cardio,33
21,164,67,158,Strength,71
37,177,115,135,Running,39
55,168,61,148,Yoga,53
52,158,75,112,Cycling,67
55,161,108,136,Yoga,100
35,179,88,138,HIIT,14
24,150,71,154,Cardio,30
18,192,72,139,HIIT,31
45,164,90,130,Yoga,53
19,191,105,111,Cycling,72
38,157,81,135,HIIT,73
53,159,115,157,Cycling,30
44,154,119,111,HIIT,16
50,166,118,119,Strength,99
34,160,113,142,Cycling,88
27,150,53,146,HIIT,74
38,188,106,157,HIIT,31
48,168,95,176,Yoga,116
52,180,119,118,HIIT,32
40,164,71,146,Strength,118
44,179,63,110,HIIT,15
20,195,50,87,Yoga,55
33,171,65,90,Cardio,22
55,174,65,126,Cardio,42
35,199,63,126,Cycling,66
25,192,91,134,Cardio,119
31,194,119,111,Yoga,94
31,171,60,133,Running,37
25,165,99,126,HIIT,115
49,179,95,119,Cycling,94
25,160,85,145,Running,63
53,159,89,167,Yoga,47
43,158,110,148,Running,58
19,165,116,156,Running,80
41,194,97,131,Cycling,94
58,180,118,95,HIIT,28
27,155,74,109,Yoga,63
57,187,73,81,Cardio,46
43,188,69,114,Running,61
36,163,95,97,Cardio,55
54,170,60,176,Yoga,44
41,196,66,117,Cardio,79
57,185,106,105,Cardio,59
54,161,52,103,Yoga,39
41,185,115,142,HIIT,106
24,150,93,93,Cycling,68
45,172,104,177,HIIT,71
21,181,79,164,Yoga,105
22,188,95,99,Running,87
35,150,67,166,HIIT,39
34,161,98,99,Strength,78
21,166,74,171,Running,99
22,191,59,171,Cycling,56
50,178,93,160,Cardio,46
56,160,72,119,Cardio,56
19,164,54,98,Cardio,86
22,186,58,80,HIIT,72
32,187,98,91,Strength,96
41,188,94,132,Running,18
55,183,53,143,Running,63
34,194,97,125,Running,51
41,191,116,121,Yoga,30
39,182,99,161,Running,17
54,190,114,179,HIIT,14
55,151,73,120,Strength,67
41,152,109,112,Cardio,66
49,153,85,147,HIIT,50
35,187,101,145,Cardio,85
27,189,79,175,Running,101
44,165,92,142,Running,95
39,159,52,170,Yoga,31
49,169,82,84,Running,111
22,165,59,83,Strength,37
25,188,82,155,Cycling,40
31,167,86,143,Cycling,73
31,172,113,115,HIIT,85
29,169,118,153,Running,86
41,183,95,124,Strength,47
24,166,83,124,Strength,84
35,194,88,139,Cardio,23
37,154,96,123,Strength,48
52,159,115,154,Running,15
47,169,94,148,Running,93
40,152,86,166,Yoga,110
34,189,88,134,Yoga,47
25,188,104,91,HIIT,20
39,169,53,145,HIIT,21
33,152,92,91,Yoga,14
38,161,93,172,Yoga,57
57,184,62,157,Cardio,24
29,179,66,96,Cardio,66
48,156,69,129,Yoga,34
43,157,102,102,Strength,58
18,166,94,90,Yoga,49
49,174,86,124,Running,19
56,191,63,129,Running,52
52,182,99,119,Cardio,35
44,171,102,161,Cycling,78
53,169,86,88,Running,84
23,187,107,160,Cycling,51
49,169,100,112,HIIT,111
51,189,110,120,Cardio,64
18,191,115,143,HIIT,28
19,195,70,169,Cycling,20
36,155,92,131,Running,24
55,195,97,119,Cycling,48
35,187,82,118,Cardio,119
25,175,83,161,Yoga,118
44,195,99,173,Yoga,44
24,165,58,119,Cycling,39
33,189,67,127,Running,60
35,176,71,161,Cardio,110
46,167,53,162,Strength,74
43,177,104,146,HIIT,66
25,151,108,132,HIIT,115
51,176,82,166,Yoga,39
30,188,102,80,HIIT,39
37,165,117,133,Strength,90
48,180,102,110,Cardio,87
30,162,103,160,Yoga,55
19,198,108,90,Cycling,42
39,189,63,145,Cycling,19
37,154,107,89,Yoga,52
44,180,69,114,Strength,70
57,159,65,151,HIIT,96
57,183,56,154,HIIT,64
18,166,86,151,Cycling,37
36,170,88,106,Running,86
52,159,88,141,Running,63
20,162,109,108,Running,88
34,162,105,160,Yoga,56
54,187,102,86,Strength,80
47,177,86,170,Yoga,43
46,161,72,86,Cycling,116
44,183,101,110,Cycling,112
28,193,118,178,Yoga,64
31,153,100,118,Yoga,97
28,158,94,100,HIIT,60
59,197,51,121,Cycling,61
56,174,115,173,Strength,37
44,190,80,119,Cycling,18
55,162,59,153,Cycling,69
39,185,99,82,HIIT,115
42,176,85,150,Strength,112
24,153,100,98,HIIT,68
49,178,69,132,Yoga,110
35,166,119,103,Cardio,10
46,180,104,172,Yoga,104
49,172,76,136,HIIT,79
51,197,92,161,HIIT,12
45,163,106,118,Cardio,27
29,179,86,164,Running,22
56,174,76,107,Yoga,96
46,184,110,125,Strength,64
26,176,94,118,Strength,99
30,187,119,122,HIIT,71
41,150,110,94,Strength,50
58,157,90,168,Running,84
51,197,59,103,Strength,59
23,154,65,149,HIIT,27
30,185,77,165,Yoga,46
49,191,109,146,Yoga,79
48,199,106,148,Strength,31
27,177,80,141,Cycling,36
27,162,51,124,Running,111
46,188,75,110,Cycling,84
40,187,118,111,Cardio,52
34,160,65,157,Yoga,56
37,167,85,150,Cycling,47
36,196,64,147,Strength,116
22,178,89,156,Cycling,63
44,163,78,113,Strength,38
31,191,97,139,Cycling,17
32,182,65,129,Cardio,96
50,189,67,101,HIIT,95
25,183,88,127,Yoga,18
33,179,110,131,Cardio,49
21,188,63,81,HIIT,38
37,196,102,165,HIIT,91
18,151,109,84,Yoga,110
23,178,64,86,HIIT,94
23,153,117,151,Running,45
34,159,73,170,Strength,81
21,195,70,116,HIIT,112
41,184,69,165,Cardio,11
23,166,91,94,Running,118
38,163,75,169,Yoga,29
19,156,113,141,Running,46
54,161,85,130,Cardio,62
52,164,106,81,Cycling,39
23,162,87,101,Cardio,73
35,193,102,105,Yoga,54
30,193,88,109,HIIT,89
32,167,85,153,Cardio,16
26,176,68,174,Strength,23
55,190,99,161,HIIT,85
53,179,74,89,Cardio,74
18,152,84,145,Cardio,27
31,153,106,160,Cycling,118
51,195,95,90,HIIT,68
20,190,76,145,Cardio,76
58,161,85,95,HIIT,11
24,151,94,107,Strength,83
50,160,99,151,Strength,106
50,167,51,111,Cycling,21
48,196,52,124,Yoga,67
20,186,75,92,Strength,64
23,165,71,113,Cycling,28
59,187,111,139,Running,77
57,187,97,103,Running,86
21,181,116,160,Strength,76
24,157,112,95,Cardio,54
18,173,62,158,Cardio,100
49,171,93,80,Cardio,112
49,162,64,167,HIIT,75
39,177,85,123,Strength,108
21,194,56,80,Running,62
48,189,58,123,Running,72
54,180,114,178,Strength,54
28,162,101,143,Running,43
26,198,54,159,Running,98
36,175,77,148,Strength,88
18,190,86,93,Yoga,25
24,199,69,89,Cycling,46
52,188,100,126,Cycling,55
32,164,111,100,Running,36
30,151,63,171,Strength,51
20,166,101,114,Cardio,84
24,184,86,165,Running,55
43,153,80,162,Yoga,94
49,154,51,80,Yoga,106
41,189,118,157,Yoga,36
58,150,64,92,HIIT,84
31,166,68,134,Strength,10
44,159,59,140,HIIT,81
29,161,95,165,HIIT,54
51,163,75,174,Running,46
31,174,109,107,Running,68
32,197,112,134,Running,107
22,170,62,174,Cardio,51
45,163,95,161,Strength,44
58,178,59,163,HIIT,15
47,152,118,104,Cycling,23
37,180,90,179,Cycling,55
50,168,115,168,HIIT,12
26,173,56,114,Strength,48
38,165,71,108,HIIT,26
50,190,109,154,HIIT,38
19,163,96,112,Running,101
32,195,91,100,Strength,119
48,155,87,161,Cardio,74
23,164,118,145,Cardio,88
19,170,101,106,Strength,68
59,195,110,156,HIIT,118
41,176,111,100,Yoga,95
55,177,115,141,Yoga,34
39,180,83,108,Running,62
57,175,75,142,Running,70
50,188,92,150,Running,99
38,183,79,168,Cardio,63
37,171,69,162,Strength,92
42,169,64,94,HIIT,84
27,173,102,119,Yoga,48
44,153,89,119,Running,38
22,196,87,90,Cycling,84
28,152,88,110,Running,11
42,160,80,162,Strength,40
19,166,76,92,Strength,118
58,193,73,129,Yoga,42
27,196,103,113,Yoga,112
32,193,103,100,Cardio,61
35,150,75,80,Strength,108
33,179,100,122,Yoga,78
50,190,102,101,HIIT,27
45,151,79,162,Cardio,86
52,157,66,88,HIIT,35
41,155,72,166,Strength,52
20,178,113,135,Strength,56
58,169,69,127,Yoga,53
55,179,93,113,Strength,100
32,184,98,170,Cycling,12
54,167,115,139,HIIT,33
35,163,118,81,HIIT,96
51,161,59,140,Yoga,17
28,163,95,122,Yoga,19
47,184,63,154,Yoga,97
59,178,100,138,Strength,17
25,152,114,111,Cycling,64
36,158,69,109,Running,101
25,161,60,140,Cycling,17
27,155,115,80,Running,86
29,199,104,116,Cycling,65
55,188,59,118,Cycling,11
59,166,53,102,Strength,88
24,199,114,137,Yoga,34
49,167,94,179,Yoga,106
27,152,78,113,Cycling,110
57,167,84,109,Strength,24
26,195,84,165,Yoga,114
23,192,110,139,Strength,79
31,164,118,149,Yoga,54
21,195,89,178,HIIT,92
34,182,98,83,Yoga,38
25,164,88,145,Running,48
35,160,113,167,Cycling,119
55,182,76,97,Yoga,94
19,160,58,122,Running,80
57,163,104,157,Cardio,52
20,189,72,86,HIIT,20
22,195,83,85,Running,64
39,194,83,133,Cycling,33
50,190,84,164,Yoga,112
30,179,91,106,Cycling,117
49,161,115,123,HIIT,11
28,179,50,128,Yoga,45
53,164,65,112,Cardio,61
59,186,50,130,HIIT,52
47,162,101,173,HIIT,113
40,152,107,123,Strength,20
45,163,57,151,HIIT,20
50,157,106,147,Cardio,111
47,150,110,106,Cycling,66
54,172,107,122,HIIT,61
44,196,90,105,Strength,118
36,158,71,105,Running,13
27,188,58,132,Strength,74
21,199,55,104,Cardio,101
45,186,103,148,Cycling,19
25,199,115,131,Cardio,81
50,186,103,106,Cardio,57
24,157,119,150,Cycling,52
21,168,71,137,Cardio,40
46,151,76,172,HIIT,97
18,157,114,164,Cardio,16
43,180,100,96,Cardio,94
30,157,101,141,Cycling,102
41,192,65,118,Yoga,51
29,165,65,173,Cardio,21
18,156,62,109,Cycling,58
49,169,100,88,Running,19
40,185,66,142,Cardio,99
57,168,72,176,Cycling,102
50,167,94,122,Cardio,13
28,160,98,120,Cycling,12
32,176,90,155,Yoga,76
26,150,73,134,Cycling,50
23,167,59,128,Cycling,43
35,190,86,139,HIIT,25
59,172,76,110,Running,29
27,191,115,172,HIIT,64
36,196,69,161,Cardio,18
58,193,54,99,Yoga,69
43,189,68,106,Running,88
33,157,94,107,Cardio,107
56,180,62,83,Cardio,59
22,199,107,146,Cardio,76
58,167,50,97,Strength,114
18,166,82,174,Cycling,20
45,163,95,103,Yoga,86
30,190,115,129,HIIT,10
24,161,111,82,HIIT,19
20,187,104,94,Cycling,68
40,170,75,104,HIIT,70
28,153,85,103,Running,30
52,188,57,163,Strength,103
56,190,94,159,HIIT,116
39,193,52,138,Yoga,101
27,181,94,173,Strength,83
48,181,78,171,Running,77
32,155,114,104,Cycling,89
21,192,117,121,Strength,60
50,188,103,87,Strength,56
56,165,91,92,HIIT,81
34,193,111,171,Cycling,92
21,177,63,141,Running,33
48,191,56,124,HIIT,112
22,195,93,115,HIIT,23
42,165,70,145,Cycling,23
50,175,97,163,HIIT,81
35,154,64,115,Yoga,92
49,190,115,179,Running,24
37,196,63,125,HIIT,80
45,157,79,89,Running,22
43,156,72,81,HIIT,22
50,188,108,113,HIIT,89
33,193,82,121,Running,34
48,159,104,89,Yoga,73
24,158,113,98,Strength,58
18,194,82,100,Cardio,43
42,195,89,148,Yoga,85
59,154,66,82,Cardio,119
47,169,96,133,Running,115
25,165,89,92,Strength,95
33,176,67,143,Strength,18
48,172,96,163,Cardio,67
27,193,55,84,Running,103
19,171,71,157,Strength,63
28,190,72,146,Running,60
46,169,100,92,Strength,89
46,194,93,103,Cardio,114
50,151,73,85,Strength,56
55,178,70,97,Cycling,84
30,199,111,145,Yoga,33
36,175,86,141,Cycling,118
23,171,91,148,Yoga,119
40,152,104,173,Cycling,115
51,153,68,92,Running,14
19,183,98,160,Cycling,95
55,192,102,118,HIIT,34
30,180,70,116,Cycling,46
52,197,84,167,Strength,11
34,164,85,98,Cycling,73
52,166,59,110,Cardio,25
50,168,116,100,HIIT,110
45,171,110,125,HIIT,100
39,178,90,105,HIIT,63
49,153,77,99,Cycling,109
28,163,118,124,Strength,115
53,199,65,140,Cardio,91
24,154,79,136,Running,95
57,165,102,157,Cycling,37
36,189,103,167,Yoga,16
37,160,62,97,Cycling,109
45,192,65,107,HIIT,15
49,190,52,125,Strength,96
56,190,91,146,Strength,35
56,160,86,100,Running,58
34,190,118,107,HIIT,87
30,158,105,147,Strength,68
43,163,88,143,HIIT,80
31,174,78,165,Cycling,90
19,192,70,82,Running,68
23,165,95,172,Cardio,84
45,171,72,125,HIIT,35
53,168,91,109,Yoga,63
55,198,89,150,HIIT,61
21,197,85,171,Yoga,98
29,196,101,107,Cycling,118
30,189,82,170,Yoga,68
32,176,116,89,Strength,38
22,179,114,166,Running,84
27,179,80,177,Cardio,36
25,153,96,87,Strength,36
26,153,118,125,Yoga,98
35,161,117,166,HIIT,25
46,153,101,113,Cardio,53
32,194,59,177,HIIT,44
26,177,104,115,Yoga,63
44,161,84,147,Cycling,117
21,183,114,129,Strength,26
25,167,69,116,Cycling,74
47,192,71,131,Running,28
47,159,63,174,Cardio,102
54,164,63,81,Cardio,39
50,190,110,109,Cycling,73
26,198,78,114,Cardio,117
50,187,63,128,Cycling,25
56,161,96,163,Cardio,16
20,172,112,81,HIIT,52
58,195,108,83,Running,89
36,157,70,171,Running,97
39,155,92,80,Yoga,108
59,194,113,152,Yoga,38
53,160,115,159,HIIT,91
23,158,102,178,Cycling,61
44,178,52,98,Cardio,111
45,193,112,138,Cycling,12
28,180,95,89,HIIT,76
21,155,110,150,HIIT,46
51,166,68,172,Yoga,86
26,173,92,150,HIIT,67
55,160,118,103,Strength,77
28,175,89,142,Running,34
31,190,117,154,Strength,92
27,160,68,97,Yoga,52
24,186,85,142,Running,31
32,172,62,154,Running,88
36,155,66,119,Cardio,86
43,192,95,87,Yoga,17
46,158,83,171,Strength,99
41,166,87,88,Strength,36
44,151,84,113,Strength,83
19,178,112,166,Yoga,15
35,194,94,179,Cardio,96
54,160,85,116,Yoga,77
36,154,103,151,Cardio,28
53,158,58,130,Cardio,96
57,178,65,101,Cycling,71
22,196,52,162,HIIT,101
54,165,117,122,Yoga,10
51,152,61,138,Strength,111
42,199,110,115,Running,38
33,151,117,130,Running,14
45,178,103,122,Cycling,116
57,160,104,170,Strength,10
20,197,52,166,Yoga,59
23,165,101,107,Running,97
49,193,98,139,Yoga,90
20,184,82,161,Cycling,107
45,183,78,160,Running,11
46,153,100,127,Strength,69
33,182,79,157,Yoga,16
40,191,116,129,Yoga,107
23,188,50,175,Cardio,63
49,187,96,102,Yoga,25
54,160,117,115,HIIT,102
39,175,98,135,Cycling,66
34,173,68,103,Cycling,100
19,163,76,161,Cardio,78
41,156,92,122,Cardio,107
55,180,55,164,Cycling,22
20,157,104,137,Yoga,55
41,155,79,123,Strength,88
24,191,71,176,Cycling,78
58,161,99,149,Strength,68
34,152,113,83,Running,42
25,160,62,99,Running,96
24,191,83,179,Yoga,13
23,156,110,175,Cycling,68
27,154,70,151,Cardio,88
59,158,103,152,Running,42
35,173,88,150,Running,117
21,195,96,100,HIIT,106
58,198,118,163,Cycling,77
54,185,113,106,Running,16
59,156,84,87,Running,28
50,193,77,100,Cycling,44
52,160,57,120,Cardio,64
18,168,102,165,Running,70
51,152,72,139,Running,59
35,161,54,146,Running,109
37,196,92,126,HIIT,63
33,159,83,178,Cycling,46
38,167,111,149,Strength,41
49,165,72,155,Strength,67
52,167,87,123,Cardio,56
25,182,54,128,Cardio,52
35,154,64,177,Running,90
20,183,60,147,Yoga,20
50,166,58,140,Cardio,46
58,197,77,158,Cardio,117
30,168,64,88,Cardio,45
56,184,110,168,Strength,72
36,171,113,155,Running,18
56,183,85,113,Strength,105
35,187,103,163,Running,13
54,190,72,137,Yoga,57
30,157,108,140,Cardio,20
46,178,89,169,Cardio,19
36,193,109,96,Yoga,100
56,152,75,120,Yoga,93
33,156,75,146,Running,41
53,185,87,130,Cardio,91
33,158,90,167,Cardio,113
35,199,103,100,HIIT,48
30,192,108,128,Yoga,82
39,154,97,98,Strength,49
55,183,92,86,Strength,33
44,192,89,121,Strength,41
27,181,107,149,HIIT,111
56,188,117,115,Cardio,40
55,165,105,141,Running,49
48,166,77,132,Cycling,105
22,153,100,133,Cycling,62
43,153,119,162,Running,95
21,150,85,88,Cycling,116
57,181,84,112,Running,53
54,190,70,144,Cardio,114
19,192,105,128,Running,85
19,161,72,174,Cycling,70
44,159,57,158,HIIT,47
48,164,63,115,Cardio,82
52,161,101,139,Yoga,28
23,199,100,146,Running,55
19,169,118,129,Strength,73
39,161,87,128,HIIT,116
54,183,103,152,Cycling,23
26,159,91,140,Running,64
26,176,118,117,Running,85
25,196,102,93,Strength,38
57,193,116,149,Running,14
22,178,54,132,Cycling,62
18,189,80,157,Strength,80
21,164,102,82,HIIT,23
22,166,70,146,Cycling,90
28,161,98,143,Running,114
48,154,106,160,Cycling,28
40,169,67,149,Yoga,67
37,171,61,114,Cardio,86
22,185,84,145,HIIT,11
35,173,85,151,Cardio,97
25,177,92,126,Cardio,13
20,169,110,166,Strength,11
44,197,66,108,HIIT,83
35,166,101,95,Running,95
44,190,104,128,Yoga,36
24,165,113,129,Yoga,90
54,155,84,146,Cardio,88
40,189,109,103,Yoga,108
41,192,55,177,Strength,25
18,172,55,81,Cardio,119
42,198,56,117,Yoga,40
33,171,71,97,HIIT,28
22,198,116,156,Strength,74
47,189,55,98,Strength,87
38,196,79,120,Cycling,103
43,178,96,142,Cardio,109
23,190,54,89,Cycling,12
27,155,107,169,Running,118
52,155,80,107,HIIT,28
34,179,83,172,Yoga,92
40,169,101,167,Strength,116
36,180,72,119,HIIT,69
53,161,54,90,Strength,36
27,173,91,157,Cardio,107
19,198,54,149,Strength,44
18,171,57,116,Cardio,112
43,165,81,154,Cardio,118
22,170,86,131,Yoga,74
37,162,79,97,HIIT,43
51,155,78,124,Running,117
57,179,64,128,Cycling,45
20,190,82,142,Yoga,18
41,150,116,129,Running,54
56,160,77,122,Yoga,14
24,178,76,87,Yoga,90
36,180,75,85,Cardio,56
32,166,112,146,HIIT,53
48,180,72,137,Cycling,45
57,167,50,158,Cycling,46
38,194,51,103,Running,102
31,179,51,137,Running,11
32,152,94,166,Yoga,28
34,199,90,152,Running,82
26,162,72,106,Yoga,17
50,198,92,156,Running,46
41,172,68,152,Strength,106
30,198,104,115,HIIT,69
58,175,85,105,Running,73
33,164,58,85,Running,70
28,197,112,132,Strength,79
55,182,87,175,Strength,111
49,156,57,82,HIIT,118
40,190,63,97,Strength,47
53,176,101,84,Cardio,22
35,180,99,117,HIIT,76
39,192,106,111,Running,78
51,165,75,170,Strength,47
21,166,108,82,HIIT,118
30,199,63,90,Cycling,35
32,158,85,102,Strength,113
40,178,78,110,Cardio,64
48,154,117,136,Yoga,50
47,180,85,97,Running,46
36,175,103,118,Yoga,62
23,152,105,126,HIIT,43
33,189,73,87,Cardio,36
48,193,89,111,Cycling,52
57,169,69,172,Running,12
41,194,72,175,Yoga,35
58,178,52,108,Strength,66
36,155,105,159,HIIT,70
33,160,55,174,Strength,91
45,151,79,153,Strength,43
40,162,102,113,Cycling,82
29,189,88,175,Cardio,82
54,193,87,127,Yoga,59
29,194,102,126,Cardio,30
21,157,114,101,Running,71
46,185,80,90,HIIT,98
24,189,70,131,Running,25
32,157,104,102,Cardio,94
43,174,81,136,Running,49
32,184,103,156,Cycling,69
55,172,73,83,Yoga,105
52,190,86,82,Cycling,66
34,183,90,125,Yoga,60
58,188,112,129,Strength,107
42,151,63,89,Cardio,119
53,196,52,89,Yoga,33
28,189,60,146,HIIT,101
30,157,85,161,Yoga,34
20,195,113,147,Running,78
42,164,102,176,Cardio,58
58,189,56,134,Cycling,10
32,176,65,177,Cardio,89
59,166,92,105,Cycling,100
30,190,108,123,HIIT,102
41,174,57,105,HIIT,67
33,198,110,154,Cardio,99
58,186,79,164,Running,55
39,182,109,81,Running,94
48,188,99,95,HIIT,10
24,173,104,117,Cycling,10
28,177,112,115,Yoga,18
55,155,117,120,Cardio,106
38,176,108,125,Cycling,116
54,153,70,122,Running,50
47,176,96,149,Running,36
34,191,51,100,Yoga,55
40,183,50,101,Yoga,10
55,199,115,106,Cardio,90
46,188,84,159,Running,104
54,192,95,81,Cardio,13
50,151,110,132,Cycling,18
53,183,94,152,Strength,68
46,182,61,175,Cardio,47
42,169,84,132,HIIT,91
46,152,117,83,Running,103
49,161,50,128,Cardio,116
56,152,61,179,Cardio,15
30,184,86,91,Running,82
44,192,117,134,Cardio,45
37,160,74,152,Cardio,109
57,196,51,117,Yoga,46
33,197,116,178,Cardio,13
50,188,80,112,Cycling,55
50,152,58,130,Cardio,115
24,153,100,156,Running,76
35,189,86,129,Yoga,112
27,153,117,128,Strength,81
20,155,68,173,Cardio,93
36,194,55,150,Strength,42
28,173,78,147,Cycling,93
20,166,105,122,Running,46
32,186,64,165,HIIT,105
22,199,119,108,Cardio,93
20,167,101,91,Running,49
56,192,76,106,HIIT,96
18,182,62,89,Cardio,51
35,183,95,131,Strength,44
44,165,63,173,Yoga,34
31,160,92,164,Yoga,22
20,178,113,168,Strength,118
54,197,119,123,Strength,27
26,195,116,88,HIIT,25
58,185,97,102,Strength,90
19,158,96,138,Cycling,11
37,167,93,105,Strength,119
26,173,85,147,HIIT,79
36,180,59,162,Yoga,55
38,172,93,98,Running,67
48,194,109,92,HIIT,47
40,189,63,150,Cycling,27
49,178,84,117,Yoga,88
24,154,72,165,Strength,78
31,177,105,149,Yoga,63
21,177,89,168,Cardio,119
26,166,92,177,Cardio,10
49,150,70,105,Cycling,41
44,152,96,91,Cycling,75
31,186,95,160,Running,28
26,164,111,163,Cardio,94
50,198,74,126,Yoga,92
34,174,68,122,Cardio,59
41,154,86,161,Running,117
31,163,96,134,Strength,42
44,179,70,126,Cycling,39
51,166,67,106,Cycling,26
42,150,78,80,Running,73
48,163,59,145,Strength,53
50,161,95,129,HIIT,106
52,155,96,170,Cycling,23
18,162,110,113,Running,71
47,166,104,90,Strength,50
37,155,62,123,Cycling,28
59,197,117,134,Cardio,42
33,166,63,117,HIIT,45
37,175,59,106,Strength,15
46,152,62,160,Cardio,119
36,195,100,96,Cardio,86
58,162,84,104,Strength,66
50,195,84,163,HIIT,115
35,197,108,102,Running,59
36,183,94,87,Cardio,106
20,179,85,144,Strength,52
56,185,77,118,HIIT,52
21,190,81,164,Strength,116
21,182,101,131,Running,77
51,161,104,84,Yoga,87
22,190,89,150,Yoga,69
48,169,101,170,Cycling,66
43,192,115,171,Cycling,80
19,174,91,81,HIIT,82
30,174,109,163,Cycling,61
56,163,50,86,Yoga,39
59,182,66,155,Yoga,26
57,188,84,169,HIIT,115
27,161,116,171,Yoga,47
42,191,56,95,HIIT,75
42,197,76,140,Cardio,81
19,158,107,84,Cardio,73
45,191,54,139,Running,110
45,175,77,145,Cycling,53
57,150,56,94,Cardio,45
39,150,89,88,HIIT,108
21,150,115,165,Yoga,113
20,158,75,89,Yoga,25
45,155,93,133,Cycling,92
52,174,84,87,Yoga,39
36,193,75,99,Strength,54
35,191,66,98,Running,118
44,193,83,87,Running,65
27,162,97,123,Yoga,93
20,153,114,109,Cardio,10
19,198,101,99,Running,114
34,152,64,138,Cycling,57
42,168,105,178,Cycling,110
46,186,114,164,HIIT,67
21,197,96,174,Running,117
59,168,50,87,HIIT,38
39,174,80,137,Cycling,76
23,151,87,143,Cardio,96
36,194,80,120,HIIT,105
48,181,118,91,Cardio,102
32,159,82,123,Running,46
26,150,95,150,Yoga,37
32,181,88,156,HIIT,39
47,179,90,135,Cardio,78
38,177,94,124,HIIT,28
55,186,66,116,Cycling,57
59,184,61,125,Cardio,117
56,152,65,155,Cardio,24
36,153,66,133,Running,78
46,179,54,83,Strength,99
41,161,97,171,Strength,94
44,187,77,100,Running,80
30,169,114,107,Cardio,46
26,155,70,105,Strength,85
40,168,84,146,Cardio,102
35,175,56,136,Cardio,59
26,186,80,172,Cardio,77
32,173,79,136,Cycling,113
20,196,73,167,Running,97
21,155,98,178,Running,12
49,156,106,165,Running,56
35,172,64,139,Cardio,86
54,197,86,141,Cycling,45
50,167,57,106,Running,114
19,170,61,114,Cardio,30
25,181,101,120,Strength,97
21,175,116,126,Cardio,109
19,168,65,154,HIIT,83
53,151,98,96,Cardio,71
48,161,87,98,Cardio,73
29,159,72,121,Strength,30
26,169,89,82,Cardio,68
51,158,116,112,Cardio,102
26,191,62,80,Strength,24
22,153,99,161,Cardio,112
30,185,83,167,Cycling,44
56,164,71,108,HIIT,17
40,184,117,170,Yoga,88
22,156,84,110,Cardio,90
21,155,112,93,Cycling,116
31,191,83,166,Running,18
49,199,72,173,Cardio,86
56,191,70,87,Yoga,69
37,194,52,138,HIIT,18
56,168,89,149,Yoga,61
44,181,73,131,Cycling,94
45,173,111,144,Yoga,41
18,161,102,127,HIIT,42
46,163,67,139,Cardio,34
55,157,116,100,Cycling,36
57,157,57,85,Strength,54
38,189,52,90,HIIT,22
30,156,76,166,HIIT,12
51,179,75,124,Running,19
41,156,83,102,Yoga,19
34,196,89,142,Cycling,40
19,171,100,102,Strength,57
53,160,113,99,Cycling,30
25,178,59,167,Yoga,25
18,164,81,141,Running,14
29,162,94,157,Cycling,37
31,183,59,123,Cycling,29
30,167,81,177,Cardio,82
23,190,106,109,Running,59
44,161,117,137,HIIT,101
35,180,64,147,HIIT,12
48,167,75,130,HIIT,22
35,173,102,167,Cycling,100
59,153,92,119,HIIT,75
22,191,79,120,HIIT,91
26,176,105,103,Running,117
33,191,58,91,Cardio,69
29,163,54,151,Yoga,105
29,177,89,153,Strength,119
50,189,52,104,Cardio,25
28,158,101,138,Running,96
27,152,101,176,Yoga,58
45,186,65,156,Cardio,110
21,159,95,152,Cardio,108
45,196,60,92,HIIT,33
52,186,56,144,Cardio,55
47,188,73,87,Cardio,93
47,168,50,91,Strength,59
49,150,94,167,Running,104
33,167,52,116,Yoga,32
30,184,98,126,Strength,78
50,152,63,89,HIIT,18
46,190,78,128,HIIT,48
38,183,61,88,Cycling,73
54,199,91,97,Cardio,34
51,171,86,110,Yoga,25
21,180,56,130,Cardio,41
35,184,108,115,Cardio,112
34,191,110,164,Running,109
24,168,110,161,Cycling,34
40,188,61,106,Strength,68
40,193,57,139,Cycling,63
25,171,66,146,Running,39
21,157,104,136,Cycling,21
53,185,69,133,Strength,88
31,155,117,119,Cardio,102
25,179,87,86,Cardio,77
27,168,83,174,HIIT,49
35,154,115,139,Running,57
58,179,116,125,HIIT,58
59,159,89,160,Cycling,24
21,192,64,158,Cardio,64
31,167,111,155,Yoga,117
56,174,50,173,Strength,104
53,195,112,80,Cycling,27
32,194,73,91,Cycling,89
35,156,86,103,Cycling,78
59,150,104,176,Running,32
40,152,106,106,Yoga,30
46,196,77,150,Running,13
33,171,112,145,Strength,56
26,156,53,138,Cycling,87
59,198,73,153,Running,36
22,170,67,89,Yoga,15
50,186,73,173,Cardio,77
51,181,119,127,Yoga,113
27,169,117,122,HIIT,85
43,168,57,172,Cycling,76
56,184,67,127,Strength,110
43,197,85,139,Strength,25
58,166,88,176,HIIT,119
32,170,115,161,Cycling,18
51,182,75,80,Cardio,30
24,192,72,131,Running,94
22,196,53,140,HIIT,69
52,198,92,152,Cardio,107
25,150,54,145,Running,110
26,159,56,108,Running,52
45,198,69,129,Strength,112
24,172,114,122,Cardio,72
24,177,78,95,Cardio,84
24,159,68,86,Strength,29
53,170,95,106,Running,46
45,194,82,162,Cycling,56
28,160,76,82,Cardio,39
24,188,114,161,Cycling,84
54,174,65,90,Cardio,104
54,167,108,89,Running,15
49,162,111,166,HIIT,90
55,198,70,118,Cardio,16
54,153,117,115,Cycling,89
57,162,94,112,Cycling,99
21,190,118,93,Yoga,100
19,163,55,137,Cycling,39
51,161,98,177,Strength,102
32,195,93,154,Cardio,52
36,163,66,132,Running,33
53,154,58,128,HIIT,72
23,192,61,140,Running,25
32,186,68,99,Strength,24
35,178,59,136,Yoga,19
24,168,87,101,Strength,61
46,191,92,84,Strength,88
26,183,110,172,HIIT,115
48,183,108,146,Yoga,48
36,150,74,152,Yoga,90
57,155,119,87,Running,55
38,185,94,103,Running,84
44,168,83,137,Strength,94
56,198,66,161,Yoga,57
29,165,102,165,Cycling,90
25,182,102,146,Cycling,25
50,193,95,110,Strength,43
22,160,116,101,Running,76
45,173,66,152,Cardio,88
49,151,54,105,Cycling,106
20,196,116,124,Cardio,68
51,176,66,103,Cardio,38
24,195,94,87,Yoga,42
34,166,116,175,Cardio,119
41,156,61,141,Strength,19
50,190,106,93,Strength,72
26,179,82,171,HIIT,12
35,179,90,144,Strength,11
38,171,86,153,Yoga,23
43,199,54,113,Cycling,104
30,161,66,90,Running,68
46,198,93,142,HIIT,96
52,163,64,149,Yoga,15
23,184,57,115,Running,103
55,163,111,144,Strength,21
37,180,81,145,Yoga,52
41,161,59,163,Cardio,62
40,150,81,96,Running,80
49,177,95,127,Yoga,101
55,180,94,133,Running,99
30,152,86,171,Running,36
32,163,76,158,HIIT,45
59,183,85,95,Cycling,80
22,170,112,121,HIIT,59
23,158,73,113,Cardio,50
23,196,52,109,Cycling,92
40,162,101,148,Running,48
32,175,56,117,Cardio,76
46,175,54,152,HIIT,40
43,168,94,89,Cycling,72
56,154,55,83,Cycling,106
18,158,63,106,Running,57
40,185,95,168,HIIT,63
52,188,91,87,HIIT,110
30,196,79,174,Strength,54
59,174,66,114,Yoga,47
19,153,97,101,Running,17
44,159,93,120,HIIT,52
44,157,96,161,Strength,81
38,186,99,170,Running,28
59,175,105,174,Cycling,104
22,175,117,179,Running,11
33,198,70,141,Running,18
41,150,52,99,Yoga,61
44,181,56,102,Cardio,82
59,160,60,125,Strength,82
55,165,54,152,Cycling,49
30,166,117,117,Running,116
59,175,87,125,Yoga,108
34,166,104,108,Cardio,54
27,180,84,92,Running,109
46,196,78,81,Strength,25
25,196,80,110,Cardio,115
26,173,93,172,Running,27
54,171,56,90,Cardio,52
40,184,111,119,HIIT,78
37,196,54,110,Cardio,118
43,179,62,163,Running,77
18,158,65,163,Strength,50
44,161,101,124,HIIT,80
36,193,87,123,HIIT,77
38,166,69,121,Yoga,81
53,189,87,120,Running,25
56,167,71,121,Running,97
20,192,81,119,Cycling,79
19,152,56,99,Strength,104
18,158,106,87,Strength,28
25,153,50,121,Yoga,30
49,153,58,178,Yoga,80
40,180,53,135,Running,67
44,156,56,106,HIIT,90
18,160,116,140,Yoga,99
57,187,101,148,Running,26
25,157,115,114,Strength,53
58,177,74,127,Strength,82
52,172,58,177,Running,34
27,154,113,157,Yoga,53
35,194,59,173,HIIT,23
46,177,80,111,Yoga,23
25,190,112,120,HIIT,29
34,179,69,149,Yoga,30
40,195,111,136,Cardio,100
21,175,102,129,Yoga,56
49,197,78,131,Cardio,97
32,157,76,106,Cardio,22
38,197,57,178,Running,53
29,150,89,114,Running,34
38,187,61,126,Cycling,106
33,173,53,106,Cardio,13
30,158,69,168,Running,116
30,161,118,159,Running,59
21,162,84,114,Cycling,103
50,157,93,163,Cycling,113
30,187,60,159,HIIT,79
37,189,64,155,Running,91
24,181,85,114,HIIT,77
20,197,111,81,Yoga,60
18,160,99,156,Running,116
43,150,119,89,HIIT,33
40,183,66,82,Cardio,10
55,181,53,161,Running,62
36,158,56,88,Yoga,63
56,193,83,124,Strength,80
42,165,115,86,Cardio,67
51,154,73,146,Running,79
34,173,69,99,Yoga,42
18,161,50,151,Running,24
50,173,70,110,HIIT,28
59,160,116,114,HIIT,101
55,157,98,107,Cardio,75
18,170,92,96,Running,26
32,183,79,123,Yoga,54
40,168,109,168,Cycling,39
30,155,66,100,Strength,111
39,159,58,92,Cycling,99
56,175,50,99,HIIT,44
34,154,93,85,Strength,63
54,194,88,141,Strength,93
34,185,74,154,Strength,83
28,189,105,174,Cardio,100
22,176,68,149,Running,106
28,197,57,141,HIIT,25
44,175,114,93,Running,105
20,173,113,137,Yoga,86
34,172,116,139,Yoga,13
28,198,83,105,Cardio,90
59,174,98,102,Running,38
21,184,71,98,Running,97
53,194,108,105,HIIT,63
21,182,75,135,Cycling,76
18,174,102,103,Cardio,80
25,199,58,138,Cycling,21
43,168,106,178,Cycling,15
44,163,100,105,Cardio,99
57,199,96,98,Strength,10
44,195,57,175,Cardio,19
57,171,65,151,Running,74
55,186,93,131,HIIT,102
47,161,109,130,Yoga,30
44,155,109,155,Strength,75
56,197,60,125,Cardio,16
41,174,112,97,Running,66
32,151,102,88,HIIT,64
49,198,109,83,Running,15
27,171,61,82,Running,54
35,196,72,109,HIIT,25
44,195,76,171,Running,86
58,191,85,156,Cardio,54
40,170,114,137,Cardio,45
47,166,94,90,Cycling,33
33,197,87,136,Running,109
59,172,103,150,HIIT,56
58,151,119,82,Cardio,119
27,181,107,91,Cycling,105
28,194,107,167,Running,37
56,178,119,159,Strength,108
25,199,70,146,Cardio,109
53,168,55,98,HIIT,98
55,198,72,136,Cycling,17
24,161,109,137,HIIT,62
37,170,119,109,HIIT,83
32,198,100,142,Strength,52
57,183,100,174,Cycling,97
49,166,105,150,Cardio,91
36,195,56,141,Cardio,52
30,152,108,128,Yoga,18
49,195,105,136,Strength,30
23,160,76,94,Cardio,115
38,163,107,169,HIIT,74
30,163,88,172,Running,30
54,182,104,169,Yoga,16
48,198,106,158,Cardio,78
20,194,85,85,HIIT,15
44,175,95,102,Cycling,38
44,153,96,162,Yoga,79
43,186,104,96,Running,52
52,193,51,152,Cycling,98
40,173,74,143,Yoga,56
39,164,113,122,Running,11
48,167,109,178,Yoga,40
32,194,106,144,Cardio,106
21,174,85,99,Strength,39
33,169,61,142,HIIT,60
27,166,84,166,HIIT,38
57,150,57,103,Cardio,31
35,192,68,128,Yoga,70
23,170,64,114,Strength,55
26,161,66,133,Cycling,77
24,178,51,169,HIIT,16
42,195,74,82,Cycling,94
50,191,62,143,Cycling,14
35,177,85,172,HIIT,34
58,150,80,179,Cardio,33
36,199,85,106,Yoga,103
19,171,87,163,Yoga,24
36,186,88,149,Running,114
21,188,96,160,Running,80
34,164,63,102,Cardio,50
37,161,112,149,Yoga,93
55,187,53,138,Running,31
44,150,57,144,Running,11
43,197,67,83,Strength,54
46,169,66,135,Yoga,43
41,195,60,175,Cardio,29
19,192,86,162,Running,27
19,189,116,162,HIIT,94
59,164,102,97,Cardio,48
47,162,62,167,Cycling,37
27,157,69,127,Cycling,62
38,169,93,96,Cycling,73
44,158,86,149,Cycling,44
34,169,85,150,Cardio,17
23,165,82,101,Cycling,71
53,151,69,130,Running,58
49,178,110,107,Running,56
33,154,59,167,HIIT,34
35,196,114,82,HIIT,14
59,186,103,96,Running,48
40,162,101,115,Running,109
48,174,56,133,Running,96
35,184,92,175,Yoga,77
52,165,80,164,Cardio,20
39,192,69,155,HIIT,53
56,169,101,130,Running,89
59,190,97,95,Cycling,76
21,173,96,170,HIIT,73
49,172,91,105,Running,29
35,197,114,175,Cardio,84
50,194,54,92,Yoga,32
28,167,96,89,Yoga,59
37,168,102,126,Cycling,39
46,176,99,106,Strength,20
36,157,56,154,Cycling,47
45,178,74,96,Running,42
31,166,107,105,Yoga,55
47,151,114,106,Yoga,40
53,174,50,146,Yoga,115
59,192,93,156,Cycling,32
44,163,104,160,Cycling,48
59,154,101,159,Yoga,70
33,184,114,109,Yoga,11
51,169,107,89,Strength,97
35,155,76,90,Strength,66
56,184,91,147,Cardio,28
32,151,96,105,Cardio,22
22,179,82,86,Strength,11
37,165,62,160,Strength,88
48,183,75,144,Cycling,16
34,170,74,104,Yoga,85
53,199,82,88,Cycling,27
34,182,117,140,Yoga,95
38,167,111,147,Cardio,76
44,170,53,105,HIIT,112
24,198,68,133,Cardio,89
19,154,103,170,HIIT,78
20,171,99,84,HIIT,114
34,168,61,173,Strength,32
59,182,53,104,Running,37
54,179,62,154,Yoga,24
45,168,57,120,Cycling,99
20,173,79,135,Strength,81
28,150,92,111,Strength,22
58,175,53,139,Yoga,51
27,157,91,176,Strength,40
52,153,73,90,HIIT,85
39,177,52,145,Cardio,29
21,180,66,127,Cycling,55
49,173,85,117,Cardio,93
42,173,72,161,Yoga,93
18,152,102,155,Yoga,47
24,154,93,163,HIIT,38
37,155,85,130,Cardio,10
28,171,85,93,HIIT,91
27,193,115,105,Cardio,23
47,159,56,173,HIIT,116
35,186,63,89,Running,92
44,183,111,170,HIIT,21
37,190,77,110,Strength,90
58,174,62,167,Cycling,47
29,157,61,165,Cycling,61
37,164,86,135,Cycling,119
30,158,89,85,Running,21
40,163,93,163,Running,21
29,199,91,127,HIIT,50
24,160,61,174,Cardio,71
35,169,54,134,Yoga,13
41,176,84,174,Strength,52
27,150,78,142,Cardio,32
55,185,114,98,Yoga,20
56,183,57,159,Strength,69
50,162,87,111,Cycling,91
41,167,118,100,Cycling,54
51,158,66,107,Yoga,116
27,194,98,116,Cardio,20
51,182,113,81,Yoga,81
24,189,79,144,HIIT,27
44,164,70,125,Yoga,39
46,186,72,168,Yoga,111
48,171,114,156,Cardio,112
23,151,76,128,Cardio,19
49,180,101,147,HIIT,41
27,194,81,143,Yoga,33
52,156,65,88,Cycling,46
42,151,63,90,Strength,94
56,184,52,120,Yoga,90
31,165,72,126,Strength,76
31,158,84,167,Cardio,54
40,193,51,130,HIIT,37
49,175,111,155,Yoga,43
28,159,107,80,Running,98
25,158,56,112,Cardio,15
38,195,94,101,Running,102
31,159,58,115,Cardio,115
59,184,90,110,Running,47
44,193,60,126,HIIT,84
20,191,108,145,HIIT,97
56,158,80,109,Running,22
50,166,56,134,Cardio,63
19,177,81,85,HIIT,103
44,177,110,85,Cardio,61
32,164,58,160,Strength,50
19,152,81,81,Yoga,61
54,160,88,141,Strength,13
22,158,109,84,Cycling,35
40,185,80,134,Cardio,39
35,164,50,137,HIIT,28
24,175,79,150,Running,31
18,150,116,97,Cardio,114
21,152,97,88,Strength,34
40,168,119,175,Yoga,60
30,167,74,115,Cycling,98
19,198,100,156,Running,13
22,164,56,121,Cardio,26
30,188,111,172,Yoga,36
48,173,69,82,Strength,67
41,154,60,114,Strength,86
19,166,61,105,Cycling,66
36,174,91,102,Yoga,24
18,187,101,156,Strength,118
53,176,86,121,Yoga,85
51,176,83,150,Running,55
20,153,55,81,Yoga,96
31,153,74,81,HIIT,97
19,156,94,138,Running,79
54,192,72,130,HIIT,29
23,178,104,175,Cycling,90
32,184,113,86,Cycling,116
55,192,104,165,Strength,31
25,195,92,167,Strength,59
41,179,69,97,Running,66
46,156,90,121,Running,62
31,196,85,164,Cycling,52
33,169,65,117,Cycling,24
59,150,108,153,Cardio,68
34,182,78,108,Yoga,48
18,182,56,102,Yoga,115
18,177,100,140,Strength,71
46,170,98,172,Yoga,68
22,199,105,132,Cycling,69
52,168,67,141,HIIT,34
44,190,98,132,Cycling,88
50,193,79,102,Strength,85
39,185,63,160,Yoga,79
27,167,104,109,Cycling,118
21,181,96,153,Strength,36
20,193,65,155,Strength,34
32,155,116,178,Strength,21
55,172,56,118,HIIT,61
47,194,50,144,Yoga,45
46,179,91,126,HIIT,39
26,165,104,151,Strength,45
49,153,115,143,Running,61
24,193,86,162,HIIT,24
49,171,52,172,Cycling,118
44,171,97,123,Strength,70
45,163,108,150,Cardio,50
49,174,87,92,Running,82
22,159,59,155,Cardio,92
20,166,115,91,Cycling,27
21,195,74,146,Yoga,105
47,160,86,139,HIIT,100
52,157,83,179,Cardio,118
35,155,114,91,Running,16
30,181,108,140,Yoga,117
40,168,58,176,Cycling,42
22,199,73,153,Cycling,90
58,162,94,139,Yoga,111
41,194,88,154,Running,14
51,195,53,80,Cardio,83
44,151,60,157,Running,95
29,198,99,161,Cardio,32
42,195,67,134,Yoga,21
30,189,98,172,Strength,51
31,174,92,171,Running,118
40,155,111,129,Cycling,116
38,167,73,115,Yoga,109
29,192,78,157,Cardio,52
26,172,99,117,Yoga,114
39,181,59,157,Running,98
40,195,108,116,Strength,14
55,192,95,164,Yoga,54
33,199,117,123,Yoga,20
52,184,54,90,Cardio,98
41,194,108,159,Strength,116
19,193,54,97,HIIT,97
32,175,66,136,Cycling,73
31,152,103,87,Strength,71
55,198,116,131,Cardio,119
50,183,111,158,Cycling,57
29,157,75,166,Running,73
51,159,79,101,Yoga,113
49,177,100,100,HIIT,26
46,187,56,118,HIIT,119
32,159,99,132,Strength,98
37,153,53,98,Yoga,17
49,160,69,117,Strength,112
37,196,55,90,HIIT,98
28,176,73,133,Cardio,57
18,154,119,169,Cardio,119
51,175,90,99,HIIT,61
24,161,104,118,HIIT,87
35,179,116,126,Strength,31
41,156,78,149,Cycling,94
30,157,76,167,Yoga,50
29,155,88,81,HIIT,100
41,182,53,136,Cardio,69
56,193,106,148,Running,20
55,166,102,147,HIIT,63
57,194,90,129,Strength,12
44,164,93,154,Strength,32
38,157,80,142,Cycling,115
44,160,67,109,Yoga,16
46,153,80,80,Cycling,81
32,173,56,159,Running,28
53,188,83,111,Yoga,63
29,151,100,164,HIIT,70
23,190,62,100,Running,68
54,188,54,99,Cycling,105
40,185,67,164,Cycling,32
44,164,56,142,Cycling,59
22,167,115,161,Running,48
22,169,112,104,Running,68
54,157,88,178,Yoga,40
23,173,80,87,Running,84
56,188,116,142,Cycling,44
35,180,71,110,Strength,42
29,166,70,152,Strength,49
50,151,104,167,Strength,65
40,154,76,87,Running,18
19,166,86,120,HIIT,68
29,188,76,81,Cardio,108
42,154,106,83,Cardio,26
23,170,71,154,HIIT,48
44,181,91,137,Cycling,66
30,160,62,146,HIIT,108
45,152,50,130,Cycling,26
26,152,71,179,HIIT,73
42,154,119,89,Yoga,22
55,160,117,156,Cycling,24
25,152,78,176,Running,34
28,159,110,103,Cycling,63
26,195,98,144,Strength,23
41,194,80,127,Cycling,51
36,173,96,87,Running,114
44,192,64,172,Strength,79
24,160,116,143,Cycling,79
25,190,66,128,HIIT,25
58,157,97,179,Running,50
39,184,91,98,Strength,35
47,160,80,86,Yoga,111
42,197,65,149,Running,43
57,177,53,161,Running,62
55,187,115,136,Cardio,89
51,153,95,159,Running,16
59,156,57,120,Strength,69
41,173,82,152,HIIT,22
20,191,84,140,HIIT,85
32,189,107,111,HIIT,60
45,198,105,146,Cycling,67
52,189,108,176,Strength,20
25,154,99,123,HIIT,113
57,176,83,145,Cycling,77
26,158,86,114,Strength,35
55,153,99,166,Strength,86
33,170,93,88,Yoga,23
37,186,54,143,Running,76
35,179,68,163,HIIT,115
29,162,98,123,Running,93
49,171,54,131,Yoga,40
23,178,92,120,Cardio,72
19,164,79,104,Strength,84
43,198,119,177,Cycling,21
29,182,98,131,Cycling,101
52,156,116,148,Yoga,70
29,166,91,137,Cardio,21
51,180,110,112,Cardio,59
47,178,70,124,Yoga,53
33,182,79,141,Yoga,104
46,172,74,171,Cycling,51
47,187,111,176,Cycling,14
35,151,51,109,HIIT,63
28,175,89,102,Cycling,48
35,173,107,106,HIIT,93
37,183,92,118,Cardio,60
40,175,78,131,Yoga,80
50,181,107,94,Cardio,14
34,174,65,153,Cycling,80
50,171,67,172,Running,83
44,174,114,128,Yoga,23
45,179,65,112,Yoga,60
42,151,117,149,HIIT,68
54,180,111,105,Strength,61
47,164,107,101,Cycling,83
59,170,82,174,Cardio,65
43,155,109,115,Cycling,21
33,169,90,95,Cycling,49
20,183,119,122,HIIT,33
40,198,50,85,Cardio,95
33,180,105,101,Strength,60
29,184,90,157,Strength,59
18,163,65,155,Yoga,59
56,163,92,147,Cardio,94
40,198,107,96,Cardio,33
21,158,117,172,Cycling,17
42,155,96,99,Cardio,74
28,175,116,104,Yoga,99
59,195,78,179,Strength,56
25,173,97,103,Yoga,61
48,167,54,102,Cardio,36
41,163,82,94,Running,26
53,196,62,171,Cycling,100
18,192,82,113,Cycling,16
55,198,51,157,HIIT,101
47,174,116,141,Strength,10
21,164,73,157,HIIT,38
57,162,88,143,Running,11
32,178,79,123,Yoga,72
26,181,66,81,Cardio,44
54,163,93,150,Cycling,62
26,175,112,134,Strength,34
24,156,92,136,Running,14
44,191,102,114,HIIT,24
55,166,101,162,Cardio,110
49,165,83,164,Cardio,24
53,155,102,89,Running,35
39,171,106,172,Yoga,38
56,164,108,176,Strength,55
38,166,57,102,Strength,21
31,196,96,176,Strength,68
32,191,62,102,Cycling,46
28,168,95,111,Running,79
25,198,103,177,Cycling,59
37,186,94,155,Cycling,35
46,183,110,157,HIIT,23
48,150,70,103,Cardio,41
39,180,79,80,Cardio,96
48,158,53,127,Running,12
34,162,56,178,Cycling,105
21,163,102,126,Yoga,42
33,192,111,160,Cycling,81
54,164,88,121,Running,33
29,151,101,134,HIIT,54
41,167,115,156,HIIT,103
49,155,51,141,Yoga,11
26,173,83,136,Running,26
47,163,56,145,HIIT,97
47,164,82,133,Cardio,28
55,156,102,163,Strength,31
36,160,64,109,Yoga,23
24,185,117,92,Cardio,60
20,195,105,161,Strength,115
42,187,86,157,Cardio,92
27,186,71,173,Cardio,15
28,182,84,161,Strength,10
45,163,112,121,Cycling,79
55,167,85,146,HIIT,75
22,183,75,168,Yoga,115
21,150,117,159,Running,29
39,164,77,150,Cycling,109
35,159,51,84,Cycling,64
30,151,87,93,Running,33
29,182,78,84,Running,12
25,166,104,136,HIIT,17
49,176,73,114,Cardio,15
30,181,114,145,Yoga,69
50,191,79,145,Strength,89
39,183,111,113,HIIT,37
42,190,88,127,Running,38
26,190,57,146,Cardio,92
19,150,101,114,Strength,38
46,161,114,121,Strength,71
42,163,79,115,Strength,81
34,197,73,171,Cardio,117
53,155,61,99,Strength,72
46,159,62,152,Yoga,72
23,184,63,143,HIIT,21
20,199,94,97,HIIT,118
58,179,103,111,Running,84
50,196,70,93,Cardio,44
36,169,101,92,Cycling,119
38,195,81,176,Cycling,13
34,166,59,130,HIIT,118
51,185,114,151,Strength,65
54,185,51,110,HIIT,58
34,164,96,147,Running,43
30,195,66,175,Cycling,24
39,163,76,97,Cardio,100
28,169,114,143,Strength,61
21,158,93,107,Strength,63
53,181,110,102,Running,68
21,156,99,119,Strength,53
33,193,107,117,Cycling,41
34,179,109,146,HIIT,85
49,181,110,104,HIIT,115
46,180,105,127,Running,117
44,157,100,156,Yoga,44
49,196,57,92,Yoga,25
44,192,113,170,Strength,108
27,184,109,140,Cardio,64
18,199,75,111,HIIT,46
48,185,106,157,Strength,106
53,159,91,151,Running,77
22,190,119,144,Cycling,41
44,190,93,179,Yoga,108
39,152,59,143,HIIT,52
55,189,55,160,HIIT,73
27,199,64,137,Running,47
51,162,58,91,Strength,50
45,151,100,122,Yoga,95
57,151,97,114,Running,104
23,186,61,80,Cardio,18
54,178,118,109,Yoga,93
38,199,59,129,Yoga,73
35,188,54,127,Yoga,38
29,194,52,110,Running,100
29,193,105,173,Running,101
26,192,98,154,HIIT,39
30,186,110,141,Yoga,94
40,183,106,127,Cycling,22
19,192,73,133,Cardio,62
34,182,52,101,Cardio,105
27,173,116,85,HIIT,102
26,177,85,164,HIIT,115
20,157,117,179,HIIT,20
37,179,119,95,Cycling,115
44,164,111,145,Yoga,108
49,162,63,151,Yoga,39
21,152,56,137,Cardio,20
25,170,112,140,Strength,104
46,184,94,153,Strength,75
56,170,71,163,Strength,64
56,152,69,174,Cardio,109
19,179,60,178,Running,79
54,159,116,158,HIIT,119
51,165,92,98,Yoga,17
38,172,65,173,HIIT,31
38,162,119,150,Cycling,106
23,194,105,177,Strength,114
49,170,83,150,Cardio,113
29,197,87,132,Running,27
46,158,97,177,Running,12
30,166,87,151,Cycling,64
29,160,75,88,Cycling,68
22,187,107,117,Strength,83
40,195,58,132,Yoga,47
23,180,65,88,Yoga,119
54,184,70,142,HIIT,66
58,172,119,81,Cardio,113
56,160,88,158,HIIT,51
26,172,119,152,Running,102
30,194,99,151,Cardio,41
32,187,91,89,Strength,27
49,174,90,167,Yoga,15
50,180,82,170,Running,114
25,171,116,109,Running,18
34,197,66,127,Strength,101
47,196,67,172,Strength,36
41,197,91,155,Strength,23
19,184,72,114,Running,70
31,165,109,90,HIIT,10
33,156,62,129,Yoga,90
40,154,92,130,Yoga,10
29,188,64,80,Cycling,46
35,172,52,108,Yoga,114
47,190,72,84,HIIT,48
52,164,100,120,Cycling,84
38,162,62,179,Cycling,104
44,192,51,97,Running,46
22,194,51,105,HIIT,51
49,195,91,110,Yoga,78
34,189,83,142,Strength,20
46,194,51,165,Strength,12
33,165,84,159,Running,119
25,177,104,101,Cardio,71
37,158,91,176,Cycling,111
59,189,59,100,Running,93
44,172,76,163,Running,86
42,156,116,121,HIIT,35
56,157,87,96,Strength,80
29,159,50,84,HIIT,116
39,197,65,124,HIIT,88
31,166,99,132,Running,70
22,167,62,83,HIIT,54
47,173,72,100,Running,45
32,186,85,105,HIIT,63
24,152,83,171,Cardio,41
59,174,71,109,Strength,17
34,180,60,166,Strength,118
55,172,117,172,HIIT,64
40,199,100,108,Cardio,11
38,154,67,84,Yoga,70
24,185,66,99,Strength,36
32,199,77,84,HIIT,40
54,150,119,94,Cycling,38
30,158,102,177,Cardio,29
18,157,71,93,Strength,75
53,194,105,169,Running,78
43,156,64,138,HIIT,96
47,166,85,133,Cycling,43
25,160,87,147,HIIT,78
46,155,52,172,Strength,48
58,151,62,82,Strength,60
32,179,93,173,Running,29
31,161,56,108,Cycling,44
39,195,63,163,Cycling,10
32,170,105,143,Running,16
43,161,103,89,Yoga,74
37,187,96,99,Cycling,62
28,191,101,116,Cardio,60
59,164,72,102,Cycling,50
49,172,54,149,Strength,101
41,172,85,94,Strength,58
48,160,58,176,HIIT,65
31,185,82,112,Yoga,16
58,175,73,122,Cardio,62
55,185,87,88,Cycling,40
43,189,51,138,Running,92
33,188,51,178,Yoga,82
25,187,102,173,Running,84
47,179,101,174,Yoga,12
56,181,70,85,HIIT,89
47,157,116,177,Running,74
20,166,62,88,HIIT,61
50,199,110,115,HIIT,77
29,194,52,144,Running,27
44,171,118,151,Running,81
24,187,56,117,Strength,42
43,171,117,91,Running,111
23,163,55,150,Cardio,15
57,178,114,101,Yoga,16
43,161,78,131,Running,23
46,187,95,161,Strength,90
23,198,113,153,Cardio,106
46,174,106,102,HIIT,117
53,153,88,175,Cardio,11
50,162,118,141,Running,98
52,196,106,86,Cycling,104
56,164,68,93,Cycling,58
34,162,97,112,Running,94
35,150,77,138,Yoga,41
58,153,64,163,Strength,89
24,172,93,91,HIIT,89
27,182,98,118,Yoga,85
21,184,110,150,HIIT,46
23,165,103,121,Yoga,20
36,199,52,147,Yoga,109
28,177,112,126,Cycling,87
32,199,74,135,Strength,62
57,177,110,175,Cycling,86
29,175,56,153,Cycling,47
34,152,64,112,Strength,92
50,181,73,85,Yoga,98
26,153,101,108,Yoga,22
28,192,52,105,HIIT,105
58,151,118,143,Strength,93
33,162,53,91,Running,58
58,158,60,160,Cardio,66
21,185,73,108,HIIT,111
53,180,116,156,Yoga,90
39,157,82,119,HIIT,42
44,151,61,124,Cardio,93
59,170,69,80,Cycling,92
37,195,99,178,Running,33
58,150,117,82,Cycling,46
20,185,113,103,Yoga,17
39,187,111,161,HIIT,67
39,179,61,142,Running,75
33,192,77,107,Cycling,84
19,174,110,137,HIIT,66
32,158,58,164,Cardio,83
32,194,67,138,HIIT,36
44,157,100,97,Strength,68
37,184,91,136,Cardio,48
33,167,53,145,HIIT,10
49,175,90,177,Cycling,98
44,188,53,145,Cardio,110
37,162,98,106,Yoga,27
34,191,102,147,HIIT,23
41,165,79,125,Running,44
29,176,64,170,Running,20
45,165,78,88,Cycling,40
39,178,51,170,Running,44
41,157,95,106,Yoga,54
30,194,96,155,Strength,73
54,186,95,135,HIIT,88
57,154,65,165,Yoga,71
43,192,98,139,Yoga,33
38,171,78,137,Cardio,98
28,186,110,124,Yoga,116
58,185,66,124,Cardio,86
33,186,92,171,HIIT,98
34,156,88,174,HIIT,113
45,180,97,164,Cardio,15
28,164,67,120,Yoga,47
26,190,116,141,Running,64
24,168,56,90,Running,25
22,154,100,102,Running,87
42,162,101,90,Strength,18
42,185,60,87,Cardio,48
30,191,56,84,Yoga,57
30,170,110,150,Cardio,112
30,173,114,178,Yoga,68
41,160,115,122,Cardio,17
38,181,53,98,Strength,95
58,156,69,84,Yoga,100
20,164,91,146,HIIT,47
44,194,55,157,Yoga,26
57,176,96,155,Running,52
29,196,84,157,Strength,116
20,174,115,103,Yoga,114
59,161,119,81,HIIT,63
57,167,108,160,Strength,41
51,157,106,148,Yoga,15
35,191,56,134,HIIT,21
47,160,91,163,Yoga,113
36,150,82,129,Cycling,50
53,162,64,143,Running,113
44,195,75,95,Cardio,22
38,192,116,119,Strength,68
20,198,100,160,Cycling,75
24,194,53,138,Cardio,86
26,181,97,166,Running,90
29,174,107,105,HIIT,22
47,153,115,85,Yoga,78
40,155,52,98,HIIT,10
21,154,66,176,Running,34
52,167,74,98,Cardio,87
55,184,91,174,Running,36
59,159,93,178,Cycling,22
47,173,106,169,Cycling,105
55,150,59,164,HIIT,25
50,155,69,127,Running,21
54,179,96,179,Cardio,119
49,180,114,123,Cardio,34
58,160,85,175,Cycling,65
24,179,108,101,Running,114
18,197,81,139,Yoga,49
49,155,70,161,HIIT,111
50,199,74,162,HIIT,10
36,177,73,159,HIIT,73
40,163,58,142,Cardio,99
27,189,100,152,Strength,64
44,167,82,101,Yoga,62
58,190,72,115,HIIT,28
29,177,111,95,Strength,85
52,158,70,172,HIIT,34
27,179,102,123,Strength,88
37,183,81,81,Cardio,103
49,165,90,91,Cycling,28
53,159,97,148,HIIT,119
46,151,79,89,Cardio,31
56,175,56,164,Cycling,44
46,164,102,150,Strength,17
45,194,105,136,Strength,16
34,167,114,102,HIIT,55
19,155,64,166,Strength,50
22,154,76,103,Yoga,47
43,186,78,82,HIIT,17
49,193,92,146,HIIT,25
26,181,51,117,Strength,102
49,187,90,152,Running,13
22,174,60,134,Cycling,107
57,187,84,166,HIIT,80
40,174,71,178,Running,19
23,178,102,142,Cardio,23
30,180,84,98,HIIT,118
42,185,61,151,Yoga,85
47,194,107,131,Yoga,28
54,184,81,123,Strength,76
51,192,112,129,HIIT,26
53,166,58,127,HIIT,33
36,196,86,150,HIIT,105
28,162,81,169,Cycling,33
35,190,89,151,Cardio,86
58,158,95,100,Cardio,48
30,196,57,112,Cardio,59
19,180,90,160,Strength,98
43,170,62,105,Cycling,21
27,170,89,159,HIIT,58
25,168,74,93,Yoga,31
39,182,88,118,Cardio,79
51,154,64,132,HIIT,19
38,196,98,125,Yoga,14
51,185,52,173,Yoga,38
23,183,114,171,Running,84
38,196,88,138,Yoga,36
18,170,89,95,Strength,10
59,163,106,160,Yoga,66
50,170,76,167,Yoga,10
21,192,67,178,Running,98
40,155,112,93,Yoga,43
56,165,56,103,Yoga,23
48,176,95,107,HIIT,84
59,177,69,103,Running,74
50,188,114,167,Running,86
38,167,102,133,Cardio,95
19,182,111,118,Cycling,74
56,159,56,164,Yoga,105
46,195,57,160,Yoga,54
43,162,60,158,HIIT,56
37,156,82,157,Yoga,15
32,185,64,153,Yoga,26
54,178,109,137,Strength,115
37,178,88,164,Cardio,101
42,174,103,179,Cycling,88
41,153,117,149,Yoga,93
30,154,112,91,Strength,49
55,166,76,110,Running,41
49,176,61,177,Cycling,115
18,196,101,161,Strength,80
34,174,98,89,HIIT,53
20,164,97,168,Yoga,79
35,194,100,113,Cycling,92
28,170,73,122,Strength,111
56,162,53,179,Cycling,47
18,168,78,103,Strength,98
57,162,75,123,Strength,90
29,165,102,114,Yoga,45
59,152,92,104,Yoga,49
27,193,82,139,HIIT,93
55,190,63,104,Strength,40
42,199,80,97,Yoga,115
29,197,74,158,HIIT,59
30,162,66,169,Yoga,102
36,166,87,121,Yoga,24
44,154,78,107,Cardio,97
29,192,112,148,Cardio,38
27,153,71,173,Running,40
23,187,110,99,Cycling,36
43,174,103,129,Cardio,106
42,188,102,157,Running,89
34,187,61,93,Cycling,103
51,172,71,137,Cycling,19
56,166,64,163,Running,80
58,166,79,153,Yoga,14
22,165,109,81,Yoga,65
30,156,68,109,Running,13
23,154,105,95,HIIT,63
45,158,106,108,HIIT,50
50,166,68,175,Strength,22
25,173,117,105,HIIT,74
31,166,90,171,HIIT,118
46,177,105,91,Cardio,118
58,182,95,110,Strength,31
38,152,71,139,HIIT,68
48,151,66,96,Yoga,73
29,169,65,158,Strength,59
42,160,104,86,Running,56
31,188,74,94,Yoga,102
24,160,53,95,Running,77
24,188,74,141,Cycling,83
40,186,83,137,Cardio,12
53,157,106,136,HIIT,41
31,173,110,150,Yoga,75
29,187,53,95,Cardio,42
27,177,113,175,Cycling,119
40,196,72,110,Strength,57
57,194,116,101,Cycling,33
20,170,83,97,Yoga,74
29,190,56,176,Yoga,38
44,156,119,143,Strength,59
32,175,119,165,Cycling,22
45,183,106,175,Cardio,23
52,177,100,179,HIIT,91
50,199,99,128,Running,64
18,183,79,106,Strength,39
25,156,75,115,HIIT,52
29,154,100,142,Cardio,18
43,192,64,142,Running,113
26,172,58,100,Yoga,103
19,152,62,132,Yoga,41
31,181,62,96,Cardio,101
38,182,100,129,Yoga,41
28,176,54,118,Cardio,28
58,170,115,99,Running,81
41,167,86,94,HIIT,65
38,155,77,161,Yoga,99
35,161,119,162,HIIT,68
52,183,107,144,Running,29
35,186,97,103,HIIT,18
24,152,101,81,HIIT,37
30,177,72,179,Running,66
35,180,107,114,Running,23
28,172,63,158,Strength,79
30,197,51,139,HIIT,115
27,184,100,116,HIIT,28
40,196,113,140,HIIT,63
45,158,62,127,Strength,111
41,182,96,107,Running,104
29,192,78,131,Cardio,47
46,166,117,95,HIIT,44
36,187,98,122,HIIT,112
58,192,101,84,Running,73
19,177,73,113,HIIT,50
51,168,64,163,Cardio,49
38,153,88,110,Cycling,50
20,153,86,153,Strength,115
56,166,61,102,Cycling,114
20,199,101,124,Cycling,62
52,196,59,176,Yoga,22
30,156,106,174,Cardio,26
27,154,55,137,HIIT,106
36,199,61,171,Cardio,31
27,171,70,165,Strength,28
31,172,86,126,Yoga,24
44,161,50,158,Strength,40
25,173,58,163,Strength,79
41,161,115,176,Strength,69
59,168,53,178,Running,54
50,156,77,92,Strength,11
59,172,100,113,Yoga,40
37,184,70,128,Strength,26
49,189,106,146,Cycling,65
22,181,71,136,Strength,75
55,173,64,133,Strength,90
46,196,58,130,HIIT,110
53,171,108,173,HIIT,44
31,158,69,139,Cycling,106
28,170,58,116,Strength,43
49,181,60,98,Cardio,74
40,173,55,149,Yoga,11
21,161,67,100,Yoga,87
33,192,119,169,Yoga,58
41,153,51,134,Yoga,27
32,177,77,154,Cycling,69
49,175,76,159,HIIT,18
55,184,61,160,Strength,48
46,161,98,161,Strength,34
37,195,56,147,Cycling,43
55,189,65,94,HIIT,36
36,170,91,172,HIIT,60
22,165,95,149,Strength,81
39,165,57,116,Cycling,28
52,174,61,173,Running,47
25,167,115,82,Cycling,33
40,198,72,132,Cycling,111
20,183,75,103,Strength,46
41,175,95,110,Cardio,48
32,170,96,138,Cardio,91
58,171,61,112,Yoga,104
23,166,50,110,Running,76
38,193,96,93,HIIT,56
46,192,84,127,Yoga,113
45,154,92,121,Strength,57
34,174,55,146,Strength,26
50,183,96,123,Strength,95
50,167,54,175,Cardio,72
34,183,71,97,HIIT,68
35,180,114,107,Cycling,79
52,197,83,148,Cycling,54
24,188,89,104,HIIT,20
25,198,71,174,Strength,77
20,197,117,139,Yoga,118
40,160,84,160,Running,17
56,169,67,120,HIIT,84
18,190,106,142,Running,100
24,167,55,95,HIIT,45
52,185,91,162,Yoga,33
57,189,63,107,Yoga,81
55,154,84,144,Strength,16
53,189,73,110,Cycling,62
23,177,95,137,Strength,10
19,182,71,138,Running,46
51,198,86,140,Yoga,92
40,173,99,146,Cardio,90
39,161,102,168,Strength,14
48,155,68,100,Cardio,107
48,150,50,142,Cardio,37
38,163,112,94,Cardio,113
43,156,71,104,Cardio,21
43,151,78,117,Yoga,43
22,156,81,115,Cycling,31
21,189,85,119,Strength,38
26,182,60,123,Yoga,109
44,159,52,179,Cardio,81
22,177,84,106,Yoga,22
33,179,85,137,Yoga,76
41,179,67,117,Strength,69
56,164,74,149,Strength,36
42,180,79,141,HIIT,102
46,160,82,92,Strength,28
25,184,97,178,Yoga,67
31,166,85,89,HIIT,57
19,194,85,106,Yoga,44
23,189,66,173,Cardio,88
47,177,63,156,Strength,22
34,155,69,169,HIIT,37
31,152,110,97,Yoga,98
50,160,91,137,Cycling,54
44,198,109,153,Yoga,29
52,164,57,175,Cycling,116
56,170,88,142,Cardio,14
44,181,60,172,Yoga,96
49,150,103,120,Cycling,92
21,174,78,136,HIIT,97
24,192,75,155,Cardio,105
26,179,94,101,HIIT,37
36,170,99,143,Yoga,93
34,194,70,139,Running,17
23,186,87,131,Strength,35
20,180,53,88,Running,55
45,179,87,127,Running,116
25,162,84,136,Strength,11
23,179,54,170,Running,57
47,173,104,84,Yoga,20
23,164,86,148,Running,83
43,182,70,87,Yoga,29
46,158,103,122,Strength,92
49,165,92,165,Strength,78
48,159,96,101,HIIT,31
38,199,73,157,Cardio,52
51,195,81,87,Strength,59
33,195,73,96,Cycling,95
29,174,76,84,Cardio,84
44,197,66,114,Strength,60
26,173,116,176,Strength,44
30,170,52,95,Cycling,53
54,172,102,102,Cardio,19
41,164,93,106,Cycling,53
30,174,108,150,Cardio,106
56,154,75,166,Cycling,68
53,165,69,118,Cycling,46
39,179,79,139,HIIT,10
58,165,91,173,HIIT,105
27,198,51,138,Cycling,14
38,166,72,88,Cardio,71
39,155,98,168,Yoga,97
23,191,107,121,Cycling,25
57,185,82,175,Cycling,53
56,184,67,169,Yoga,107
51,174,79,98,Cardio,106
33,194,110,111,Yoga,30
25,152,96,95,Cycling,36
20,177,80,100,Running,62
30,182,67,161,Running,97
42,171,63,87,HIIT,64
20,160,115,121,Running,73
25,186,83,80,Cycling,65
45,187,91,163,HIIT,55
40,196,94,132,Strength,42
46,178,96,179,Running,106
30,174,62,112,Yoga,115
40,193,115,85,Running,16
18,179,53,121,Strength,65
19,160,105,143,Strength,19
39,151,58,89,Strength,111
23,151,98,125,Yoga,107
37,192,95,178,Strength,82
31,156,78,105,HIIT,20
47,179,111,154,Cycling,22
29,169,50,101,Yoga,34
49,159,102,171,Cycling,118
26,152,89,100,Cardio,90
20,195,89,128,Cycling,46
53,171,88,97,Cycling,115
19,152,74,127,Cardio,11
47,165,78,150,HIIT,24
28,192,57,98,HIIT,18
50,180,102,177,Cycling,117
40,168,53,93,Cardio,58
36,197,93,142,Yoga,86
44,184,116,124,Yoga,110
21,184,88,166,Cycling,50
54,199,69,145,HIIT,54
36,182,72,167,Running,68
51,159,51,97,Cycling,52
35,152,72,99,Yoga,15
29,173,118,155,Cycling,19
22,190,66,155,Cycling,118
55,161,93,134,Strength,83
32,182,105,90,Strength,25
35,194,74,121,Cycling,33
48,156,65,145,HIIT,14
19,174,71,143,Yoga,59
45,196,92,87,Running,16
20,184,55,169,Strength,73
47,150,81,107,Running,100
49,180,112,97,Cardio,77
37,196,97,115,Yoga,25
51,167,119,116,Yoga,10
20,173,73,80,Yoga,79
32,172,90,80,Yoga,21
43,177,52,92,Yoga,94
19,175,101,95,Running,19
22,154,102,168,Cardio,22
25,153,101,81,Cycling,25
37,168,101,170,Running,25
45,166,80,177,Yoga,113
38,169,75,138,Cycling,103
28,166,75,80,HIIT,15
50,166,113,114,HIIT,71
32,194,77,112,HIIT,101
52,186,107,89,Yoga,80
44,189,67,164,Cycling,106
57,165,115,136,Cardio,85
31,198,67,141,Yoga,23
48,157,111,82,Strength,115
36,159,99,95,Cardio,22
50,163,86,148,Cycling,58
26,150,91,103,Cardio,34
34,191,85,154,HIIT,36
20,168,89,125,Running,27
54,154,85,172,Running,14
23,165,112,137,Strength,70
25,192,105,95,HIIT,118
29,198,99,108,Yoga,97
33,169,73,174,Running,47
33,150,74,162,Strength,79
30,193,73,115,HIIT,94
26,162,103,139,Running,12
39,187,119,166,HIIT,33
21,181,75,116,Strength,35
52,159,68,139,HIIT,116
33,178,91,112,HIIT,64
29,187,107,157,Cardio,36
48,185,77,119,Yoga,83
33,174,67,114,Strength,22
34,153,89,160,Strength,72
28,166,74,109,Yoga,88
54,154,109,101,Cardio,73
41,178,72,123,HIIT,50
39,190,111,93,HIIT,45
50,154,55,133,Running,15
46,192,76,124,Running,110
55,166,105,143,Running,33
36,181,92,124,HIIT,59
51,189,75,131,Strength,62
30,154,117,145,Cardio,39
58,183,81,145,Yoga,113
25,173,113,112,Cardio,34
47,199,86,145,Running,31
59,196,96,170,HIIT,15
59,192,79,109,Yoga,28
20,155,119,121,Strength,87
43,160,99,134,Yoga,38
57,155,108,136,Strength,104
27,168,59,83,Cycling,86
55,157,111,87,HIIT,31
32,189,75,134,Cycling,94
30,180,57,114,Cycling,90
59,171,87,140,HIIT,17
31,167,71,97,Cycling,25
53,196,111,134,Strength,40
42,181,115,134,Cycling,101
36,181,99,98,HIIT,89
46,174,73,93,Running,74
29,154,100,80,Cycling,58
31,162,54,129,Strength,21
22,176,113,143,Running,63
46,171,104,139,Yoga,13
19,195,95,84,Cardio,72
29,180,67,131,Running,100
32,159,91,130,Running,19
52,165,89,88,Running,64
42,185,88,153,Cycling,13
22,171,113,178,Cycling,13
58,167,103,167,Yoga,21
58,179,83,162,Strength,36
18,185,106,115,Cycling,97
33,151,118,153,Strength,65
35,166,119,100,HIIT,83
27,159,76,129,Yoga,78
48,178,58,138,Running,14
52,173,56,89,Strength,29
21,154,62,170,Strength,95
24,190,117,128,HIIT,107
23,190,89,149,Cardio,103
47,183,82,169,Running,63
35,162,68,125,Yoga,113
34,176,64,166,HIIT,50
22,173,68,159,Yoga,22
29,158,94,160,Cardio,119
23,191,104,169,Running,26
29,196,95,98,Cardio,42
44,155,97,165,HIIT,119
22,185,58,157,Yoga,71
58,165,90,88,Strength,103
26,165,77,120,Running,62
41,153,75,149,Yoga,108
28,159,73,171,Cycling,52
50,153,82,144,HIIT,115
24,181,93,160,Cycling,82
40,165,114,89,Cardio,65
22,190,52,165,Cycling,21
22,192,116,100,Cycling,44
30,197,81,90,HIIT,89
37,194,51,118,HIIT,91
32,171,112,81,Yoga,55
31,153,78,166,HIIT,61
49,168,55,175,Cardio,72
54,183,94,86,Cardio,87
37,151,119,99,Running,106
29,178,59,131,HIIT,52
25,150,116,159,Strength,100
44,178,99,149,Strength,27
43,188,75,84,HIIT,110
57,188,118,157,Cardio,52
23,157,55,138,Running,109
32,180,54,80,Strength,27
26,181,103,107,Yoga,81
52,169,112,80,Cycling,74
42,169,87,176,HIIT,42
28,154,112,171,Yoga,43
56,154,50,154,Strength,86
49,195,117,96,HIIT,57
33,166,67,127,Yoga,25
57,152,56,138,Cycling,63
48,194,71,129,Yoga,85
53,161,55,110,Cardio,36
35,186,88,91,Cardio,101
57,153,97,148,Cycling,117
41,156,111,137,Running,12
40,199,75,144,Running,36
19,188,94,121,Strength,77
49,164,68,104,HIIT,79
26,163,115,80,Running,12
55,154,113,86,Cardio,15
45,193,90,110,HIIT,104
26,172,111,94,Running,97
41,170,89,100,Yoga,97
55,192,85,97,HIIT,31
37,179,117,100,HIIT,43
31,183,56,130,Running,39
50,155,109,93,Running,63
42,172,56,159,Yoga,112
38,159,83,151,Cardio,107
52,196,112,154,Yoga,110
37,154,56,131,Cycling,102
36,193,100,168,Running,87
31,193,110,84,Yoga,111
24,192,56,139,Cardio,62
28,158,77,126,Cycling,13
45,158,71,165,Running,68
25,182,119,142,Running,30
45,190,85,166,Cycling,86
23,194,109,142,Cardio,85
27,190,111,102,Strength,40
23,156,113,164,Cardio,75
35,198,114,86,Yoga,110
28,183,81,105,Cycling,60
39,166,109,104,HIIT,57
32,162,96,106,HIIT,75
41,157,59,153,Cycling,63
47,178,61,145,Cycling,70
57,176,91,85,Yoga,118
44,178,51,89,HIIT,113
49,184,57,131,Cardio,48
56,171,119,133,HIIT,104
36,183,87,167,Running,93
55,158,116,81,Yoga,115
41,198,68,108,Running,86
57,190,104,125,Yoga,95
41,175,103,151,Strength,23
19,169,97,101,Yoga,54
25,163,89,96,HIIT,55
49,150,98,118,Cycling,102
25,192,75,103,HIIT,47
54,186,108,152,Running,113
50,168,105,162,Yoga,107
45,177,81,147,Running,39
42,189,79,116,Running,91
53,157,101,80,Cardio,52
38,155,105,169,Yoga,65
56,152,77,147,Running,109
52,159,94,96,Yoga,96
52,150,84,81,Running,65
55,197,60,98,Strength,33
41,154,108,114,Yoga,14
51,156,109,156,Yoga,65
40,171,97,162,Running,58
28,195,86,176,HIIT,91
24,185,79,128,Cardio,22
38,190,94,107,Cardio,96
28,180,113,118,Strength,51
54,158,75,94,Cycling,25
59,175,109,106,Yoga,22
44,156,56,156,HIIT,36
55,195,67,146,Strength,45
59,196,54,175,Cardio,96
31,168,69,144,Strength,78
37,159,81,123,Yoga,118
20,161,113,161,HIIT,99
44,157,58,96,Running,82
45,152,92,83,Strength,86
46,190,101,98,Strength,83
33,169,56,159,Strength,114
35,171,117,99,Cycling,50
58,160,106,146,HIIT,33
31,169,67,169,Strength,80
31,160,61,90,Cardio,38
36,169,82,134,Running,114
23,189,92,169,HIIT,28
24,175,67,146,Cycling,28
37,164,110,176,Strength,41
53,164,102,99,Cardio,91
42,188,98,158,Running,16
55,193,84,94,Cardio,89
33,175,72,124,Running,83
22,163,66,139,Cardio,109
27,176,119,178,Cycling,38
36,187,68,169,Yoga,101
56,182,101,120,HIIT,77
25,158,77,135,Strength,112
53,177,55,119,Cardio,63
52,188,54,169,Running,105
37,156,76,127,Cardio,19
46,164,102,117,Yoga,47
23,160,92,156,Running,96
55,154,113,86,HIIT,110
30,165,88,117,Running,42
32,156,95,87,HIIT,61
54,180,78,154,HIIT,47
50,161,103,124,HIIT,87
29,160,65,136,Strength,11
25,162,61,87,HIIT,54
28,160,115,157,Cardio,49
34,186,70,137,Yoga,91
45,199,61,107,Cardio,49
22,165,81,164,Strength,44
32,180,86,124,Cycling,30
59,194,63,106,Cycling,33
36,175,68,132,Running,94
42,150,83,118,Cardio,97
48,156,93,156,Cardio,33
34,158,64,169,Yoga,53
20,158,108,132,HIIT,83
27,198,93,177,Strength,59
50,196,93,112,Cycling,86
45,188,101,88,HIIT,104
37,198,76,95,Running,32
48,192,73,140,Strength,36
21,175,53,130,Cardio,63
33,184,96,174,Yoga,21
49,195,118,176,Cycling,81
41,166,88,153,Yoga,40
46,175,79,173,Running,34
28,167,59,164,Running,13
24,171,80,80,HIIT,106
41,160,89,84,Cycling,69
41,168,107,87,Cycling,33
18,150,86,108,Cycling,69
59,171,92,93,Cycling,101
51,151,114,137,Yoga,17
45,185,98,147,Strength,103
50,186,53,165,Cycling,92
40,191,93,150,Cycling,62
43,194,59,133,Cardio,75
18,187,117,148,HIIT,70
58,178,109,177,HIIT,56
29,175,99,158,Running,50
45,179,98,169,Strength,58
32,154,56,157,Running,14
55,189,86,174,Strength,22
20,190,82,108,Running,83
56,151,66,115,Cardio,118
21,159,67,170,Yoga,41
22,161,91,135,Cardio,32
23,160,53,168,HIIT,73
51,153,117,103,Yoga,32
50,153,56,130,Running,117
43,190,112,147,Yoga,82
49,161,65,174,HIIT,113
40,152,108,170,Cardio,92
43,164,50,119,Yoga,12
40,163,98,116,Strength,95
49,161,68,124,Yoga,69
51,173,102,106,Strength,92
54,193,85,120,HIIT,12
59,166,72,170,Strength,40
57,152,114,103,Strength,54
55,156,113,119,Running,12
24,178,51,114,Cycling,84
57,170,102,115,Cycling,65
44,153,93,144,Yoga,107
41,166,61,102,Strength,51
26,172,89,114,Cycling,32
22,191,61,85,Running,35
36,174,60,133,HIIT,15
44,160,71,80,HIIT,79
18,189,105,122,Strength,66
51,165,102,113,Yoga,20
41,167,51,157,Running,25
44,152,54,111,Strength,46
47,174,113,123,Running,54
32,172,87,95,Running,24
43,165,80,142,Cardio,30
29,190,84,168,HIIT,112
29,173,53,133,Strength,64
59,166,82,92,Cardio,115
41,154,91,100,Cycling,93
25,152,71,165,Yoga,81
54,151,114,157,HIIT,20
45,171,61,149,Running,74
26,185,59,168,Cardio,29
20,191,100,111,Yoga,22
30,159,68,102,Cardio,109
58,194,78,107,Cardio,119
58,165,107,172,Strength,68
43,193,54,130,HIIT,53
41,170,94,97,Cycling,113
25,195,91,113,Cycling,61
28,184,100,161,HIIT,62
46,152,64,87,Cardio,28
52,162,113,137,Cardio,44
26,194,78,164,Cardio,49
49,193,76,95,HIIT,25
29,158,83,116,Strength,64
20,176,63,150,HIIT,30
19,162,66,130,Running,69
25,155,93,89,Cardio,57
27,187,63,151,Cycling,26
37,150,52,159,Yoga,102
20,198,54,148,Cardio,97
43,196,77,130,Strength,30
24,196,70,169,Strength,102
38,156,114,151,Yoga,84
22,158,111,170,HIIT,89
34,174,89,95,Cardio,98
48,192,71,170,Cycling,97
56,169,76,141,Yoga,74
43,199,115,117,Running,89
47,187,50,116,Cardio,18
38,157,72,110,Cycling,83
50,179,86,152,Strength,51
32,175,78,140,Running,93
44,180,53,139,Cycling,97
41,176,67,170,Cycling,75
35,186,68,164,Yoga,42
30,175,71,104,HIIT,99
51,195,80,81,Running,59
49,196,99,131,Running,113
37,176,90,138,Yoga,40
43,197,107,163,Yoga,87
21,171,66,177,Running,68
32,155,107,120,Running,52
26,198,83,161,Strength,95
45,194,103,178,Yoga,41
51,164,119,83,Yoga,84
41,159,117,119,Cycling,68
27,188,50,113,Cardio,101
52,183,73,100,Yoga,109
54,152,53,112,Strength,106
26,195,70,109,Cycling,36
31,193,63,148,Running,85
52,152,92,123,Strength,71
21,170,52,151,HIIT,51
57,158,57,162,Running,100
25,178,91,120,Strength,26
53,176,51,166,Running,52
57,155,65,126,Running,68
45,188,88,88,Cycling,91
24,194,106,119,Cycling,104
44,166,87,114,HIIT,109
28,190,109,121,Cycling,80
59,192,92,169,Strength,64
59,166,111,86,Cycling,18
22,153,72,124,HIIT,97
32,198,61,112,Strength,13
36,163,92,137,HIIT,96
34,158,79,86,Yoga,43
50,181,81,129,Cardio,82
28,178,75,160,Cycling,27
37,175,87,105,HIIT,92
33,190,87,128,Running,78
38,198,65,165,HIIT,61
54,187,70,101,HIIT,109
29,174,105,140,Running,60
22,176,106,134,Running,90
21,154,75,156,Running,30
49,158,76,133,Cardio,99
38,178,72,145,Yoga,99
48,173,115,157,Running,113
53,181,90,134,Running,46
53,197,78,172,Strength,103
28,188,62,100,Cycling,61
37,154,78,100,Running,90
55,174,74,169,Yoga,107
58,184,90,101,Yoga,101
39,152,106,96,Cycling,119
55,179,104,93,HIIT,36
44,189,73,80,Running,41
58,199,71,93,Yoga,22
43,151,105,90,Strength,80
24,176,103,80,Running,51
29,184,113,153,Strength,21
48,150,89,165,Yoga,63
20,180,103,147,Yoga,43
49,197,78,122,Strength,11
33,179,63,106,Strength,28
34,174,105,87,Strength,94
30,161,117,101,Strength,111
44,182,111,125,Yoga,70
27,199,119,146,Cardio,76
46,184,67,171,HIIT,27
25,192,64,85,Cardio,74
58,191,68,149,Running,113
58,199,55,86,Cycling,105
29,165,85,119,HIIT,20
58,196,103,167,Strength,113
34,158,81,148,Yoga,39
34,194,92,85,Cardio,29
26,191,115,86,Running,108
23,159,116,171,Cycling,25
38,176,89,97,Yoga,119
27,167,92,119,HIIT,45
19,166,105,103,Cycling,60
27,158,104,106,Yoga,109
38,188,101,93,Yoga,16
45,167,104,86,Cycling,68
59,184,66,171,Yoga,18
22,196,50,153,Yoga,48
38,178,85,108,Yoga,92
35,187,93,131,Running,60
43,182,108,155,Running,17
47,169,110,151,Running,48
55,176,67,87,Cardio,40
31,160,85,100,Strength,114
37,185,118,113,Strength,88
22,182,74,120,Running,108
30,160,65,167,Running,90
41,154,95,140,Cardio,114
47,155,105,150,Running,11
27,178,58,121,Strength,47
56,160,68,134,Running,46
53,160,57,173,Cardio,52
42,188,108,144,Cardio,87
22,189,94,125,Cardio,51
18,181,76,97,HIIT,49
40,197,84,86,Strength,67
35,177,94,156,Strength,71
52,161,66,135,Cardio,99
29,195,93,169,HIIT,73
20,157,79,93,Yoga,96
22,159,56,137,Cardio,59
43,155,51,81,Cycling,15
34,180,93,132,HIIT,29
42,183,74,110,Yoga,92
21,195,101,94,Strength,85
34,183,96,122,Running,35
56,193,115,87,Cycling,61
58,185,66,157,Running,18
47,172,58,113,HIIT,96
21,162,101,116,Strength,22
52,172,100,127,Running,36
19,163,78,124,HIIT,111
36,152,50,92,Yoga,76
49,180,87,168,Cardio,102
23,192,104,137,Yoga,23
18,153,108,87,Strength,53
35,185,119,157,Strength,94
55,195,60,156,HIIT,91
41,185,112,98,Yoga,39
35,180,105,91,Cycling,54
46,179,55,129,Cycling,110
42,154,57,166,Cardio,79
34,151,65,159,Cycling,63
45,189,96,134,Running,58
51,166,84,125,Strength,82
44,153,82,80,Cycling,92
59,175,105,115,Yoga,25
52,190,65,162,Yoga,95
31,190,62,84,Strength,35
37,185,90,94,Cycling,54
43,160,87,176,HIIT,23
40,153,92,176,Strength,33
29,190,86,83,HIIT,27
29,181,93,169,Running,17
21,195,61,98,Strength,50
30,176,101,152,Yoga,24
18,193,65,120,Running,42
31,192,87,111,Cycling,11
36,165,71,110,Cycling,116
27,155,96,99,Cycling,73
50,167,101,127,Strength,109
37,163,89,141,Strength,34
23,199,63,88,Yoga,62
38,193,115,157,Running,86
48,186,78,131,HIIT,50
35,152,85,85,Yoga,111
30,160,109,140,HIIT,106
38,155,69,90,Running,61
19,168,83,117,Cycling,98
18,163,100,166,Cardio,84
35,181,115,81,Cardio,54
55,181,52,133,Running,13
58,157,107,142,Strength,115
39,189,95,133,Running,42
58,199,114,123,Running,37
55,157,58,154,Running,115
55,152,106,163,Running,35
32,169,97,110,Running,73
44,172,72,106,Cardio,47
42,162,90,99,Cycling,71
59,174,90,80,Running,108
50,165,107,103,Running,117
59,161,69,129,Cardio,86
59,161,77,173,Yoga,61
51,152,72,154,Running,71
34,159,94,161,Yoga,60
50,184,91,150,HIIT,102
25,196,86,134,Running,70
40,177,62,80,Strength,92
29,157,72,113,Cardio,69
23,155,51,110,Yoga,103
18,190,68,122,Cardio,56
55,189,77,158,Running,44
40,173,98,97,Yoga,45
53,176,94,134,Strength,77
55,177,65,141,Cycling,109
32,186,56,165,Running,47
56,155,87,175,Yoga,27
37,155,112,175,HIIT,35
56,162,109,163,Running,74
29,166,70,128,Yoga,29
18,150,60,103,Strength,12
33,174,99,139,Cardio,97
35,161,114,109,Running,114
45,191,51,135,Running,50
35,152,118,174,Cardio,108
55,191,110,109,Strength,45
36,169,71,166,HIIT,112
28,158,52,97,Cycling,70
51,153,55,132,Running,28
50,155,77,150,Cardio,32
55,185,79,143,Cardio,10
57,153,59,91,Cycling,90
41,199,105,91,Cycling,43
47,199,103,136,Cycling,13
20,184,119,173,Running,15
19,172,96,139,Yoga,20
52,163,95,86,Yoga,100
40,190,57,178,Cycling,112
29,167,57,161,HIIT,29
23,169,112,83,Cardio,87
51,187,108,157,Running,84
38,168,89,152,Cycling,87
47,177,97,83,HIIT,101
49,194,76,104,HIIT,12
44,180,59,143,HIIT,64
27,150,106,132,Running,82
32,183,68,139,HIIT,33
47,180,67,177,Yoga,91
35,155,94,165,Running,77
43,158,69,112,Cycling,100
21,192,96,97,Cardio,24
22,167,89,108,Strength,119
59,178,77,124,Running,17
31,182,89,99,Yoga,22
40,168,92,159,Strength,18
57,166,56,145,Cycling,73
38,175,51,92,HIIT,119
30,171,79,136,Cycling,84
41,184,95,171,Running,60
30,166,75,119,Strength,58
30,192,85,80,Cycling,43
49,169,83,92,Yoga,96
46,187,117,167,Running,103
44,162,115,163,HIIT,97
23,150,108,152,Running,98
24,160,112,114,Cycling,37
58,162,74,91,Strength,93
26,159,74,124,Strength,24
44,166,87,176,HIIT,65
21,190,50,103,Cycling,15
32,167,87,157,HIIT,23
29,176,117,118,Running,69
32,192,100,115,HIIT,50
47,157,59,97,Yoga,87
45,186,81,112,HIIT,11
31,198,89,163,Cardio,113
59,168,88,119,Cycling,82
36,177,109,173,Yoga,113
36,158,117,135,HIIT,33
56,170,71,109,Cardio,84
24,173,81,118,Running,105
42,150,93,166,Cardio,31
51,189,53,106,HIIT,34
26,159,95,150,HIIT,45
36,173,52,133,Cycling,118
59,196,103,95,Strength,90
44,184,88,91,HIIT,115
48,156,111,147,Strength,66
56,152,69,136,HIIT,78
25,197,106,126,Cycling,81
23,151,65,166,Strength,95
44,154,115,178,HIIT,17
47,161,109,172,HIIT,64
55,164,84,144,Strength,79
50,166,93,164,Cycling,90
20,165,51,104,HIIT,63
54,186,60,158,Strength,85
40,173,114,138,Yoga,30
32,183,50,176,Cardio,55
22,184,113,107,Cardio,42
30,188,58,152,Running,111
59,186,56,132,Running,28
22,184,65,104,Running,58
18,175,101,103,Cardio,85
43,165,58,138,Cardio,70
52,196,100,106,HIIT,84
49,163,60,140,Strength,47
33,193,116,109,Cardio,103
43,182,79,99,Cycling,71
59,173,63,95,Running,16
41,181,93,89,Running,23
22,155,67,133,Strength,41
58,175,78,106,Cardio,88
54,196,92,86,Cardio,75
57,151,90,99,HIIT,47
38,165,80,179,HIIT,30
32,161,60,179,Running,105
46,161,67,107,HIIT,40
31,176,62,179,Cycling,31
52,156,77,93,Strength,29
50,198,57,92,Strength,14
25,166,86,158,Strength,72
26,167,62,157,Cycling,102
23,180,66,98,Strength,62
20,187,97,139,Strength,90
23,178,104,138,Running,37
24,156,75,91,Cycling,77
59,187,93,170,HIIT,36
55,172,117,129,Yoga,105
59,184,63,115,HIIT,68
40,150,101,105,Cardio,35
49,156,83,80,Strength,101
36,172,111,100,Yoga,24
44,166,111,104,Strength,20
25,187,108,163,Cycling,96
31,176,116,168,Cycling,118
27,153,103,135,Cycling,118
34,193,80,97,Running,75
45,155,70,82,Strength,21
41,176,100,81,Cardio,61
23,153,119,144,Running,119
43,181,113,118,Running,12
40,192,62,101,Yoga,24
53,186,51,92,HIIT,56
41,173,65,138,Strength,14
47,152,53,110,Strength,105
24,154,61,101,HIIT,112
26,193,95,179,HIIT,21
49,190,80,102,Yoga,44
28,160,97,105,Cycling,74
33,161,96,139,Cardio,47
18,184,104,88,Strength,97
23,169,107,176,Cycling,45
21,176,111,143,Strength,50
29,164,63,132,Strength,107
20,155,50,156,Running,15
54,153,115,110,Cardio,96
35,164,108,165,Cycling,41
36,190,111,82,Running,118
57,186,78,121,Strength,73
18,166,53,149,Cycling,28
59,161,68,125,Strength,96
24,196,78,96,Running,78
34,186,61,161,Cycling,50
52,166,102,82,Cycling,53
36,193,61,89,Cardio,67
58,180,86,81,Cycling,16
44,174,54,162,Yoga,87
38,165,50,177,Cycling,117
40,177,111,110,Running,106
48,191,56,137,Cycling,110
48,180,106,169,HIIT,83
53,170,78,91,Yoga,74
23,167,113,170,Cardio,103
49,182,100,155,Cardio,69
29,151,79,134,Running,33
27,164,52,147,Cycling,27
20,192,70,167,HIIT,11
36,195,113,163,Running,56
55,183,101,161,Running,15
42,190,52,101,Cardio,72
30,178,60,93,HIIT,99
59,192,52,165,HIIT,46
54,157,118,109,Running,40
22,193,73,102,Strength,97
31,154,68,139,Running,70
31,183,109,117,Running,10
18,191,54,102,Strength,57
18,158,67,107,Running,92
46,199,55,124,Running,104
46,172,74,103,Cycling,102
22,173,70,140,Running,51
22,199,109,171,HIIT,69
36,181,113,168,Yoga,107
50,162,80,118,Running,83
22,158,83,98,HIIT,44
43,187,98,129,Cardio,67
49,155,63,93,Strength,85
19,199,83,171,Running,105
39,195,93,112,Running,40
43,187,71,103,Cardio,16
47,190,58,153,HIIT,95
44,174,93,160,Yoga,102
36,194,69,171,HIIT,65
19,177,82,161,Cycling,116
49,175,97,146,Cardio,44
54,158,115,125,Running,107
18,187,106,176,HIIT,56
54,167,84,143,Cardio,115
20,161,107,110,Cycling,112
51,156,56,124,Running,40
48,156,88,141,Strength,35
47,163,118,94,Cycling,74
20,190,76,92,Yoga,17
32,178,117,122,HIIT,62
41,176,79,114,Cardio,34
22,170,50,97,Running,45
26,153,113,171,HIIT,77
39,190,113,97,HIIT,62
33,190,90,130,Cycling,16
37,167,57,85,Strength,52
44,177,83,163,Strength,62
51,176,118,105,Strength,62
52,171,70,87,Cycling,76
41,179,107,122,HIIT,69
30,151,108,167,Cycling,97
30,174,80,144,Cycling,41
30,151,56,156,Cycling,47
21,158,105,134,Cardio,86
22,168,79,125,Strength,29
42,194,82,173,Cardio,95
51,177,64,170,Strength,10
51,180,77,107,Running,51
38,183,67,143,Cycling,40
52,184,85,165,HIIT,31
57,151,66,133,Strength,49
55,175,69,124,Cardio,88
50,163,59,81,Yoga,99
30,182,112,121,Cycling,45
58,191,54,122,Cycling,42
40,176,66,119,Running,93
48,170,116,163,Running,105
34,192,91,122,Cycling,76
43,199,50,80,Yoga,102
51,178,55,166,Yoga,38
58,158,102,124,Yoga,61
56,174,112,171,Yoga,105
41,152,106,175,Cycling,115
22,199,107,118,Strength,42
27,151,83,134,Strength,11
38,168,82,130,Strength,107
43,164,66,127,Cycling,100
23,173,79,101,Strength,111
19,160,65,91,HIIT,66
52,171,105,165,HIIT,72
52,162,118,116,Cardio,50
33,167,73,105,Strength,97
57,160,74,119,Cardio,53
28,161,72,177,Cardio,42
33,160,112,125,Cardio,20
45,171,110,155,HIIT,118
25,166,67,167,Running,31
27,166,81,146,HIIT,22
57,165,73,104,Running,88
57,185,58,108,Cardio,118
27,184,94,159,Yoga,85
32,172,54,83,HIIT,117
32,183,86,139,Yoga,106
22,196,64,152,HIIT,62
54,175,85,143,Running,27
47,197,94,139,Strength,24
55,187,70,127,Strength,93
27,179,118,150,Strength,52
20,152,115,127,Cardio,30
54,172,77,88,Cycling,104
53,188,90,144,Cardio,90
34,160,50,170,Running,16
51,194,84,136,Cycling,27
45,162,87,95,Strength,30
25,162,78,155,Cardio,114
28,188,104,166,Cycling,118
40,190,50,167,Cycling,94
21,156,71,137,HIIT,28
55,198,73,107,HIIT,78
48,156,74,103,Cardio,89
22,187,105,104,Cardio,59
51,195,82,149,Cycling,16
46,160,117,108,Cardio,111
40,197,110,128,Running,23
56,167,80,175,HIIT,57
42,169,105,138,Yoga,65
56,164,103,134,Yoga,60
21,170,61,98,Yoga,42
29,168,118,148,Cardio,66
26,159,93,105,HIIT,117
19,174,95,145,HIIT,12
37,175,61,82,HIIT,24
44,176,57,84,Strength,105
27,154,74,173,Strength,30
48,152,111,152,Strength,103
30,175,59,159,Cycling,115
24,189,59,161,Yoga,25
40,166,107,149,Yoga,20
46,174,96,101,Cardio,34
27,168,108,84,Running,104
20,157,53,147,HIIT,54
50,160,106,149,HIIT,19
53,150,102,167,Cycling,28
38,182,75,100,Running,47
24,190,72,85,Cardio,117
22,182,75,172,Cycling,46
32,199,100,121,HIIT,55
29,184,107,168,Running,109
53,157,62,114,HIIT,35
23,198,82,113,Cardio,19
23,176,61,111,Cycling,112
27,171,53,94,Cardio,84
51,196,71,112,Yoga,69
45,188,75,170,Cycling,44
39,171,85,152,Cycling,78
25,179,62,88,HIIT,115
28,169,88,175,Cycling,18
42,150,109,80,Yoga,60
25,166,107,103,HIIT,63
52,199,91,107,HIIT,34
28,173,51,88,Running,55
32,164,91,91,Running,43
25,177,101,88,Strength,52
46,150,68,140,Yoga,57
18,169,117,150,Running,91
38,161,117,80,Cycling,89
41,152,101,99,Strength,98
20,173,59,160,Yoga,95
29,171,71,170,HIIT,83
47,183,75,114,Running,89
52,170,97,102,HIIT,28
47,186,88,126,HIIT,56